ncm,anuente,descricao,obrigatorio
01,MAPA,Animais vivos.,sim
01,DECEX,Animais vivos.,sim
02,MAPA,"Carnes e miudezas, comestíveis.",sim
02,DECEX,"Carnes e miudezas, comestíveis.",sim
03,DECEX,"Peixes e crustáceos, moluscos e outros invertebrados aquáticos.",sim
03,MAPA,"Peixes e crustáceos, moluscos e outros invertebrados aquáticos.",sim
04,DECEX,"Leite e lacticínios; ovos de aves; mel natural; produtos comestíveis de origem animal, não especificados nem compreendidos noutros Capítulos.",sim
05,DECEX,"Outros produtos de origem animal, não especificados nem compreendidos noutros Capítulos.",sim
05,MAPA,"Outros produtos de origem animal, não especificados nem compreendidos noutros Capítulos.",sim
06,DECEX,Plantas vivas e produtos de floricultura.,sim
06,MAPA,Plantas vivas e produtos de floricultura.,sim
07,MAPA,"Produtos hortícolas, plantas, raízes e tubérculos, comestíveis.",sim
07,DECEX,"Produtos hortícolas, plantas, raízes e tubérculos, comestíveis.",sim
08,MAPA,Fruta; cascas de citros (citrinos*) e de melões.,sim
08,DECEX,Fruta; cascas de citros (citrinos*) e de melões.,sim
09,DECEX,"Café, chá, mate e especiarias.",sim
09,MAPA,"Café, chá, mate e especiarias.",sim
10,DECEX,Cereais.,sim
10,MAPA,Cereais.,sim
11,DECEX,Produtos da indústria de moagem; malte; amidos e féculas; inulina; glúten de trigo.,sim
11,MAPA,Produtos da indústria de moagem; malte; amidos e féculas; inulina; glúten de trigo.,sim
11,ANVISA,Produtos da indústria de moagem; malte; amidos e féculas; inulina; glúten de trigo.,sim
12,DECEX,"Sementes e frutos oleaginosos; grãos, sementes e frutos diversos; plantas industriais ou medicinais; palhas e forragens.",sim
13,DECEX,"Gomas, resinas e outros sucos e extratos vegetais.",sim
14,DECEX,"Matérias para entrançar e outros produtos de origem vegetal, não especificados nem compreendidos noutros Capítulos.",sim
14,MAPA,"Matérias para entrançar e outros produtos de origem vegetal, não especificados nem compreendidos noutros Capítulos.",sim
15,DECEX,Gorduras e óleos animais ou vegetais; produtos da sua dissociação; gorduras alimentícias elaboradas; ceras de origem animal ou vegetal.,sim
16,MAPA,"PREPARAÇÕES DE CARNE, PEIXES, CRUSTÁCEOS, MOLUSCOS, OUTROS INVERTEBRADOS AQUÁTICOS OU DE INSETOS.",sim
16,DECEX,"Preparações de carne, de peixes ou de crustáceos, de moluscos ou de outros invertebrados aquáticos.",sim
17,DECEX,Açúcares e produtos de confeitaria.,sim
17,ANVISA,Açúcares e produtos de confeitaria.,sim
18,DECEX,Cacau e suas preparações.,sim
18,MAPA,Cacau e suas preparações.,sim
19,DECEX,"Preparações à base de cereais, farinhas, amidos, féculas ou leite; produtos de pastelaria.",sim
19,ANVISA,"Preparações à base de cereais, farinhas, amidos, féculas ou leite; produtos de pastelaria.",sim
20,DECEX,"Preparações de produtos hortícolas, fruta ou de outras partes de plantas.",sim
20,ANVISA,"PREPARAÇÕES DE PRODUTOS HORTÍCOLAS, FRUTA OU DE OUTRAS PARTES DE PLANTAS.",sim
21,DECEX,Preparações alimentícias diversas.,sim
21,ANVISA,PREPARAÇÕES ALIMENTÍCIAS DIVERSAS.,sim
22,DECEX,"Bebidas, líquidos alcoólicos e vinagres.",sim
23,MAPA,Resíduos e desperdícios das indústrias alimentares; alimentos preparados para animais.,sim
23,DECEX,Resíduos e desperdícios das indústrias alimentares; alimentos preparados para animais.,sim
24,DECEX,Tabaco e seus sucedâneos manufaturados.,sim
24,MAPA,Tabaco e seus sucedâneos manufaturados.,sim
25,DECEX,"Sal; enxofre; terras e pedras; gesso, cal e cimento.",sim
26,DECEX,"Minérios, escórias e cinzas.",sim
27,DECEX,"Combustíveis minerais, óleos minerais e produtos da sua destilação; matérias betuminosas; ceras minerais.",sim
28,DECEX,"Produtos químicos inorgânicos; compostos inorgânicos ou orgânicos de metais preciosos, de elementos radioativos, de metais das terras raras ou de isótopos.",sim
28,IBAMA,"Produtos químicos inorgânicos; compostos inorgânicos ou orgânicos de metais preciosos, de elementos radioativos, de metais das terras raras ou de isótopos.",sim
29,DECEX,Produtos químicos orgânicos.,sim
29,IBAMA,PRODUTOS QUÍMICOS ORGÂNICOS.,sim
30,DECEX,Produtos farmacêuticos.,sim
31,DECEX,Adubos (fertilizantes).,sim
32,DECEX,Extratos tanantes e tintoriais; taninos e seus derivados; pigmentos e outras matérias corantes; tintas e vernizes; mástiques; tintas de escrever.,sim
33,DECEX,Óleos essenciais e resinoides; produtos de perfumaria ou de toucador preparados e preparações cosméticas.,sim
33,IBAMA,Óleos essenciais e resinoides; produtos de perfumaria ou de toucador preparados e preparações cosméticas.,sim
34,DECEX,"Sabões, agentes orgânicos de superfície, preparações para lavagem, preparações lubrificantes, ceras artificiais, ceras preparadas, produtos de conservação e limpeza, velas e artigos semelhantes, massas ou pastas para modelar, ceras para dentistas"" e composições para dentistas à base de gesso.""",sim
35,DECEX,Matérias albuminoides; produtos à base de amidos ou de féculas modificados; colas; enzimas.,sim
36,DECEX,Pólvoras e explosivos; artigos de pirotecnia; fósforos; ligas pirofóricas; matérias inflamáveis.,sim
37,DECEX,Produtos para fotografia e cinematografia.,sim
38,DECEX,Produtos diversos das indústrias químicas.,sim
39,DECEX,Plástico e suas obras.,sim
40,DECEX,Borracha e suas obras.,sim
41,DECEX,"Peles, exceto as peles com pelo, e couros.",sim
41,MAPA,"Peles, exceto as peles com pelo, e couros.",sim
41,IBAMA,"Peles, exceto as peles com pelo, e couros.",sim
42,DECEX,"Obras de couro; artigos de correeiro ou de seleiro; artigos de viagem, bolsas e artigos semelhantes; obras de tripa.",sim
42,IBAMA,"Obras de couro; artigos de correeiro ou de seleiro; artigos de viagem, bolsas e artigos semelhantes; obras de tripa.",sim
43,DECEX,Peles com pelo e suas obras; peles com pelo artificiais.,sim
43,MAPA,Peles com pelo e suas obras; peles com pelo artificiais.,sim
43,IBAMA,Peles com pelo e suas obras; peles com pelo artificiais.,sim
44,DECEX,"Madeira, carvão vegetal e obras de madeira.",sim
45,DECEX,Cortiça e suas obras.,sim
46,DECEX,Obras de espartaria ou de cestaria.,sim
46,MAPA,Obras de espartaria ou de cestaria.,sim
47,DECEX,Pastas de madeira ou de outras matérias fibrosas celulósicas; papel ou cartão para reciclar (desperdícios e aparas).,sim
48,DECEX,"Papel e cartão; obras de pasta de celulose, de papel ou de cartão.",sim
49,DECEX,"Livros, jornais, gravuras e outros produtos das indústrias gráficas; textos manuscritos ou datilografados, planos e plantas.",sim
50,DECEX,Seda.,sim
51,DECEX,"Lã, pelos finos ou grosseiros; fios e tecidos de crina.",sim
51,MAPA,"Lã, pelos finos ou grosseiros; fios e tecidos de crina.",sim
52,DECEX,Algodão.,sim
53,DECEX,Outras fibras têxteis vegetais; fios de papel e tecidos de fios de papel.,sim
54,DECEX,Filamentos sintéticos ou artificiais; lâminas e formas semelhantes de matérias têxteis sintéticas ou artificiais.,sim
55,DECEX,"Fibras sintéticas ou artificiais, descontínuas.",sim
56,DECEX,"Pastas (ouates), feltros e falsos tecidos; fios especiais; cordéis, cordas e cabos; artigos de cordoaria.",sim
57,DECEX,"Tapetes e outros revestimentos para pisos (pavimentos), de matérias têxteis.",sim
58,DECEX,Tecidos especiais; tecidos tufados; rendas; tapeçarias; passamanarias; bordados.,sim
59,DECEX,"Tecidos impregnados, revestidos, recobertos ou estratificados; artigos para usos técnicos de matérias têxteis.",sim
60,DECEX,Tecidos de malha.,sim
61,DECEX,"Vestuário e seus acessórios, de malha.",sim
62,DECEX,"Vestuário e seus acessórios, exceto de malha.",sim
63,DECEX,"Outros artigos têxteis confeccionados; sortidos; artigos de matérias têxteis e artigos de uso semelhante, usados; trapos.",sim
64,DECEX,"Calçado, polainas e artigos semelhantes; suas partes.",sim
64,IBAMA,"Calçado, polainas e artigos semelhantes; suas partes.",sim
65,DECEX,"Chapéus e artigos de uso semelhante, e suas partes.",sim
65,IBAMA,"Chapéus e artigos de uso semelhante, e suas partes.",sim
66,DECEX,"Guarda-chuvas, sombrinhas, guarda-sóis, bengalas, bengalas-assentos, chicotes, pingalins, e suas partes.",sim
67,DECEX,Penas e penugem preparadas e suas obras; flores artificiais; obras de cabelo.,sim
67,IBAMA,Penas e penugem preparadas e suas obras; flores artificiais; obras de cabelo.,sim
68,DECEX,"Obras de pedra, gesso, cimento, amianto, mica ou de matérias semelhantes.",sim
69,DECEX,Produtos cerâmicos.,sim
70,DECEX,Vidro e suas obras.,sim
71,DECEX,"Pérolas naturais ou cultivadas, pedras preciosas ou semipreciosas e semelhantes, metais preciosos, metais folheados ou chapeados de metais preciosos (plaquê), e suas obras; bijuterias; moedas.",sim
72,DECEX,"Ferro fundido, ferro e aço.",sim
73,DECEX,"Obras de ferro fundido, ferro ou aço.",sim
74,DECEX,Cobre e suas obras.,sim
75,DECEX,Níquel e suas obras.,sim
76,DECEX,Alumínio e suas obras.,sim
78,DECEX,Chumbo e suas obras.,sim
79,DECEX,Zinco e suas obras.,sim
80,DECEX,Estanho e suas obras.,sim
81,DECEX,Outros metais comuns; cermets; obras dessas matérias.,sim
82,DECEX,"Ferramentas, artigos de cutelaria e talheres, e suas partes, de metais comuns.",sim
83,DECEX,Obras diversas de metais comuns.,sim
84,DECEX,"Reatores nucleares, caldeiras, máquinas, aparelhos e instrumentos mecânicos, e suas partes.",sim
85,DECEX,"Máquinas, aparelhos e materiais elétricos, e suas partes; aparelhos de gravação ou de reprodução de som, aparelhos de gravação ou de reprodução de imagens e de som em televisão, e suas partes e acessórios.",sim
86,DECEX,"Veículos e material para vias férreas ou semelhantes, e suas partes; aparelhos mecânicos (incluindo os eletromecânicos) de sinalização para vias de comunicação.",sim
87,DECEX,"Veículos automóveis, tratores, ciclos e outros veículos terrestres, suas partes e acessórios.",sim
88,IBAMA,"Aeronaves e aparelhos espaciais, e suas partes.",sim
89,DECEX,Embarcações e estruturas flutuantes.,sim
89,IBAMA,Embarcações e estruturas flutuantes.,sim
90,DECEX,"Instrumentos e aparelhos de óptica, de fotografia, de cinematografia, de medida, de controle ou de precisão; instrumentos e aparelhos médico-cirúrgicos; suas partes e acessórios.",sim
91,DECEX,Artigos de relojoaria.,sim
92,DECEX,Instrumentos musicais; suas partes e acessórios.,sim
93,DECEX,Armas e munições; suas partes e acessórios.,sim
94,DECEX,"Móveis; mobiliário médico-cirúrgico; colchões, almofadas e semelhantes; aparelhos de iluminação não especificados nem compreendidos noutros Capítulos; anúncios, cartazes ou tabuletas e placas indicadoras, luminosos e artigos semelhantes; construções pré-fabricadas.",sim
95,DECEX,"Brinquedos, jogos, artigos para divertimento ou para esporte; suas partes e acessórios.",sim
96,DECEX,Obras diversas.,sim
0101,IBAMA,"Cavalos, asininos e muares, vivos.",sim
0103,IBAMA,Animais vivos da espécie suína.,sim
0104,IBAMA,Animais vivos das espécies ovina e caprina.,sim
0208,MAPA,"Outras carnes e miudezas comestíveis, frescas, refrigeradas ou congeladas.",sim
0210,MAPA,"Carnes e miudezas, comestíveis, salgadas ou em salmoura, secas ou defumadas (fumadas); farinhas e pós, comestíveis, de carnes ou de miudezas.",sim
0301,MAPA,Peixes vivos.,sim
0401,MAPA,"Leite e creme de leite (nata*), não concentrados nem adicionados de açúcar ou de outros edulcorantes.",sim
0402,MAPA,"Leite e creme de leite (nata*), concentrados ou adicionados de açúcar ou de outros edulcorantes.",sim
0403,MAPA,"Leitelho, leite e creme de leite (nata*) coalhados, iogurte, quefir e outros leites e cremes de leite (natas*) fermentados ou acidificados, mesmo concentrados ou adicionados de açúcar ou de outros edulcorantes, ou aromatizados ou adicionados de fruta ou de cacau.",sim
0404,MAPA,"Soro de leite, mesmo concentrado ou adicionado de açúcar ou de outros edulcorantes; produtos constituídos por componentes naturais do leite, mesmo adicionados de açúcar ou de outros edulcorantes, não especificados nem compreendidos noutras posições.",sim
0405,MAPA,Manteiga e outras matérias gordas provenientes do leite; pasta de espalhar (barrar) de produtos provenientes do leite.,sim
0406,MAPA,Queijos e requeijão.,sim
0408,MAPA,"Ovos de aves, sem casca, e gemas de ovos, frescos, secos, cozidos em água ou vapor, moldados, congelados ou conservados de outro modo, mesmo adicionados de açúcar ou de outros edulcorantes.",sim
0506,IBAMA,"Ossos e núcleos córneos, em bruto, desengordurados ou simplesmente preparados (mas não cortados sob forma determinada), acidulados ou degelatinados; pós e desperdícios destas matérias.",sim
0710,ANVISA,"Produtos hortícolas, não cozidos ou cozidos em água ou vapor, congelados.",sim
0711,ANVISA,"PRODUTOS HORTÍCOLAS CONSERVADOS TRANSITORIAMENTE, MAS I",sim
0712,ANVISA,"PRODUTOS HORTÍCOLAS SECOS, MESMO CORTADOS EM PEDAÇOS OU",sim
0714,ANVISA,"RAÍZES DE MANDIOCA, DE ARARUTA E DE SALEPO, TUPINAMBOS,",sim
0801,ANVISA,"COCOS, CASTANHA-DO-BRASIL (CASTANHA-DO-PARÁ) E CASTANHA",sim
0802,ANVISA,"OUTRA FRUTA DE CASCA RIJA, FRESCA OU SECA, MESMO COM CA",sim
0804,ANVISA,"TÂMARAS, FIGOS, ABACAXIS (ANANASES), ABACATES, GOIABAS,",sim
0805,ANVISA,"CITROS (CITRINOS), FRESCOS OU SECOS.",sim
0806,ANVISA,UVAS FRESCAS OU SECAS (PASSAS).,sim
0811,ANVISA,"FRUTA, NÃO COZIDA OU COZIDA EM ÁGUA OU VAPOR, CONGELADA",sim
0813,ANVISA,"FRUTA SECA, EXCETO A DAS POSIÇÕES 08.01 A 08.06; MISTUR",sim
0902,ANVISA,"CHÁ, MESMO AROMATIZADO.",sim
0903,ANVISA,MATE.,sim
0904,ANVISA,PIMENTA DO GÊNEROPIPER; PIMENTÕES (PIMENTOS) E PIMENTAS,sim
0906,ANVISA,CANELA E FLORES DE CANELEIRA.,sim
0908,ANVISA,"NOZ-MOSCADA, MACIS, AMOMOS E CARDAMOMOS.",sim
0909,ANVISA,"SEMENTES DE ANIS (ERVA-DOCE), BADIANA (ANIS-ESTRELADO),",sim
0910,ANVISA,"GENGIBRE, AÇAFRÃO, CÚRCUMA, TOMILHO, LOURO, CARIL E OUT",sim
1201,MAPA,"Soja, mesmo triturada.",sim
1202,MAPA,"Amendoins não torrados nem de outro modo cozidos, mesmo descascados ou triturados.",sim
1203,MAPA,COPRA.,sim
1204,MAPA,"LINHAÇA (SEMENTES DE LINHO), MESMO TRITURADA.",sim
1205,MAPA,"Sementes de nabo silvestre ou de colza, mesmo trituradas.",sim
1206,MAPA,"SEMENTES DE GIRASSOL, MESMO TRITURADAS.",sim
1207,MAPA,"Outras sementes e frutos oleaginosos, mesmo triturados.",sim
1208,MAPA,"Farinhas de sementes ou de frutos oleaginosos, exceto farinha de mostarda.",sim
1209,MAPA,"Sementes, frutos e esporos, para semeadura (sementeira).",sim
1210,MAPA,"Cones de lúpulo, frescos ou secos, mesmo triturados ou moídos ou em pellets; lupulina.",sim
1212,MAPA,"Alfarroba, algas, beterraba sacarina e cana-de-açúcar, frescas, refrigeradas, congeladas ou secas, mesmo em pó; caroços e amêndoas de frutos e outros produtos vegetais (incluindo as raízes de chicória não torradas, da variedade Cichorium intybus sativum) utilizados principalmente na alimentação humana, não especificados nem compreendidos noutras posições.",sim
1214,MAPA,"Rutabagas, beterrabas forrageiras, raízes forrageiras, feno, alfafa (luzerna), trevo, sanfeno, couves forrageiras, tremoço, ervilhaca e produtos forrageiros semelhantes, mesmo em pellets.",sim
1301,ANVISA,"GOMA-LACA; GOMAS, RESINAS, GOMAS-RESINAS E OLEORRESINAS",sim
1302,ANVISA,"SUCOS E EXTRATOS VEGETAIS; MATÉRIAS PÉCTICAS, PECTINATO",sim
1501,MAPA,"Gorduras de porco (incluindo a banha) e gorduras de aves, exceto as das posições 02.09 ou 15.03.",sim
1502,MAPA,"Gorduras de animais das espécies bovina, ovina ou caprina, exceto as da posição 15.03.",sim
1505,MAPA,"SUARDA E SUBSTÂNCIAS GORDAS DELA DERIVADAS, INCLUINDO A",sim
1507,MAPA,"Óleo de soja e respectivas frações, mesmo refinados, mas não quimicamente modificados.",sim
1507,ANVISA,"ÓLEO DE SOJA E RESPECTIVAS FRAÇÕES, MESMO REFINADOS, MA",sim
1508,ANVISA,"ÓLEO DE AMENDOIM E RESPECTIVAS FRAÇÕES, MESMO REFINADOS",sim
1509,ANVISA,"AZEITE DE OLIVA (OLIVEIRA) E RESPECTIVAS FRAÇÕES, MESMO",sim
1511,ANVISA,"ÓLEO DE PALMA (DENDÊ) E RESPECTIVAS FRAÇÕES, MESMO REFI",sim
1512,ANVISA,"ÓLEOS DE GIRASSOL, DE CÁRTAMO OU DE ALGODÃO, E RESPECTI",sim
1514,ANVISA,"ÓLEOS DE NABO SILVESTRE, DE COLZA OU DE MOSTARDA, E RES",sim
1515,ANVISA,OUTRAS GORDURAS E ÓLEOS VEGETAIS (INCLUINDO O ÓLEO DE J,sim
1521,MAPA,"Ceras vegetais (exceto os triglicéridos), ceras de abelha ou de outros insetos e espermacete, mesmo refinados ou corados.",sim
1521,ANVISA,"CERAS VEGETAIS (EXCETO OS TRIGLICERÍDEOS), CERAS DE ABE",sim
1602,ANVISA,"OUTRAS PREPARAÇÕES E CONSERVAS DE CARNE, MIUDEZAS, SANG",sim
1604,ANVISA,PREPARAÇÕES E CONSERVAS DE PEIXES; CAVIAR E SEUS SUCEDÂ,sim
1605,ANVISA,"CRUSTÁCEOS, MOLUSCOS E OUTROS INVERTEBRADOS AQUÁTICOS,",sim
1702,ANVISA,"OUTROS AÇÚCARES, INCLUINDO A LACTOSE, MALTOSE, GLICOSE",sim
1803,ANVISA,"Pasta de cacau, mesmo desengordurada.",sim
1804,ANVISA,"MANTEIGA, GORDURA E ÓLEO, DE CACAU.",sim
1805,ANVISA,"CACAU EM PÓ, SEM ADIÇÃO DE AÇÚCAR OU DE OUTROS EDULCORA",sim
1806,ANVISA,Chocolate e outras preparações alimentícias que contenham cacau.,sim
2009,MAPA,"Sucos (sumos) de fruta (incluindo os mostos de uvas) ou de produtos hortícolas, não fermentados, sem adição de álcool, mesmo com adição de açúcar ou de outros edulcorantes.",sim
2102,IBAMA,LEVEDURAS (VIVAS OU MORTAS); OUTROS MICRORGANISMOS MONO,sim
2201,ANVISA,"Águas, incluindo as águas minerais, naturais ou artificiais, e as águas gaseificadas, não adicionadas de açúcar ou de outros edulcorantes nem aromatizadas; gelo e neve.",sim
2204,MAPA,"Vinhos de uvas frescas, incluindo os vinhos enriquecidos com álcool; mostos de uvas, excluindo os da posição 20.09.",sim
2205,MAPA,Vermutes e outros vinhos de uvas frescas aromatizados por plantas ou substâncias aromáticas.,sim
2206,MAPA,"OUTRAS BEBIDAS FERMENTADAS (POR EXEMPLO, SIDRA, PERADA,",sim
2207,MAPA,"Álcool etílico não desnaturado, com um teor alcoólico, em volume, igual ou superior a 80 % vol; álcool etílico e aguardentes, desnaturados, com qualquer teor alcoólico.",sim
2208,MAPA,"Álcool etílico não desnaturado, com um teor alcoólico, em volume, inferior a 80 % vol; aguardentes, licores e outras bebidas espirituosas.",sim
2503,MAPA,"ENXOFRE DE QUALQUER ESPÉCIE, EXCETO O ENXOFRE SUBLIMADO",sim
2615,CNEN,"Minérios de nióbio, tântalo, vanádio ou de zircônio, e seus concentrados.",sim
2806,ANVISA,CLORETO DE HIDROGÊNIO (ÁCIDO CLORÍDRICO); ÁCIDO CLOROSS,sim
2814,MAPA,Amoníaco anidro ou em solução aquosa (amônia).,sim
2821,ANVISA,"Óxidos e hidróxidos de ferro; terras corantes que contenham, em peso, 70 % ou mais de ferro combinado, expresso em Fe2O3.",sim
2833,ANVISA,SULFATOS; ALUMES; PEROXOSSULFATOS (PERSULFATOS).,sim
2844,ANVISA,"Elementos químicos radioativos e isótopos radioativos (incluindo os elementos químicos e isótopos físseis (cindíveis) ou férteis), e seus compostos; misturas e resíduos que contenham esses produtos.",sim
2846,ANVISA,"Compostos, inorgânicos ou orgânicos, dos metais das terras raras, de ítrio ou de escândio ou das misturas destes metais.",sim
2901,ANVISA,HIDROCARBONETOS ACÍCLICOS.,sim
2901,MAPA,Hidrocarbonetos acíclicos.,sim
2902,MAPA,Hidrocarbonetos cíclicos.,sim
2903,MAPA,Derivados halogenados dos hidrocarbonetos.,sim
2904,MAPA,"Derivados sulfonados, nitrados ou nitrosados dos hidrocarbonetos, mesmo halogenados.",sim
2905,ANVISA,"ÁLCOOIS ACÍCLICOS E SEUS DERIVADOS HALOGENADOS, SULFONA",sim
2905,MAPA,"Álcoois acíclicos e seus derivados halogenados, sulfonados, nitrados ou nitrosados.",sim
2906,MAPA,"Álcoois cíclicos e seus derivados halogenados, sulfonados, nitrados ou nitrosados.",sim
2907,MAPA,Fenóis; fenóis-álcoois.,sim
2909,ANVISA,"ÉTERES, ÉTERES-ÁLCOOIS, ÉTERES-FENÓIS, ÉTERES-ÁLCOOIS-F",sim
2909,MAPA,"Éteres, éteres-álcoois, éteres-fenóis, éteres-álcoois-fenóis, peróxidos de álcoois, peróxidos de éteres, peróxidos de cetonas (de constituição química definida ou não), e seus derivados halogenados, sulfonados, nitrados ou nitrosados.",sim
2912,MAPA,"Aldeídos, mesmo que contenham outras funções oxigenadas; polímeros cíclicos dos aldeídos; paraformaldeído.",sim
2914,MAPA,"Cetonas e quinonas, mesmo que contenham outras funções oxigenadas, e seus derivados halogenados, sulfonados, nitrados ou nitrosados.",sim
2917,MAPA,"Ácidos policarboxílicos, seus anidridos, halogenetos, peróxidos e peroxiácidos; seus derivados halogenados, sulfonados, nitrados ou nitrosados.",sim
2923,MAPA,"Sais e hidróxidos de amônio quaternários; lecitinas e outros fosfoaminolipídios, de constituição química definida ou não.",sim
2924,MAPA,Compostos de função carboxiamida; compostos de função amida do ácido carbônico.,sim
2925,MAPA,Compostos de função carboxiimida (incluindo a sacarina e seus sais) ou de função imina.,sim
2926,MAPA,Compostos de função nitrila.,sim
2937,ANVISA,"HORMÔNIOS, PROSTAGLANDINAS, TROMBOXANAS E LEUCOTRIENOS,",sim
2939,ANVISA,"ALCALOIDES, NATURAIS OU REPRODUZIDOS POR SÍNTESE, SEUS",sim
2941,ANVISA,ANTIBIÓTICOS.,sim
3001,ANVISA,"Glândulas e outros órgãos para usos opoterápicos, dessecados, mesmo em pó; extratos de glândulas ou de outros órgãos ou das suas secreções, para usos opoterápicos; heparina e seus sais; outras substâncias humanas ou animais preparadas para fins terapêuticos ou profiláticos, não especificadas nem compreendidas noutras posições.",sim
3002,ANVISA,SANGUE HUMANO; SANGUE ANIMAL PREPARADO PARA USOS TERAPÊ,sim
3003,ANVISA,"Medicamentos (exceto os produtos das posições 30.02, 30.05 ou 30.06) constituídos por produtos misturados entre si, preparados para fins terapêuticos ou profiláticos, mas não apresentados em doses nem acondicionados para venda a retalho.",sim
3004,ANVISA,"Medicamentos (exceto os produtos das posições 30.02, 30.05 ou 30.06) constituídos por produtos misturados ou não misturados, preparados para fins terapêuticos ou profiláticos, apresentados em doses (incluindo os destinados a serem administrados por via percutânea) ou acondicionados para venda a retalho.",sim
3005,ANVISA,"Pastas (ouates), gazes, ataduras e artigos análogos (por exemplo, curativos (pensos), esparadrapos, sinapismos), impregnados ou recobertos de substâncias farmacêuticas ou acondicionados para venda a retalho para usos medicinais, cirúrgicos, odontológicos ou veterinários.",sim
3102,MAPA,"Adubos (fertilizantes) minerais ou químicos, nitrogenados (azotados).",sim
3103,MAPA,"Adubos (fertilizantes) minerais ou químicos, fosfatados.",sim
3104,MAPA,"Adubos (fertilizantes) minerais ou químicos, potássicos.",sim
3105,MAPA,"Adubos (fertilizantes) minerais ou químicos, que contenham dois ou três dos seguintes elementos fertilizantes: nitrogênio (azoto), fósforo e potássio; outros adubos (fertilizantes); produtos do presente Capítulo apresentados em tabletes ou formas semelhantes, ou ainda em embalagens de peso bruto não superior a 10 kg.",sim
3202,ANVISA,PRODUTOS TANANTES ORGÂNICOS SINTÉTICOS; PRODUTOS TANANT,sim
3301,MAPA,"Óleos essenciais (desterpenados ou não), incluindo os chamados concretos"" ou ""absolutos""; resinoides; oleorresinas de extração; soluções concentradas de óleos essenciais em gorduras",sim
3304,ANVISA,"Produtos de beleza ou de maquiagem preparados e preparações para conservação ou cuidados da pele (exceto medicamentos), incluindo as preparações antissolares e os bronzeadores; preparações para manicuros e pedicuros.",sim
3305,ANVISA,Preparações capilares.,sim
3306,ANVISA,"PREPARAÇÕES PARA HIGIENE BUCAL OU DENTÁRIA, INCLUINDO O",sim
3307,ANVISA,"Preparações para barbear (antes, durante ou após), desodorantes (desodorizantes) corporais, preparações para banhos, depilatórios, outros produtos de perfumaria ou de toucador preparados e outras preparações cosméticas, não especificados nem compreendidos noutras posições; desodorantes (desodorizantes) de ambiente, preparados, mesmo não perfumados, mesmo com propriedades desinfetantes.",sim
3401,ANVISA,SABÕES; PRODUTOS E PREPARAÇÕES ORGÂNICOS TENSOATIVOS UT,sim
3403,ANP,"Preparações lubrificantes (incluindo os óleos de corte, as preparações antiaderentes de porcas e parafusos, as preparações antiferrugem ou anticorrosão e as preparações para desmoldagem, à base de lubrificantes) e preparações do tipo utilizado para lubrificar e amaciar matérias têxteis, para untar couros, peles com pelo e outras matérias, exceto as que contenham, como constituintes de base, 70 % ou mais, em peso, de óleos de petróleo ou de minerais betuminosos.",sim
3407,ANVISA,"MASSAS OU PASTAS PARA MODELAR, INCLUINDO AS PRÓPRIAS PA",sim
3502,ANVISA,"Albuminas (incluindo os concentrados de várias proteínas de soro de leite, que contenham, em peso, calculado sobre a matéria seca, mais de 80 % de proteínas de soro de leite), albuminatos e outros derivados das albuminas.",sim
3503,ANVISA,GELATINAS (INCLUINDO AS APRESENTADAS EM FOLHAS DE FORMA,sim
3504,ANVISA,PEPTONAS E SEUS DERIVADOS; OUTRAS MATÉRIAS PROTEICAS E,sim
3505,ANVISA,"Dextrina e outros amidos e féculas modificados (por exemplo, amidos e féculas pré-gelatinizados ou esterificados); colas à base de amidos ou de féculas, de dextrina ou de outros amidos ou féculas modificados.",sim
3507,MAPA,Enzimas; enzimas preparadas não especificadas nem compreendidas noutras posições.,sim
3507,ANVISA,Enzimas; enzimas preparadas não especificadas nem compreendidas noutras posições.,sim
3802,MAPA,"Carvões ativados; matérias minerais naturais ativadas; negros de origem animal, incluindo o negro animal esgotado.",sim
3804,IBAMA,LIXÍVIAS RESIDUAIS DA FABRICAÇÃO DAS PASTAS DE CELULOSE,sim
3808,IBAMA,"Inseticidas, rodenticidas, fungicidas, herbicidas, inibidores de germinação e reguladores de crescimento para plantas, desinfetantes e produtos semelhantes, apresentados em formas ou embalagens para venda a retalho ou como preparações ou ainda sob a forma de artigos, tais como fitas, mechas e velas sulfuradas e papel mata-moscas.",sim
3811,ANP,"Preparações antidetonantes, inibidores de oxidação, aditivos peptizantes, beneficiadores de viscosidade, aditivos anticorrosivos e outros aditivos preparados, para óleos minerais (incluindo a gasolina) ou para outros líquidos utilizados para os mesmos fins que os óleos minerais.",sim
3814,ANP,"SOLVENTES E DILUENTES ORGÂNICOS COMPOSTOS, NÃO ESPECIFI",sim
3825,IBAMA,"Produtos residuais das indústrias químicas ou das indústrias conexas, não especificados nem compreendidos noutras posições; resíduos municipais; lamas de tratamento de esgotos (lamas de depuração*); outros resíduos mencionados na Nota 6 deste Capítulo.",sim
3827,IBAMA,"MISTURAS QUE CONTENHAM DERIVADOS HALOGENADOS DO METANO,",sim
3919,ANVISA,"CHAPAS, FOLHAS, TIRAS, FITAS, PELÍCULAS E OUTRAS FORMAS",sim
4401,MAPA,LENHA EM QUALQUER FORMA; MADEIRA EM ESTILHAS OU EM PART,sim
4402,DECEX,"Carvão vegetal (incluindo o carvão de cascas ou de caroços), mesmo aglomerado.",sim
4403,MAPA,"MADEIRA EM BRUTO, MESMO DESCASCADA, DESALBURNADA OU ESQ",sim
4404,MAPA,"ARCOS DE MADEIRA; ESTACAS FENDIDAS; ESTACAS AGUÇADAS, N",sim
4404,IBAMA,"Arcos de madeira; estacas fendidas; estacas aguçadas, não serradas longitudinalmente; madeira simplesmente desbastada ou arredondada, não torneada, não recurvada nem trabalhada de qualquer outro modo, para fabricação de bengalas, guarda-chuvas, cabos de ferramentas e semelhantes; madeira em fasquias, lâminas, fitas e semelhantes.",sim
4406,MAPA,DORMENTES DE MADEIRA PARA VIAS FÉRREAS OU SEMELHANTES.,sim
4406,IBAMA,Dormentes de madeira para vias férreas ou semelhantes.,sim
4407,MAPA,"MADEIRA SERRADA OU FENDIDA LONGITUDINALMENTE, CORTADA T",sim
4408,MAPA,FOLHAS PARA FOLHEADOS (INCLUINDO AS OBTIDAS POR CORTE D,sim
4409,MAPA,"MADEIRA (INCLUINDO OS TACOS E FRISOS DE PARQUÊ, NÃO MON",sim
4410,MAPA,"PAINÉIS DE PARTÍCULAS, PAINÉIS DENOMINADOSORIENTED STRA",sim
4411,MAPA,PAINÉIS DE FIBRAS DE MADEIRA OU DE OUTRAS MATÉRIAS LENH,sim
4412,MAPA,"MADEIRA COMPENSADA (CONTRAPLACADA), MADEIRA FOLHEADA, E",sim
4415,MAPA,"CAIXOTES, CAIXAS, ENGRADADOS, BARRICAS E EMBALAGENS SEM",sim
4416,MAPA,"BARRIS, CUBAS, BALSAS, DORNAS, SELHAS E OUTRAS OBRAS DE",sim
4417,MAPA,"FERRAMENTAS, ARMAÇÕES E CABOS, DE FERRAMENTAS, DE ESCOV",sim
4418,MAPA,OBRAS DE MARCENARIA E PEÇAS DE CARPINTARIA PARA CONSTRU,sim
4421,MAPA,OUTRAS OBRAS EM MADEIRA.,sim
4501,MAPA,"Cortiça natural, em bruto ou simplesmente preparada; desperdícios de cortiça; cortiça triturada, granulada ou pulverizada.",sim
4502,MAPA,"CORTIÇA NATURAL, SEM A CROSTA OU SIMPLESMENTE ESQUADRIA",sim
5101,IBAMA,Lã não cardada nem penteada.,sim
5102,IBAMA,"Pelos finos ou grosseiros, não cardados nem penteados.",sim
5103,MAPA,"Desperdícios de lã ou de pelos finos ou grosseiros, incluindo os desperdícios de fios e excluindo os fiapos.",sim
5103,IBAMA,"Desperdícios de lã ou de pelos finos ou grosseiros, incluindo os desperdícios de fios e excluindo os fiapos.",sim
5104,IBAMA,FIAPOS DE LÃ OU DE PELOS FINOS OU GROSSEIROS.,sim
5105,IBAMA,"Lã, pelos finos ou grosseiros, cardados ou penteados (incluindo a lã penteada a granel"").""",sim
5106,IBAMA,"Fios de lã cardada, não acondicionados para venda a retalho.",sim
5107,IBAMA,"Fios de lã penteada, não acondicionados para venda a retalho.",sim
5108,IBAMA,"Fios de pelos finos, cardados ou penteados, não acondicionados para venda a retalho.",sim
5109,MAPA,"Fios de lã ou de pelos finos, acondicionados para venda a retalho.",sim
5109,IBAMA,"Fios de lã ou de pelos finos, acondicionados para venda a retalho.",sim
5110,MAPA,FIOS DE PELOS GROSSEIROS OU DE CRINA (INCLUINDO OS FIOS,sim
5110,IBAMA,FIOS DE PELOS GROSSEIROS OU DE CRINA (INCLUINDO OS FIOS,sim
5111,IBAMA,Tecidos de lã cardada ou de pelos finos cardados.,sim
5112,IBAMA,Tecidos de lã penteada ou de pelos finos penteados.,sim
5113,IBAMA,TECIDOS DE PELOS GROSSEIROS OU DE CRINA.,sim
5201,MAPA,ALGODÃO NÃO CARDADO NEM PENTEADO.,sim
5202,MAPA,Desperdícios de algodão (incluindo os desperdícios de fios e os fiapos).,sim
6210,IBAMA,VESTUÁRIO CONFECCIONADO COM AS MATÉRIAS DAS POSIÇÕES 56,sim
6703,IBAMA,"CABELO DISPOSTO NO MESMO SENTIDO, ADELGAÇADO, BRANQUEAD",sim
6704,IBAMA,"PERUCAS, BARBAS, SOBRANCELHAS, PESTANAS, MADEIXAS E ART",sim
7017,ANVISA,"ARTIGOS DE VIDRO PARA LABORATÓRIO, HIGIENE OU FARMÁCIA,",sim
7603,EXERCITO,"Pós e escamas, de alumínio.",sim
8105,MAPA,"Mates de cobalto e outros produtos intermediários da metalurgia do cobalto; cobalto e suas obras, incluindo os desperdícios e resíduos, e sucata.",sim
8432,MAPA,"Máquinas e aparelhos de uso agrícola, hortícola ou florestal, para preparação ou trabalho do solo ou para cultura; rolos para gramados (relvados*) ou para campos de esporte.",sim
8433,MAPA,"Máquinas e aparelhos para colheita ou debulha de produtos agrícolas, incluindo as enfardadeiras de palha ou forragem; cortadores de grama (relva*) e ceifeiras; máquinas para limpar ou selecionar ovos, fruta ou outros produtos agrícolas, exceto as da posição 84.37.",sim
8437,MAPA,"MÁQUINAS PARA LIMPEZA, SELEÇÃO OU PENEIRAÇÃO DE GRÃOS O",sim
8701,MAPA,Tratores (exceto os carros-tratores da posição 87.09).,sim
8702,IBAMA,"Veículos automóveis para transporte de dez pessoas ou mais, incluindo o motorista.",sim
8703,IBAMA,"Automóveis de passageiros e outros veículos automóveis principalmente concebidos para transporte de pessoas (exceto os da posição 87.02), incluindo os veículos de uso misto (station wagons) e os automóveis de corrida.",sim
8704,IBAMA,Veículos automóveis para transporte de mercadorias.,sim
8705,IBAMA,"Veículos automóveis para usos especiais (por exemplo, auto-socorros, caminhões-guindastes, veículos de combate a incêndio, caminhões-betoneiras, veículos para varrer, veículos para espalhar, veículos-oficinas, veículos radiológicos), exceto os concebidos principalmente para transporte de pessoas ou de mercadorias.",sim
8706,IBAMA,CHASSIS COM MOTOR PARA OS VEÍCULOS AUTOMÓVEIS DAS POSIÇ,sim
8711,IBAMA,"Motocicletas (incluindo os ciclomotores) e outros ciclos equipados com motor auxiliar, mesmo com carro lateral; carros laterais.",sim
8713,ANVISA,"Cadeiras de rodas e outros veículos para pessoas com incapacidade, mesmo com motor ou outro mecanismo de propulsão.",sim
8802,ANVISA,"Outros veículos aéreos (por exemplo, helicópteros, aviões); veículos espaciais (incluindo os satélites) e seus veículos de lançamento, e veículos suborbitais.",sim
9011,ANVISA,"Microscópios ópticos, incluindo os microscópios para fotomicrografia, cinefotomicrografia ou microprojeção.",sim
9018,ANVISA,"INSTRUMENTOS E APARELHOS PARA MEDICINA, CIRURGIA, ODONT",sim
9019,ANVISA,APARELHOS DE MECANOTERAPIA; APARELHOS DE MASSAGEM; APAR,sim
9020,ANVISA,"OUTROS APARELHOS RESPIRATÓRIOS E MÁSCARAS CONTRA GASES,",sim
9021,ANVISA,"Artigos e aparelhos ortopédicos, incluindo as cintas e fundas (ligaduras*) médico-cirúrgicas e as muletas; talas, goteiras e outros artigos e aparelhos para fraturas; artigos e aparelhos de prótese; aparelhos para facilitar a audição dos surdos e outros aparelhos para compensar uma deficiência ou uma incapacidade, destinados a serem transportados à mão ou sobre as pessoas ou a serem implantados no organismo.",sim
9022,ANVISA,APARELHOS DE RAIOS X E APARELHOS QUE UTILIZEM RADIAÇÕES,sim
9030,ANVISA,"Osciloscópios, analisadores de espectro e outros instrumentos e aparelhos para medida ou controle de grandezas elétricas; instrumentos e aparelhos para medida ou detecção de radiações alfa, beta, gama, X, cósmicas ou outras radiações ionizantes.",sim
9201,IBAMA,"Pianos, mesmo automáticos; cravos e outros instrumentos de cordas, com teclado.",sim
9405,DECEX,"Aparelhos de iluminação (incluindo os projetores) e suas partes, não especificados nem compreendidos noutras posições; anúncios, cartazes ou tabuletas e placas indicadoras, luminosos, e artigos semelhantes, que contenham uma fonte luminosa fixa permanente, e suas partes não especificadas nem compreendidas noutras posições.",sim
9503,INMETRO,"TRICICLOS, PATINETES (TROTINETAS*), CARROS DE PEDAIS E",sim
9706,IBAMA,ANTIGUIDADES COM MAIS DE 100 ANOS.,sim
01023110,IBAMA,Prenhes ou com cria ao pé,sim
01023190,IBAMA,Outros,sim
01023911,IBAMA,PRENHES OU COM CRIA AO PÉ,sim
01023919,IBAMA,OUTROS,sim
01023990,IBAMA,OUTROS,sim
01029000,IBAMA,- Outros,sim
01051300,IBAMA,-- Patos,sim
01051400,IBAMA,-- Gansos,sim
01059900,IBAMA,-- Outros,sim
01061100,MAPA,-- Primatas,sim
01061200,MAPA,"-- Baleias, golfinhos e botos (mamíferos da ordem Cetacea); peixes-boi (manatins) e dugongos (mamíferos da ordem Sirenia); otárias e focas, leões-marinhos e morsas (mamíferos da subordem Pinnipedia)",sim
01061300,IBAMA,-- Camelos e outros camelídeos (Camelidae),sim
01061400,IBAMA,-- Coelhos e lebres,sim
01061900,IBAMA,-- Outros,sim
01062000,MAPA,- Répteis (incluindo as serpentes e as tartarugas marinhas),sim
01063100,MAPA,-- Aves de rapina,sim
01063200,IBAMA,"-- Psitaciformes (incluindo os papagaios, os periquitos, as araras e as catatuas)",sim
01063310,IBAMA,"Avestruzes (Struthio camelus), para reprodução",sim
01063390,IBAMA,Outros,sim
01063900,IBAMA,-- Outras,sim
01064100,IBAMA,-- Abelhas,sim
01064900,IBAMA,-- Outros,sim
01069000,IBAMA,- Outros,sim
02074100,IBAMA,"-- NÃO CORTADAS EM PEDAÇOS, FRESCAS OU REFRIGERADAS",sim
02074200,IBAMA,"-- NÃO CORTADAS EM PEDAÇOS, CONGELADAS",sim
02074400,IBAMA,"-- OUTRAS, FRESCAS OU REFRIGERADAS",sim
02074500,IBAMA,"-- OUTRAS, CONGELADAS",sim
02075100,IBAMA,"-- NÃO CORTADAS EM PEDAÇOS, FRESCAS OU REFRIGERADAS",sim
02075200,IBAMA,"-- NÃO CORTADAS EM PEDAÇOS, CONGELADAS",sim
02075400,IBAMA,"-- OUTRAS, FRESCAS OU REFRIGERADAS",sim
02075500,IBAMA,"-- OUTRAS, CONGELADAS",sim
02081000,IBAMA,- De coelhos ou lebres,sim
02083000,MAPA,- De primatas,sim
02084000,MAPA,"- De baleias, golfinhos e botos (mamíferos da ordem Cetacea); de peixes-boi (manatins) e dugongos (mamíferos da ordem Sirenia); de otárias e focas, leões-marinhos e morsas (mamíferos da subordem Pinnipedia)",sim
02085000,MAPA,- De répteis (incluindo as serpentes e as tartarugas marinhas),sim
02086000,IBAMA,- De camelos e outros camelídeos (Camelidae),sim
02089000,IBAMA,- Outras,sim
02109100,MAPA,-- De primatas,sim
02109200,MAPA,"-- De baleias, golfinhos e botos (mamíferos da ordem Cetacea); de peixes-boi (manatins) e dugongos (mamíferos da ordem Sirenia); de otárias e focas, leões-marinhos e morsas (mamíferos da subordem Pinnipedia)",sim
02109300,MAPA,-- De répteis (incluindo as serpentes e as tartarugas marinhas),sim
02109911,IBAMA,De galos e de galinhas,sim
02109919,IBAMA,Outras,sim
02109920,IBAMA,Carnes da espécie ovina,sim
02109930,IBAMA,Carnes da espécie cavalar,sim
02109940,IBAMA,Miudezas comestíveis,sim
02109990,IBAMA,Outras,sim
03024990,IBAMA,Outros,sim
03027290,IBAMA,Outros,sim
03027300,IBAMA,"-- Carpas (Cyprinus spp., Carassius spp., Ctenopharyngodon idellus, Hypophthalmichthys spp., Cirrhinus spp., Mylopharyngodon piceus, Catla catla, Labeo spp., Osteochilus hasselti, Leptobarbus hoeveni, Megalobrama spp.)",sim
03027400,IBAMA,-- Enguias (Anguilla spp.),sim
03028100,IBAMA,-- Cação e outros tubarões,sim
03028200,IBAMA,-- Raias (Rajidae),sim
03028923,MAPA,Esturjão (Acipenser baerii),sim
03028990,IBAMA,Outros,sim
03029110,IBAMA,OVAS DE TAINHAS (MUGILSPP.),sim
03029190,IBAMA,OUTROS,sim
03029200,IBAMA,-- Barbatanas de tubarão,sim
03029900,IBAMA,-- Outros,sim
03032490,IBAMA,Outros,sim
03032500,IBAMA,"-- Carpas (Cyprinus spp., Carassius spp., Ctenopharyngodon idellus, Hypophthalmichthys spp., Cirrhinus spp., Mylopharyngodon piceus, Catla catla, Labeo spp., Osteochilus hasselti, Leptobarbus hoeveni, Megalobrama spp.)",sim
03032600,IBAMA,-- Enguias (Anguilla spp.),sim
03035300,MAPA,"-- Sardinhas (Sardina pilchardus, Sardinops spp., Sardinella spp.) (Sardinha (Sardina pilchardus) e sardinelas (Sardinops spp., Sardinella spp.)*), anchoveta (espadilha*) (Sprattus sprattus)",sim
03035400,MAPA,"-- Cavalinhas (Sardas e cavalas*) (Scomber scombrus, Scomber australasicus, Scomber japonicus)",sim
03035990,IBAMA,Outros,sim
03038111,MAPA,INTEIRO,sim
03038112,MAPA,"EVISCERADO, SEM CABEÇA E SEM BARBATANAS",sim
03038113,MAPA,"EM PEDAÇOS, COM PELE",sim
03038114,MAPA,"EM PEDAÇOS, SEM PELE",sim
03038119,MAPA,OUTROS,sim
03038190,IBAMA,Outros,sim
03038200,IBAMA,-- Raias (Rajidae),sim
03038944,MAPA,"Esturjões (Acipenser baerii, Acipenser gueldenstaedtii, Acipenser persicus, Acipenser stellatus)",sim
03038944,IBAMA,"ESTURJÕES (ACIPENSER BAERII, ACIPENSER GUELDENSTAEDTII,",sim
03038990,IBAMA,Outros,sim
03039110,IBAMA,OVAS DE TAINHAS (MUGILSPP.),sim
03039190,IBAMA,OUTROS,sim
03039200,IBAMA,-- Barbatanas de tubarão,sim
03039990,IBAMA,Outros,sim
03043290,IBAMA,Outros,sim
03043900,IBAMA,-- Outros,sim
03044700,IBAMA,-- Cação e outros tubarões,sim
03044800,IBAMA,-- Raias (Rajidae),sim
03044990,IBAMA,Outros,sim
03045100,IBAMA,"-- Tilápias (Oreochromis spp.), bagres (peixes-gato*) (Pangasius spp., Silurus spp., Clarias spp., Ictalurus spp.), carpas (Cyprinus spp., Carassius spp., Ctenopharyngodon idellus, Hypophthalmichthys spp., Cirrhinus spp., Mylopharyngodon piceus, Catla catla, Labeo spp., Osteochilus hasselti, Leptobarbus hoeveni, Megalobrama spp.), enguias (Anguilla spp.), perca-do-nilo (Lates niloticus) e peixes cabeça-de-serpente (Channa spp.)",sim
03045600,IBAMA,-- Cação e outros tubarões,sim
03045700,IBAMA,-- Raias (Rajidae),sim
03045900,IBAMA,-- Outros,sim
03046290,IBAMA,Outros,sim
03046900,IBAMA,-- Outros,sim
03048100,MAPA,"-- Salmões-do-pacífico (Oncorhynchus nerka, Oncorhynchus gorbuscha, Oncorhynchus keta, Oncorhynchus tschawytscha, Oncorhynchus kisutch, Oncorhynchus masou e Oncorhynchus rhodurus), salmão-do-atlântico (Salmo salar) e salmão-do-danúbio (Hucho hucho)",sim
03048810,MAPA,TUBARÃO-AZUL (PRIONACE GLAUCA),sim
03048890,IBAMA,Outros,sim
03048990,IBAMA,Outros,sim
03049300,IBAMA,"-- Tilápias (Oreochromis spp.), bagres (peixes-gato*) (Pangasius spp., Silurus spp., Clarias spp., Ictalurus spp.), carpas (Cyprinus spp., Carassius spp., Ctenopharyngodon idellus, Hypophthalmichthys spp., Cirrhinus spp., Mylopharyngodon piceus, Catla catla, Labeo spp., Osteochilus hasselti, Leptobarbus hoeveni, Megalobrama spp.), enguias (Anguilla spp.), perca-do-nilo (Lates niloticus) e peixes cabeça-de-serpente (Channa spp.)",sim
03049600,IBAMA,-- Cação e outros tubarões,sim
03049700,IBAMA,-- Raias (Rajidae),sim
03049900,IBAMA,-- Outros,sim
03052010,IBAMA,OVAS DE TAINHAS (MUGILSPP.),sim
03052090,IBAMA,OUTROS,sim
03053100,IBAMA,"-- Tilápias (Oreochromis spp.), bagres (peixes-gato*) (Pangasius spp., Silurus spp., Clarias spp., Ictalurus spp.), carpas (Cyprinus spp., Carassius spp., Ctenopharyngodon idellus, Hypophthalmichthys spp., Cirrhinus spp., Mylopharyngodon piceus, Catla catla, Labeo spp., Osteochilus hasselti, Leptobarbus hoeveni, Megalobrama spp.), enguias (Anguilla spp.), perca-do-nilo (Lates niloticus) e peixes cabeça-de-serpente (Channa spp.)",sim
03053900,IBAMA,-- Outros,sim
03054400,IBAMA,"-- Tilápias (Oreochromis spp.), bagres (peixes-gato*) (Pangasius spp., Silurus spp., Clarias spp., Ictalurus spp.), carpas (Cyprinus spp., Carassius spp., Ctenopharyngodon idellus, Hypophthalmichthys spp., Cirrhinus spp., Mylopharyngodon piceus, Catla catla, Labeo spp., Osteochilus hasselti, Leptobarbus hoeveni, Megalobrama spp.), enguias (Anguilla spp.), perca-do-nilo (Lates niloticus) e peixes cabeça-de-serpente (Channa spp.)",sim
03054990,IBAMA,Outros,sim
03055200,IBAMA,"-- Tilápias (Oreochromis spp.), bagres (peixes-gato*) (Pangasius spp., Silurus spp., Clarias spp., Ictalurus spp.), carpas (Cyprinus spp., Carassius spp., Ctenopharyngodon idellus, Hypophthalmichthys spp., Cirrhinus spp., Mylopharyngodon piceus, Catla catla, Labeo spp., Osteochilus hasselti, Leptobarbus hoeveni, Megalobrama spp.), enguias (Anguilla spp.), perca-do-nilo (Lates niloticus) e peixes cabeça-de-serpente (Channa spp.)",sim
03055390,IBAMA,Outros,sim
03055400,IBAMA,"-- Arenques (Clupea harengus, Clupea pallasii), anchovas (biqueirões*) (Engraulis spp.), sardinhas (Sardina pilchardus, Sardinops spp., Sardinella spp.) (sardinha (Sardina pilchardus) e sardinelas (Sardinops spp., Sardinella spp.)*), anchoveta (espadilha*) (Sprattus sprattus), cavalinhas (sardas e cavalas*) (Scomber scombrus, Scomber australasicus, Scomber japonicus), cavalas-do-índico (Rastrelliger spp.), serras (Scomberomorus spp.), carapaus (Trachurus spp.), xaréus (Caranx spp.), bijupirá (co",sim
03055900,IBAMA,-- Outros,sim
03056400,IBAMA,"-- Tilápias (Oreochromis spp.), bagres (peixes-gato*) (Pangasius spp., Silurus spp., Clarias spp., Ictalurus spp.), carpas (Cyprinus spp., Carassius spp., Ctenopharyngodon idellus, Hypophthalmichthys spp., Cirrhinus spp., Mylopharyngodon piceus, Catla catla, Labeo spp., Osteochilus hasselti, Leptobarbus hoeveni, Megalobrama spp.), enguias (Anguilla spp.), perca-do-nilo (Lates niloticus) e peixes cabeça-de-serpente (Channa spp.)",sim
03056990,IBAMA,Outros,sim
03057100,IBAMA,-- Barbatanas de tubarão,sim
03057200,IBAMA,"-- Cabeças, caudas e bexigas-natatórias, de peixes",sim
03057900,IBAMA,-- Outros,sim
03061610,MAPA,Inteiros,sim
03061690,MAPA,Outros,sim
03061710,MAPA,Inteiros,sim
03061790,MAPA,Outros,sim
03063100,IBAMA,"-- Lagostas (Palinurus spp., Panulirus spp., Jasus spp.)",sim
03063200,IBAMA,-- Lavagantes (Homarus spp.),sim
03063300,IBAMA,-- Caranguejos,sim
03063500,IBAMA,"-- Camarões de água fria (Pandalus spp., Crangon crangon)",sim
03063600,IBAMA,-- Outros camarões,sim
03063990,IBAMA,Outros,sim
03069100,IBAMA,"-- Lagostas (Palinurus spp., Panulirus spp., Jasus spp.)",sim
03069200,IBAMA,-- Lavagantes (Homarus spp.),sim
03069300,IBAMA,-- Caranguejos,sim
03069500,IBAMA,-- Camarões,sim
03069990,IBAMA,Outros,sim
03071100,IBAMA,"-- Vivas, frescas ou refrigeradas",sim
03071900,IBAMA,-- Outras,sim
03072100,IBAMA,"-- Vivos, frescos ou refrigerados",sim
03073100,IBAMA,"-- Vivos, frescos ou refrigerados",sim
03074200,IBAMA,"-- Vivas, frescas ou refrigeradas",sim
03074310,MAPA,Lulas,sim
03075100,IBAMA,"-- Vivos, frescos ou refrigerados",sim
03076000,IBAMA,"- Caracóis, exceto os do mar",sim
03077100,IBAMA,"-- Vivos, frescos ou refrigerados",sim
03077200,IBAMA,-- Congelados,sim
03077900,IBAMA,-- Outros,sim
03078100,IBAMA,"-- Abalones (Orelhas-do-mar*) (Haliotis spp.) vivos, frescos ou refrigerados",sim
03078200,IBAMA,"-- Estrombos (Strombus spp.) vivos, frescos ou refrigerados",sim
03079100,IBAMA,"-- Vivos, frescos ou refrigerados",sim
03081100,IBAMA,"-- Vivos, frescos ou refrigerados",sim
03081200,IBAMA,-- Congelados,sim
03081900,IBAMA,-- Outros,sim
03089000,IBAMA,- Outros,sim
03091000,MAPA,- DE PEIXE,sim
04021010,MAPA,"Com um teor de arsênio, chumbo ou cobre, considerados isoladamente, inferior a 5 ppm",sim
04021090,MAPA,Outros,sim
04022110,MAPA,Leite integral,sim
04022120,MAPA,Leite parcialmente desnatado,sim
04022910,MAPA,Leite integral,sim
04022920,MAPA,Leite parcialmente desnatado,sim
04029900,MAPA,-- Outros,sim
04051000,MAPA,- Manteiga,sim
04071100,MAPA,-- De aves da espécie Gallus domesticus,sim
04071900,MAPA,-- Outros,sim
04071900,IBAMA,-- Outros,sim
04072100,MAPA,-- De aves da espécie Gallus domesticus,sim
04072900,MAPA,-- Outros,sim
04072900,IBAMA,-- Outros,sim
04079000,MAPA,- Outros,sim
04079000,IBAMA,- Outros,sim
04090000,MAPA,Mel natural.,sim
04101000,IBAMA,- INSETOS,sim
04109000,MAPA,- OUTROS,sim
04109000,IBAMA,- OUTROS,sim
05021090,IBAMA,Outros,sim
05029010,IBAMA,Pelos,sim
05029020,IBAMA,Desperdícios,sim
05040011,ANVISA,De bovinos,sim
05040012,ANVISA,De ovinos,sim
05040019,IBAMA,Outras,sim
05040019,ANVISA,Outras,sim
05040090,IBAMA,Outros,sim
05051000,MAPA,- Penas do tipo utilizado para enchimento ou estofamento; penugem,sim
05059000,IBAMA,- Outros,sim
05071000,MAPA,- Marfim; pó e desperdícios de marfim,sim
05079000,IBAMA,- Outros,sim
05080000,IBAMA,"Coral e matérias semelhantes, em bruto ou simplesmente preparados, mas não trabalhados de outro modo; conchas e carapaças de moluscos, crustáceos ou de equinodermes e ossos de sépias (chocos*) (chocos, chopos*), em bruto ou simplesmente preparados, mas não cortados em forma determinada, seus pós e desperdícios.",sim
05100010,MAPA,Pâncreas de bovino,sim
05100090,MAPA,Outros,sim
05100090,IBAMA,Outros,sim
05100090,ANVISA,Outros,sim
05119110,IBAMA,"Ovas de peixe fecundadas, para reprodução",sim
05119190,IBAMA,Outros,sim
05119910,IBAMA,Embriões de animais,sim
05119920,IBAMA,Sêmen animal,sim
05119991,IBAMA,"Crinas e seus desperdícios, mesmo em mantas, mesmo com suporte",sim
05119999,IBAMA,Outros,sim
06011000,IBAMA,"- BULBOS, TUBÉRCULOS, RAÍZES TUBEROSAS, CORMOS, COROAS",sim
06012000,IBAMA,"- BULBOS, TUBÉRCULOS, RAÍZES TUBEROSAS, CORMOS, COROAS",sim
06029021,MAPA,De orquídea,sim
06029021,IBAMA,De orquídea,sim
06029029,IBAMA,OUTRAS,sim
06029089,IBAMA,Outras,sim
06029090,IBAMA,Outras,sim
07019000,MAPA,- Outras,sim
07020000,MAPA,"Tomates, frescos ou refrigerados.",sim
07031011,MAPA,Para semeadura,sim
07031019,MAPA,Outras,sim
07031029,MAPA,Outras,sim
07032010,MAPA,Para semeadura,sim
07032090,MAPA,Outros,sim
07039090,MAPA,Outros,sim
07122000,MAPA,- Cebolas,sim
07123100,MAPA,-- COGUMELOS DO GÊNEROAGARICUS,sim
07123200,MAPA,-- ORELHAS-DE-JUDAS (AURICULARIASPP.),sim
07123300,MAPA,-- TREMELAS (TREMELLASPP.),sim
07123400,MAPA,-- SHITAKE (LENTINUS EDODES),sim
07123900,MAPA,-- OUTROS,sim
07129090,MAPA,Outros,sim
08011100,MAPA,-- Dessecados,sim
08011900,MAPA,-- Outros,sim
08031000,ANVISA,- BANANAS-DA-TERRA (BANANAS-PÃO*) (PLÁTANOS*),sim
08039000,ANVISA,- OUTRAS,sim
08041020,MAPA,Secas,sim
08042020,MAPA,Secos,sim
08062000,MAPA,- Secas (passas),sim
08111000,MAPA,- Morangos,sim
08112000,MAPA,"- Framboesas, amoras, incluindo as silvestres, amoras-framboesas e groselhas",sim
08119000,MAPA,- Outra,sim
08131000,MAPA,- Damascos,sim
08132010,MAPA,Com caroço,sim
08132020,MAPA,Sem caroço,sim
08133000,MAPA,- Maçãs,sim
08134010,MAPA,Pêras,sim
08134090,MAPA,Outra,sim
08135000,MAPA,"- Misturas de fruta seca ou de fruta de casca rija, do presente Capítulo",sim
08140000,MAPA,"Cascas de citros (citrinos*), de melões ou de melancias, frescas, secas, congeladas ou apresentadas em água salgada, sulfurada ou adicionada de outras substâncias destinadas a assegurar transitoriamente a sua conservação.",sim
08140000,ANVISA,"CASCAS DE CITROS (CITRINOS), DE MELÕES OU DE MELANCIAS,",sim
09012100,MAPA,-- NÃO DESCAFEINADO,sim
09012100,ANVISA,-- NÃO DESCAFEINADO,sim
09012200,MAPA,-- DESCAFEINADO,sim
09012200,ANVISA,-- DESCAFEINADO,sim
09019000,ANVISA,- OUTROS,sim
09021000,MAPA,- Chá verde (não fermentado) em embalagens imediatas de conteúdo não superior a 3 kg,sim
09022000,MAPA,- Chá verde (não fermentado) apresentado de qualquer outra forma,sim
09023000,MAPA,"- Chá preto (fermentado) e chá parcialmente fermentado, em embalagens imediatas de conteúdo não superior a 3 kg",sim
09024000,MAPA,"- Chá preto (fermentado) e chá parcialmente fermentado, apresentados de qualquer outra forma",sim
09041100,MAPA,-- Não triturada nem em pó,sim
09042100,MAPA,"-- Secos, não triturados nem em pó",sim
09051000,ANVISA,- NÃO TRITURADA NEM EM PÓ,sim
09052000,ANVISA,- TRITURADA OU EM PÓ,sim
09071000,ANVISA,- NÃO TRITURADO NEM EM PÓ,sim
09072000,ANVISA,- TRITURADO OU EM PÓ,sim
09103000,ANVISA,- CÚRCUMA,sim
10061092,DECEX,NÃO PARBOILIZADO,sim
10062020,DECEX,NÃO PARBOILIZADO,sim
10063021,DECEX,POLIDO OU BRUNIDO,sim
11010020,MAPA,DE MISTURA DE TRIGO COM CENTEIO (MÉTEIL),sim
11022000,MAPA,- FARINHA DE MILHO,sim
11029000,MAPA,- OUTRAS,sim
11031100,MAPA,-- DE TRIGO,sim
11031300,MAPA,-- DE MILHO,sim
11031900,MAPA,-- DE OUTROS CEREAIS,sim
11032000,MAPA,-PELLETS,sim
11051000,MAPA,"- FARINHA, SÊMOLA E PÓ",sim
11052000,MAPA,"- FLOCOS, GRÂNULOS EPELLETS",sim
11071020,MAPA,MOÍDO OU EM FARINHA,sim
11072010,MAPA,INTEIRO OU PARTIDO,sim
11072020,MAPA,MOÍDO OU EM FARINHA,sim
11081200,ANVISA,-- AMIDO DE MILHO,sim
11082000,MAPA,- INULINA,sim
11090000,MAPA,"GLÚTEN DE TRIGO, MESMO SECO.",sim
12019000,ANVISA,- OUTRAS,sim
12024100,ANVISA,-- Com casca,sim
12024200,ANVISA,"-- Descascados, mesmo triturados",sim
12030000,MAPA,Copra.,sim
12030000,ANVISA,COPRA.,sim
12040090,ANVISA,OUTRAS,sim
12051090,ANVISA,OUTRAS,sim
12059090,ANVISA,OUTRAS,sim
12060090,ANVISA,OUTRAS,sim
12071090,ANVISA,OUTRAS,sim
12072900,ANVISA,-- OUTRAS,sim
12073090,ANVISA,OUTRAS,sim
12074090,ANVISA,OUTRAS,sim
12075090,ANVISA,OUTRAS,sim
12076090,ANVISA,OUTRAS,sim
12077090,ANVISA,OUTRAS,sim
12079110,MAPA,PARA SEMEADURA (SEMENTEIRA),sim
12079110,ANVISA,Para semeadura,sim
12079190,MAPA,OUTRAS,sim
12079190,ANVISA,Outras,sim
12079910,ANVISA,Para semeadura,sim
12079990,MAPA,Outros,sim
12079990,ANVISA,Outros,sim
12081000,ANVISA,- DE SOJA,sim
12089000,ANVISA,- OUTRAS,sim
12101000,MAPA,"- Cones de lúpulo, não triturados nem moídos nem em pellets",sim
12102010,ANVISA,CONES DE LÚPULO,sim
12102020,ANVISA,LUPULINA,sim
12112000,MAPA,- Raízes de ginseng,sim
12112000,ANVISA,- Raízes de ginseng,sim
12113000,ANVISA,- Coca (folha de),sim
12113000,MAPA,- Coca (folha de),sim
12114000,ANVISA,- Palha de dormideira ou papoula,sim
12114000,MAPA,- Palha de dormideira ou papoula,sim
12115000,MAPA,- Éfedra,sim
12115000,ANVISA,- Éfedra,sim
12116000,IBAMA,- CASCA DE CEREJEIRA AFRICANA (PRUNUS AFRICANA),sim
12116000,MAPA,- CASCA DE CEREJEIRA AFRICANA (PRUNUS AFRICANA),sim
12119010,MAPA,Orégano (Origanum vulgare),sim
12119090,IBAMA,OUTROS,sim
12119090,MAPA,Outros,sim
12119090,ANVISA,Outros,sim
12122100,ANVISA,-- PRÓPRIAS PARA ALIMENTAÇÃO HUMANA,sim
12122900,MAPA,-- Outras,sim
12122900,ANVISA,-- Outras,sim
12129100,ANVISA,-- BETERRABA SACARINA,sim
12129200,ANVISA,-- ALFARROBA,sim
12129300,ANVISA,-- CANA-DE-AÇÚCAR,sim
12129400,ANVISA,-- RAÍZES DE CHICÓRIA,sim
12129910,ANVISA,ESTÉVIA (KA'A HE'?) (STEVIA REBAUDIANA),sim
12129990,ANVISA,OUTROS,sim
12130000,MAPA,"Palhas e cascas de cereais, em bruto, mesmo picadas, moídas, prensadas ou em pellets.",sim
13012000,MAPA,- Goma-arábica,sim
13019090,EXERCITO,Outros,sim
13021110,ANVISA,Concentrados de palha de papoula,sim
13021190,ANVISA,Outros,sim
13021400,IBAMA,-- DE ÉFEDRA,sim
13021400,ANVISA,-- De éfedra,sim
13021910,ANVISA,"DE MAMÃO (CARICA PAPAYA), SECO",sim
13021920,ANVISA,DE SEMENTE DE TORANJA; DE SEMENTE DE POMELO,sim
13021930,ANVISA,"De Ginkgo biloba, seco",sim
13021940,ANVISA,VALEPOTRIATOS,sim
13021950,ANVISA,De ginseng,sim
13021960,ANVISA,Silimarina,sim
13021991,ANVISA,DE PÍRETRO OU DE RAÍZES DE PLANTAS QUE CONTENHAM ROTENO,sim
13021999,IBAMA,OUTROS,sim
13021999,ANVISA,Outros,sim
13022010,MAPA,MATÉRIAS PÉCTICAS (PECTINAS),sim
13022090,MAPA,OUTROS,sim
13023100,MAPA,-- ÁGAR-ÁGAR,sim
13023100,ANVISA,-- ÁGAR-ÁGAR,sim
13023211,MAPA,FARINHA DE ENDOSPERMA,sim
13023219,MAPA,OUTROS,sim
13023220,MAPA,DE SEMENTES DE GUAR,sim
13023910,MAPA,CARRAGENINA (MUSGO-DE-IRLANDA),sim
13023990,MAPA,OUTROS,sim
15011000,MAPA,- Banha,sim
15012000,MAPA,- Outras gorduras de porco,sim
15019000,MAPA,- Outras,sim
15021011,MAPA,EM BRUTO,sim
15021012,MAPA,FUNDIDO (INCLUINDO OPREMIER JUS),sim
15021019,MAPA,OUTROS,sim
15021090,MAPA,OUTROS,sim
15030000,ANVISA,"Estearina solar, óleo de banha de porco, óleo-estearina, óleo-margarina e óleo de sebo, não emulsionados nem misturados, nem preparados de outro modo.",sim
15041011,MAPA,ÓLEO EM BRUTO,sim
15041019,MAPA,OUTROS,sim
15041090,MAPA,Outros,sim
15042000,MAPA,"- Gorduras e óleos de peixes e respectivas frações, exceto óleos de fígados",sim
15043000,IBAMA,- GORDURAS E ÓLEOS DE MAMÍFEROS MARINHOS E RESPECTIVAS,sim
15043000,MAPA,- GORDURAS E ÓLEOS DE MAMÍFEROS MARINHOS E RESPECTIVAS,sim
15060000,MAPA,"OUTRAS GORDURAS E ÓLEOS ANIMAIS, E RESPECTIVAS FRAÇÕES,",sim
15071000,MAPA,"- Óleo em bruto, mesmo degomado",sim
15092000,MAPA,- AZEITE DE OLIVA (OLIVEIRA) EXTRA VIRGEM,sim
15093000,MAPA,- AZEITE DE OLIVA (OLIVEIRA) VIRGEM,sim
15094000,MAPA,- OUTROS AZEITES DE OLIVA (OLIVEIRA) VIRGENS,sim
15099010,MAPA,Refinado,sim
15099090,MAPA,Outros,sim
15101000,MAPA,- ÓLEO DE BAGAÇO DE AZEITONA EM BRUTO,sim
15101000,ANVISA,- ÓLEO DE BAGAÇO DE AZEITONA EM BRUTO,sim
15109000,MAPA,- OUTROS,sim
15109000,ANVISA,- OUTROS,sim
15111000,MAPA,- Óleo em bruto,sim
15119000,MAPA,- OUTROS,sim
15121911,MAPA,"Refinado, em recipientes com capacidade inferior ou igual a 5 l",sim
15121919,MAPA,Outros,sim
15122910,MAPA,Refinado,sim
15122990,MAPA,Outros,sim
15131100,ANVISA,-- ÓLEO EM BRUTO,sim
15131900,ANVISA,-- OUTROS,sim
15132111,ANVISA,DE COCOMBOCAYA(ACROCOMIA TOTAI),sim
15132119,ANVISA,OUTROS,sim
15132120,ANVISA,DE BABAÇU,sim
15132911,ANVISA,DE COCOMBOCAYA(ACROCOMIA TOTAI),sim
15132919,ANVISA,OUTROS,sim
15132920,ANVISA,DE BABAÇU,sim
15141910,MAPA,Refinados,sim
15141990,MAPA,Outros,sim
15151100,MAPA,-- Óleo em bruto,sim
15152910,MAPA,"Refinado, em recipientes com capacidade inferior ou igual a 5 l",sim
15152990,MAPA,Outros,sim
15156000,MAPA,- GORDURAS E ÓLEOS DE ORIGEM MICROBIANA E RESPECTIVAS F,sim
15159090,ANVISA,Outros,sim
15162000,ANVISA,- GORDURAS E ÓLEOS VEGETAIS E RESPECTIVAS FRAÇÕES,sim
15163000,MAPA,- GORDURAS E ÓLEOS DE ORIGEM MICROBIANA E RESPECTIVAS F,sim
15171000,MAPA,"- MARGARINA, EXCETO A MARGARINA LÍQUIDA",sim
15179090,MAPA,OUTRAS,sim
15200010,ANVISA,Glicerol em bruto,sim
15211000,IBAMA,- Ceras vegetais,sim
16010000,ANVISA,"ENCHIDOS E PRODUTOS SEMELHANTES, DE CARNE, MIUDEZAS, SA",sim
16023100,ANVISA,-- DE PERUAS E DE PERUS,sim
16023210,ANVISA,COM CONTEÚDO DE CARNE OU DE MIUDEZAS IGUAL OU SUPERIOR,sim
16023220,ANVISA,COM CONTEÚDO DE CARNE OU DE MIUDEZAS IGUAL OU SUPERIOR,sim
16023230,ANVISA,COM CONTEÚDO DE CARNE OU DE MIUDEZAS IGUAL OU SUPERIOR,sim
16023290,ANVISA,OUTRAS,sim
16023900,ANVISA,-- OUTRAS,sim
16024100,ANVISA,-- PERNAS E RESPECTIVOS PEDAÇOS,sim
16024200,ANVISA,-- PÁS E RESPECTIVOS PEDAÇOS,sim
16024900,ANVISA,"-- OUTRAS, INCLUINDO AS MISTURAS",sim
16025000,ANVISA,- DA ESPÉCIE BOVINA,sim
16029000,ANVISA,"- OUTRAS, INCLUINDO AS PREPARAÇÕES DE SANGUE DE QUAISQU",sim
16041700,IBAMA,-- Enguias,sim
16041800,IBAMA,-- Barbatanas de tubarão,sim
16041900,IBAMA,-- Outros,sim
16042090,IBAMA,Outras,sim
16043100,MAPA,-- CAVIAR,sim
16043200,MAPA,-- SUCEDÂNEOS DO CAVIAR,sim
16052100,MAPA,-- NÃO ACONDICIONADOS EM RECIPIENTES HERMETICAMENTE FEC,sim
16052900,MAPA,-- OUTROS,sim
16055200,IBAMA,-- Vieiras e outros mariscos,sim
16055300,IBAMA,-- Mexilhões,sim
16055600,IBAMA,"-- Amêijoas, berbigões e arcas",sim
16056100,IBAMA,-- Pepinos-do-mar,sim
16056900,IBAMA,-- Outros,sim
17011200,MAPA,-- DE BETERRABA,sim
17011300,MAPA,-- Açúcar de cana mencionado na Nota de subposição 2 do presente Capítulo,sim
17011400,MAPA,-- Outros açúcares de cana,sim
17021100,MAPA,"-- Que contenham, em peso, 99 % ou mais de lactose, expresso em lactose anidra, calculado sobre a matéria seca",sim
17021900,MAPA,-- Outros,sim
17023011,MAPA,QUIMICAMENTE PURA,sim
17023019,MAPA,OUTRA,sim
17023020,MAPA,XAROPE DE GLICOSE,sim
17024010,MAPA,GLICOSE,sim
17024020,MAPA,XAROPE DE GLICOSE,sim
17025000,MAPA,- FRUTOSE (LEVULOSE) QUIMICAMENTE PURA,sim
17026010,MAPA,FRUTOSE (LEVULOSE),sim
17026020,MAPA,XAROPE DE FRUTOSE (LEVULOSE),sim
17029000,MAPA,"- Outros, incluindo o açúcar invertido e os outros açúcares e xaropes de açúcares, que contenham, em peso, no estado seco, 50 % de frutose (levulose)",sim
17031000,MAPA,- Melaços de cana,sim
17039000,MAPA,- OUTROS,sim
18010000,MAPA,"Cacau inteiro ou partido, em bruto ou torrado.",sim
19011010,MAPA,LEITE MODIFICADO,sim
19011010,ANVISA,LEITE MODIFICADO,sim
19011020,MAPA,Farinha láctea,sim
19011020,ANVISA,Farinha láctea,sim
19011090,MAPA,OUTRAS,sim
19011090,ANVISA,Outras,sim
19019020,MAPA,DOCE DE LEITE,sim
19019090,MAPA,OUTROS,sim
19019090,ANVISA,Outros,sim
19030000,MAPA,TAPIOCA E SEUS SUCEDÂNEOS PREPARADOS A PARTIR DE FÉCULA,sim
19059090,ANVISA,OUTROS,sim
20079921,ANVISA,DE AÇAÍ (EUTERPE OLERACEA),sim
20079922,ANVISA,DE ACEROLA (MALPIGHIASPP.),sim
20079923,ANVISA,DE BANANA (MUSASPP.),sim
20079924,ANVISA,DE GOIABA (PSIDIUM GUAJAVA),sim
20079925,ANVISA,DE MANGA (MANGIFERA INDICA),sim
20079926,ANVISA,DE CUPUAÇU (THEOBROMA GRANDIFLORUM),sim
20079927,ANVISA,DE MAMÃO (PAPAIA) (CARICA PAPAYA L.),sim
20079929,ANVISA,OUTROS,sim
20081100,MAPA,-- AMENDOINS,sim
20081900,MAPA,"-- Outros, incluindo as misturas",sim
20081900,ANVISA,"-- Outros, incluindo as misturas",sim
20082090,MAPA,Outros,sim
20082090,ANVISA,OUTROS,sim
20083000,MAPA,- CITROS (CITRINOS),sim
20084090,MAPA,Outras,sim
20084090,ANVISA,OUTRAS,sim
20085000,MAPA,- Damascos,sim
20085000,ANVISA,- DAMASCOS,sim
20086090,MAPA,Outras,sim
20086090,ANVISA,OUTRAS,sim
20087010,ANVISA,"Em água edulcorada, incluindo os xaropes",sim
20087090,MAPA,Outros,sim
20087090,ANVISA,Outros,sim
20088000,MAPA,- Morangos,sim
20088000,ANVISA,- MORANGOS,sim
20089790,MAPA,Outras,sim
20089790,ANVISA,OUTRAS,sim
20089900,MAPA,-- Outras,sim
20089900,ANVISA,-- OUTRAS,sim
20098100,MAPA,"-- Suco (sumo) de airela vermelha (Vaccinium macrocarpon, Vaccinium oxycoccos, Vaccinium vitis-idaea)",sim
20098100,ANVISA,"-- Suco (sumo) de airela vermelha (Vaccinium macrocarpon, Vaccinium oxycoccos, Vaccinium vitis-idaea)",sim
20098990,MAPA,Outros,sim
20099000,MAPA,- Misturas de sucos (sumos),sim
20099000,ANVISA,- Misturas de sucos (sumos),sim
21012010,MAPA,De chá,sim
21012010,ANVISA,De chá,sim
21021010,MAPA,Saccharomyces boulardii,sim
21021010,ANVISA,Saccharomyces boulardii,sim
21021090,MAPA,Outras,sim
21021090,ANVISA,Outras,sim
21022000,MAPA,- Leveduras mortas; outros microrganismos monocelulares mortos,sim
21022000,ANVISA,- Leveduras mortas; outros microrganismos monocelulares mortos,sim
21061000,MAPA,- Concentrados de proteínas e substâncias proteicas texturizadas,sim
21069010,MAPA,Preparações do tipo utilizado para elaboração de bebidas,sim
21069010,ANVISA,Preparações do tipo utilizado para elaboração de bebidas,sim
21069030,ANVISA,Complementos alimentares,sim
21069090,MAPA,OUTRAS,sim
21069090,ANVISA,Outras,sim
22021000,MAPA,"- ÁGUAS, INCLUINDO AS ÁGUAS MINERAIS E AS ÁGUAS GASEIFI",sim
22021000,ANVISA,"- ÁGUAS, INCLUINDO AS ÁGUAS MINERAIS E AS ÁGUAS GASEIFI",sim
22029100,MAPA,-- Cerveja sem álcool,sim
22029900,MAPA,-- Outras,sim
22029900,ANVISA,-- Outras,sim
22030000,MAPA,Cervejas de malte.,sim
22042100,MAPA,-- Em recipientes de capacidade não superior a 2 l,sim
22071010,ANP,Com um teor de água inferior ou igual a 1 % vol,sim
22071010,MAPA,Com um teor de água inferior ou igual a 1 % vol,sim
22071090,ANP,Outros,sim
22071090,MAPA,Outros,sim
22072011,ANP,Com um teor de água inferior ou igual a 1 % vol,sim
22072019,ANP,Outros,sim
22090000,MAPA,"Vinagres e seus sucedâneos obtidos a partir do ácido acético, para usos alimentares.",sim
23069010,MAPA,De germe de milho,sim
23099030,MAPA,Bolachas e biscoitos,sim
24011030,MAPA,"EM FOLHAS SECAS EM SECADOR DE AR QUENTE (FLUE CURED), D",sim
24049100,ANVISA,-- PARA APLICAÇÃO ORAL,sim
24049200,ANVISA,-- PARA APLICAÇÃO PERCUTÂNEA,sim
25010019,MAPA,Outros,sim
25010020,ANVISA,Sal de mesa,sim
25010090,ANVISA,OUTROS,sim
25051000,MAPA,- Areias siliciosas e areias quartzosas,sim
25059000,MAPA,- Outras areias,sim
25070010,MAPA,Caulim (caulino),sim
25070090,MAPA,Outros,sim
25081000,MAPA,- Bentonita,sim
25083000,MAPA,- Argilas refratárias,sim
25084010,MAPA,"Plásticas, com um teor de Fe2O3, em peso, inferior a 1,5 % e com perda por calcinação, em peso, superior a 12 %",sim
25084090,MAPA,Outras,sim
25087000,MAPA,- Barro cozido em pó (terra de chamotte) e terra de dinas,sim
25101010,MAPA,Fosfatos de cálcio naturais,sim
25101090,MAPA,Outros,sim
25102010,MAPA,Fosfatos de cálcio naturais,sim
25102090,MAPA,Outros,sim
25120000,MAPA,"Farinhas siliciosas fósseis (por exemplo, kieselguhr, tripolita, diatomita) e outras terras siliciosas análogas de densidade aparente não superior a 1, mesmo calcinadas.",sim
25172000,IBAMA,"- Macadame de escórias de altos-fornos, de outras escórias ou de resíduos industriais semelhantes, mesmo que contenham matérias incluídas na subposição 2517.10",sim
25181000,MAPA,"- Dolomita não calcinada nem sinterizada, denominada crua""""",sim
25182000,MAPA,- Dolomita calcinada ou sinterizada,sim
25191000,MAPA,- Carbonato de magnésio natural (magnesita),sim
25199090,MAPA,Outros,sim
25201019,MAPA,OUTROS,sim
25202090,MAPA,Outros,sim
25210000,MAPA,Castinas; pedras calcárias utilizadas na fabricação de cal ou de cimento.,sim
25221000,MAPA,- Cal viva,sim
25222000,MAPA,- Cal apagada,sim
25241000,IBAMA,- Crocidolita,sim
25249000,IBAMA,- OUTROS,sim
25280000,MAPA,"Boratos naturais e seus concentrados (calcinados ou não), exceto boratos extraídos de salmouras naturais; ácido bórico natural com um teor máximo de 85 % de H3BO3, em produto seco.",sim
25292200,IBAMA,"-- QUE CONTENHA, EM PESO, MAIS DE 97 % DE FLUORETO DE C",sim
25301010,ANVISA,PERLITA,sim
25301090,MAPA,Outras,sim
25302000,MAPA,"- Quieserita, epsomita (sulfatos de magnésio naturais)",sim
25309020,CNEN,"Areia de zircônio micronizada, própria para a preparação de esmaltes cerâmicos",sim
25309030,CNEN,Minerais de metais das terras raras,sim
25309040,MAPA,Terras corantes,sim
25309090,CNEN,Outras,sim
25309090,MAPA,Outras,sim
26030090,MAPA,Outros,sim
26080090,MAPA,Outros,sim
26121000,CNEN,- Minérios de urânio e seus concentrados,sim
26122000,CNEN,- Minérios de tório e seus concentrados,sim
26131010,MAPA,Molibdenita,sim
26131090,MAPA,Outros,sim
26179000,CNEN,- Outros,sim
26180000,IBAMA,ESCÓRIA DE ALTOS-FORNOS GRANULADA (AREIA DE ESCÓRIA) PR,sim
26190000,IBAMA,ESCÓRIAS (EXCETO ESCÓRIA DE ALTOS-FORNOS GRANULADA) E O,sim
26201100,IBAMA,-- Mates de galvanização,sim
26201900,IBAMA,-- Outros,sim
26202100,IBAMA,-- Lamas (borras) de gasolina que contenham chumbo e lamas (borras) de compostos antidetonantes que contenham chumbo,sim
26202900,IBAMA,-- Outros,sim
26203000,IBAMA,- Que contenham principalmente cobre,sim
26204000,IBAMA,- Que contenham principalmente alumínio,sim
26206000,IBAMA,"- Que contenham arsênio, mercúrio, tálio ou suas misturas, do tipo utilizado para extração de arsênio ou destes metais ou para fabricação dos seus compostos químicos",sim
26209100,IBAMA,"-- Que contenham antimônio, berílio, cádmio, cromo ou suas misturas",sim
26209910,IBAMA,Que contenham principalmente titânio,sim
26209990,IBAMA,Outros,sim
26211000,IBAMA,- Cinzas e resíduos provenientes da incineração de resíduos municipais,sim
26219010,IBAMA,Cinzas de origem vegetal,sim
26219090,IBAMA,Outras,sim
27021000,MAPA,"- Linhitas, mesmo em pó, mas não aglomeradas",sim
27022000,MAPA,- Linhitas aglomeradas,sim
27030000,MAPA,"Turfa (incluindo a turfa para cama de animais), mesmo aglomerada.",sim
27071000,ANP,- Benzol (benzeno),sim
27072000,ANP,- Toluol (tolueno),sim
27072000,ANVISA,- TOLUOL (TOLUENO),sim
27073000,ANP,- Xilol (xilenos),sim
27074000,ANP,- Naftaleno,sim
27075010,ANP,"MISTURAS QUE CONTENHAM TRIMETILBENZENOS E ETILTOLUENOS,",sim
27075090,ANP,OUTRAS,sim
27079100,IBAMA,-- ÓLEOS DE CREOSOTO,sim
27079990,ANP,Outros,sim
27090010,ANP,De petróleo,sim
27090090,ANP,Outros,sim
27101210,ANP,Hexano comercial,sim
27101230,ANP,Aguarrás mineral (white spirit),sim
27101241,ANP,Para petroquímica,sim
27101249,ANP,Outras,sim
27101249,ANVISA,OUTRAS,sim
27101251,ANP,De aviação,sim
27101259,ANP,Outras,sim
27101260,ANP,"Mistura de hidrocarbonetos acíclicos e cíclicos, saturados, derivados de frações de petróleo, contendo em peso, menos de 2 %, de hidrocarbonetos aromáticos, cuja curva de destilação, segundo o método ISO 3405 (equivalente ao método ASTM D 86), apresenta um ponto inicial mínimo de 70 °C e uma fração de destilado igual ou superior a 90 %, em volume, a 210 °C",sim
27101290,ANP,Outros,sim
27101911,ANP,De aviação,sim
27101919,ANP,Outros,sim
27101921,ANP,"Gasóleo"" (óleo diesel)""",sim
27101922,ANP,Fuel-oil,sim
27101929,ANP,Outros,sim
27101931,ANP,Sem aditivos,sim
27101932,ANP,Com aditivos,sim
27101991,ANP,Óleos minerais brancos (óleos de vaselina ou de parafina),sim
27101992,ANP,Líquidos para transmissões hidráulicas,sim
27101993,ANP,Óleos para isolamento elétrico,sim
27101994,ANP,"Mistura de hidrocarbonetos acíclicos e cíclicos, saturados, derivados de frações de petróleo, contendo, em peso, menos de 2 %, de hidrocarbonetos aromáticos, que destila, segundo o método ISO 3405 (equivalente ao método ASTM D 86), uma fração inferior a 90 %, em volume, a 210 °C com um ponto final máximo de 360 °C",sim
27101999,ANP,Outros,sim
27101999,ANVISA,OUTROS,sim
27109110,IBAMA,QUE CONTENHAM BIFENILAS POLICLORADAS (PCB) NUMA CONCENT,sim
27109120,IBAMA,"OUTROS, QUE CONTENHAM TERFENILAS POLICLORADAS (PCT) OU",sim
27109190,IBAMA,OUTROS,sim
27109900,IBAMA,-- Outros,sim
27111100,ANP,-- Gás natural,sim
27111210,ANP,Bruto,sim
27111290,ANP,Outros,sim
27111300,ANP,-- Butanos,sim
27111910,ANP,Gás liquefeito de petróleo (GLP),sim
27111990,ANP,Outros,sim
27111990,ANVISA,Outros,sim
27112100,ANP,-- Gás natural,sim
27112910,ANP,Butanos,sim
27112990,ANP,Outros,sim
27132000,ANP,- Betume de petróleo,sim
27139000,IBAMA,- Outros resíduos dos óleos de petróleo ou de minerais betuminosos,sim
27150000,ANP,"Misturas betuminosas à base de asfalto ou de betume naturais, de betume de petróleo, de alcatrão mineral ou de breu de alcatrão mineral (por exemplo, mástiques betuminosas e cut-backs).",sim
27150000,IBAMA,"Misturas betuminosas à base de asfalto ou de betume naturais, de betume de petróleo, de alcatrão mineral ou de breu de alcatrão mineral (por exemplo, mástiques betuminosas e cut-backs).",sim
27160000,ANEEL,Energia elétrica.,sim
28012090,IBAMA,OUTROS,sim
28020000,MAPA,Enxofre sublimado ou precipitado; enxofre coloidal.,sim
28020000,ANVISA,Enxofre sublimado ou precipitado; enxofre coloidal.,sim
28041000,ANVISA,- Hidrogênio,sim
28042100,ANVISA,-- Argônio (árgon),sim
28042910,ANVISA,Hélio líquido,sim
28042990,ANVISA,Outros,sim
28043000,ANVISA,- Nitrogênio (azoto),sim
28045000,IBAMA,- Boro; telúrio,sim
28045000,ANVISA,- Boro; telúrio,sim
28047010,EXERCITO,Branco,sim
28047020,POLICIA_FEDERAL,Vermelho ou amorfo,sim
28048000,IBAMA,- Arsênio,sim
28048000,ANVISA,- Arsênio,sim
28049000,IBAMA,- Selênio,sim
28049000,ANVISA,- Selênio,sim
28051990,ANVISA,Outros,sim
28053010,CNEN,"Liga de cério, com um teor de ferro inferior ou igual a 5 %, em peso (Mischmetal)",sim
28053090,CNEN,Outros,sim
28054000,IBAMA,- Mercúrio,sim
28061010,POLICIA_FEDERAL,Em estado gasoso ou liquefeito,sim
28061020,POLICIA_FEDERAL,Em solução aquosa,sim
28062000,EXERCITO,- Ácido clorossulfúrico,sim
28062000,POLICIA_FEDERAL,- Ácido clorossulfúrico,sim
28070010,POLICIA_FEDERAL,Ácido sulfúrico,sim
28070010,ANVISA,ÁCIDO SULFÚRICO,sim
28070020,POLICIA_FEDERAL,ÁCIDO SULFÚRICO FUMANTE (ÓLEUM),sim
28070020,ANVISA,ÁCIDO SULFÚRICO FUMANTE (ÓLEUM),sim
28080010,EXERCITO,Ácido nítrico,sim
28080010,MAPA,Ácido nítrico,sim
28091000,MAPA,- Pentóxido de difósforo,sim
28092011,MAPA,Com um teor de ferro inferior a 750 ppm,sim
28092019,MAPA,Outros,sim
28092020,MAPA,Ácidos metafosfóricos,sim
28092030,MAPA,Ácido pirofosfórico,sim
28092090,MAPA,Outros,sim
28100010,MAPA,Ácido ortobórico,sim
28100010,POLICIA_FEDERAL,Ácido ortobórico,sim
28100010,IBAMA,Ácido ortobórico,sim
28100090,MAPA,Outros,sim
28111100,EXERCITO,-- Fluoreto de hidrogênio (ácido fluorídrico),sim
28111200,EXERCITO,-- Cianeto de hidrogênio (ácido cianídrico ou ácido hidrociânico),sim
28111920,MAPA,Ácido fosfônico (ácido fosforoso),sim
28111930,EXERCITO,Ácido perclórico,sim
28111990,POLICIA_FEDERAL,Outros,sim
28112100,MAPA,-- Dióxido de carbono,sim
28112100,ANVISA,-- Dióxido de carbono,sim
28112210,MAPA,Obtido por precipitação química,sim
28112210,IBAMA,OBTIDO POR PRECIPITAÇÃO QUÍMICA,sim
28112210,ANVISA,OBTIDO POR PRECIPITAÇÃO QUÍMICA,sim
28112220,IBAMA,TIPO AEROGEL,sim
28112230,MAPA,Gel de sílica,sim
28112230,IBAMA,GEL DE SÍLICA,sim
28112290,IBAMA,OUTROS,sim
28112990,EXERCITO,Outros,sim
28121100,EXERCITO,-- Dicloreto de carbonila (fosgênio),sim
28121200,EXERCITO,-- Oxicloreto de fósforo,sim
28121300,EXERCITO,-- Tricloreto de fósforo,sim
28121400,EXERCITO,-- Pentacloreto de fósforo,sim
28121400,POLICIA_FEDERAL,-- Pentacloreto de fósforo,sim
28121500,EXERCITO,-- Monocloreto de enxofre,sim
28121600,EXERCITO,-- Dicloreto de enxofre,sim
28121700,EXERCITO,-- Cloreto de tionila,sim
28121911,EXERCITO,Tricloreto de arsênio,sim
28121919,EXERCITO,Outros,sim
28121920,EXERCITO,Oxicloretos,sim
28129000,EXERCITO,- Outros,sim
28139010,EXERCITO,Pentassulfeto de difósforo,sim
28139090,EXERCITO,Outros,sim
28142000,POLICIA_FEDERAL,- Amoníaco em solução aquosa (amônia),sim
28151100,MAPA,-- Sólido,sim
28151200,MAPA,-- Em solução aquosa (lixívia de soda cáustica),sim
28152000,MAPA,- Hidróxido de potássio (potassa cáustica),sim
28153000,MAPA,- Peróxidos de sódio ou de potássio,sim
28161010,MAPA,Hidróxido,sim
28161020,MAPA,Peróxido,sim
28164010,MAPA,Hidróxido de bário,sim
28164090,MAPA,Outros,sim
28170010,MAPA,Óxido de zinco (branco de zinco),sim
28170020,MAPA,Peróxido de zinco,sim
28191000,IBAMA,- Trióxido de cromo,sim
28199010,IBAMA,ÓXIDOS,sim
28199020,IBAMA,HIDRÓXIDOS,sim
28209010,MAPA,Óxido manganoso,sim
28211011,MAPA,"COM UM TEOR DE FE2O3 IGUAL OU SUPERIOR A 85 %, EM PESO",sim
28211030,MAPA,Hidróxidos de ferro,sim
28211090,MAPA,Outros,sim
28220090,MAPA,Outros,sim
28230010,MAPA,Tipo anatase,sim
28230090,MAPA,Outros,sim
28251010,EXERCITO,Hidrazina e seus sais inorgânicos,sim
28251020,POLICIA_FEDERAL,Hidroxilamina e seus sais inorgânicos,sim
28255010,MAPA,"Óxido cúprico, com um teor de CuO igual ou superior a 98 %, em peso",sim
28255010,IBAMA,"Óxido cúprico, com um teor de CuO igual ou superior a 98 %, em peso",sim
28255090,IBAMA,OUTROS,sim
28256020,CNEN,Dióxido de zircônio,sim
28257010,MAPA,Trióxido de molibdênio,sim
28259090,CNEN,Outros,sim
28261200,IBAMA,-- DE ALUMÍNIO,sim
28261920,EXERCITO,Fluoreto ácido de amônio,sim
28261990,EXERCITO,Outros,sim
28261990,IBAMA,Outros,sim
28261990,ANVISA,Outros,sim
28271000,MAPA,- Cloreto de amônio,sim
28271000,POLICIA_FEDERAL,- Cloreto de amônio,sim
28272010,MAPA,"Com um teor de CaCl2 igual ou superior a 98 %, em peso, em base seca",sim
28272090,MAPA,Outros,sim
28273190,MAPA,Outros,sim
28273920,EXERCITO,De titânio,sim
28273960,ANVISA,De lítio,sim
28274110,MAPA,Oxicloretos,sim
28275900,ANVISA,-- Outros,sim
28276012,MAPA,De potássio,sim
28276019,ANVISA,Outros,sim
28291920,EXERCITO,De potássio,sim
28299031,MAPA,De potássio,sim
28299032,MAPA,De cálcio,sim
28299050,EXERCITO,Percloratos,sim
28301010,EXERCITO,De dissódio,sim
28321010,MAPA,De dissódio,sim
28321090,MAPA,Outros,sim
28323010,MAPA,De amônio,sim
28323090,MAPA,Outros,sim
28331900,MAPA,-- Outros,sim
28332100,MAPA,-- De magnésio,sim
28332200,MAPA,-- De alumínio,sim
28332400,MAPA,-- De níquel,sim
28332510,MAPA,Cuproso,sim
28332520,MAPA,Cúprico,sim
28332520,IBAMA,Cúprico,sim
28332940,MAPA,Sulfato ferroso,sim
28332970,MAPA,De zinco,sim
28332990,MAPA,Outros,sim
28341010,MAPA,De sódio,sim
28342110,EXERCITO,"Com um teor de KNO3 inferior ou igual a 98 %, em peso",sim
28342110,MAPA,"Com um teor de KNO3 inferior ou igual a 98 %, em peso",sim
28342190,EXERCITO,Outros,sim
28342190,MAPA,Outros,sim
28342910,MAPA,"De cálcio, com um teor de nitrogênio (azoto) inferior ou igual a 16 %, em peso",sim
28342940,ANVISA,De lítio,sim
28342990,CNEN,Outros,sim
28342990,MAPA,Outros,sim
28342990,EXERCITO,Outros,sim
28351011,MAPA,De sódio,sim
28351019,MAPA,Outros,sim
28352400,MAPA,-- De potássio,sim
28352500,MAPA,-- Hidrogeno-ortofosfato de cálcio (fosfato dicálcico),sim
28352600,MAPA,-- Outros fosfatos de cálcio,sim
28352910,MAPA,De ferro,sim
28352920,MAPA,De cobalto,sim
28352990,MAPA,Outros,sim
28353110,MAPA,"GRAU ALIMENTÍCIO, DE ACORDO COM O ESTABELECIDO PELAFOOD",sim
28353190,MAPA,OUTROS,sim
28353910,MAPA,Metafosfatos de sódio,sim
28353920,MAPA,Pirofosfatos de sódio,sim
28353930,MAPA,Pirofosfato de zinco,sim
28353990,MAPA,Outros,sim
28362090,MAPA,OUTROS,sim
28363000,MAPA,- Hidrogenocarbonato (bicarbonato) de sódio,sim
28364000,MAPA,- Carbonatos de potássio,sim
28365000,MAPA,- Carbonato de cálcio,sim
28366010,MAPA,"COM UM TEOR DE BACO3 IGUAL OU SUPERIOR A 98 %, EM PESO",sim
28366090,MAPA,OUTROS,sim
28369100,ANVISA,-- Carbonatos de lítio,sim
28369912,CNEN,De zircônio,sim
28369919,MAPA,Outros,sim
28369919,ANVISA,OUTROS,sim
28371100,EXERCITO,-- De sódio,sim
28371911,EXERCITO,De potássio,sim
28399020,MAPA,De alumínio,sim
28399030,CNEN,De zircônio,sim
28399050,MAPA,De potássio,sim
28399090,MAPA,Outros,sim
28401100,MAPA,-- Anidro,sim
28401900,MAPA,-- Outro,sim
28402000,MAPA,- Outros boratos,sim
28402000,ANVISA,- OUTROS BORATOS,sim
28413000,POLICIA_FEDERAL,- Dicromato de sódio,sim
28415012,POLICIA_FEDERAL,Cromato de potássio,sim
28415014,POLICIA_FEDERAL,Dicromato de potássio,sim
28416100,POLICIA_FEDERAL,-- Permanganato de potássio,sim
28416100,ANVISA,-- PERMANGANATO DE POTÁSSIO,sim
28417010,MAPA,De amônio,sim
28417020,MAPA,De sódio,sim
28421010,MAPA,Zeólitas do tipo utilizado como trocadores de íons para o tratamento de águas,sim
28421090,MAPA,Outros,sim
28429000,MAPA,- Outros,sim
28441000,CNEN,"- Urânio natural e seus compostos; ligas, dispersões (incluindo os cermets), produtos cerâmicos e misturas que contenham urânio natural ou compostos de urânio natural",sim
28442000,CNEN,"- Urânio enriquecido em U235 e seus compostos; plutônio e seus compostos; ligas, dispersões (incluindo os cermets), produtos cerâmicos e misturas que contenham urânio enriquecido em U235, plutônio ou compostos destes produtos",sim
28443000,CNEN,"- Urânio empobrecido em U235 e seus compostos; tório e seus compostos; ligas, dispersões (incluindo os cermets), produtos cerâmicos e misturas que contenham urânio empobrecido em U235, tório ou compostos destes produtos",sim
28444100,CNEN,"-- TRÍTIO E SEUS COMPOSTOS; LIGAS, DISPERSÕES (INCLUIND",sim
28444100,DECEX,"-- TRÍTIO E SEUS COMPOSTOS; LIGAS, DISPERSÕES (INCLUIND",sim
28444200,CNEN,"-- ACTÍNIO-225, ACTÍNIO-227, CALIFÓRNIO-253, CÚRIO-240,",sim
28444200,DECEX,"-- ACTÍNIO-225, ACTÍNIO-227, CALIFÓRNIO-253, CÚRIO-240,",sim
28444310,CNEN,"MOLIBDÊNIO-99 ABSORVIDO EM ALUMINA, APTO PARA A OBTENÇÃ",sim
28444320,CNEN,COBALTO-60,sim
28444330,CNEN,IODO-131,sim
28444390,CNEN,OUTROS,sim
28444390,DECEX,OUTROS,sim
28444390,MCT,OUTROS,sim
28444400,CNEN,-- RESÍDUOS RADIOATIVOS,sim
28444400,DECEX,-- RESÍDUOS RADIOATIVOS,sim
28445000,CNEN,- Elementos combustíveis (cartuchos) usados (irradiados) de reatores nucleares,sim
28451000,CNEN,- Água pesada (óxido de deutério),sim
28452000,CNEN,- BORO ENRIQUECIDO EM BORO-10 E SEUS COMPOSTOS,sim
28453000,CNEN,- LÍTIO ENRIQUECIDO EM LÍTIO-6 E SEUS COMPOSTOS,sim
28454000,CNEN,- HÉLIO-3,sim
28459000,CNEN,- Outros,sim
28461010,CNEN,Óxido cérico,sim
28461090,CNEN,Outros,sim
28469010,CNEN,Óxido de praseodímio,sim
28469020,CNEN,Cloretos dos demais metais das terras raras,sim
28469090,CNEN,Outros,sim
28500010,MIN.DEFESA,NITRETO DE BORO,sim
28500020,MIN.DEFESA,SILICIETO DE CÁLCIO,sim
28500090,POLICIA_FEDERAL,Outros,sim
28500090,MIN.DEFESA,OUTROS,sim
28500090,EXERCITO,Outros,sim
28521014,POLICIA_FEDERAL,"Cloreto de mercúrio II (cloreto mercúrico), apresentado de outro modo",sim
28521019,EXERCITO,Outros,sim
28521022,ANVISA,Timerosal,sim
28521029,EXERCITO,Outros,sim
28529000,IBAMA,- OUTROS,sim
28531000,EXERCITO,- Cloreto de cianogênio (clorociano),sim
28539011,MAPA,De alumínio,sim
28539020,MAPA,Cianamida e seus derivados metálicos,sim
28539090,EXERCITO,Outros,sim
28539090,ANVISA,OUTROS,sim
29011000,ANP,- Saturados,sim
29012100,ANP,-- Etileno,sim
29012200,ANP,-- Propeno (propileno),sim
29012300,ANP,-- Buteno (butileno) e seus isômeros,sim
29012410,ANP,"Buta-1,3-dieno",sim
29012420,ANP,Isopreno,sim
29012900,ANP,-- Outros,sim
29021100,ANP,-- Cicloexano,sim
29021990,ANP,Outros,sim
29022000,ANP,- Benzeno,sim
29023000,ANP,- Tolueno,sim
29023000,POLICIA_FEDERAL,- Tolueno,sim
29023000,ANVISA,- TOLUENO,sim
29024100,ANP,-- o-Xileno,sim
29024200,ANP,-- m-Xileno,sim
29024300,ANP,-- p-Xileno,sim
29024400,ANP,-- Mistura de isômeros do xileno,sim
29029020,ANP,Naftaleno,sim
29029090,ANP,Outros,sim
29031110,ANVISA,CLOROMETANO (CLORETO DE METILA),sim
29031120,POLICIA_FEDERAL,Cloroetano (cloreto de etila),sim
29031120,ANVISA,CLOROETANO (CLORETO DE ETILA),sim
29031200,POLICIA_FEDERAL,-- DICLOROMETANO (CLORETO DE METILENO),sim
29031200,ANVISA,-- DICLOROMETANO (CLORETO DE METILENO),sim
29031300,POLICIA_FEDERAL,-- Clorofórmio (triclorometano),sim
29031300,ANVISA,-- CLOROFÓRMIO (TRICLOROMETANO),sim
29031400,IBAMA,-- Tetracloreto de carbono,sim
29031500,POLICIA_FEDERAL,"-- Dicloreto de etileno (ISO) (1,2-dicloroetano)",sim
29031910,IBAMA,"1,1,1-Tricloroetano (metilclorofórmio)",sim
29031910,ANVISA,"1,1,1-TRICLOROETANO (METILCLOROFÓRMIO)",sim
29032200,ANVISA,-- Tricloroetileno,sim
29032910,IBAMA,HEXACLOROBUTADIENO,sim
29032990,ANVISA,OUTROS,sim
29034100,IBAMA,-- TRIFLUOROMETANO (HFC-23),sim
29034200,IBAMA,-- DIFLUOROMETANO (HFC-32),sim
29034300,IBAMA,"-- FLUOROMETANO (HFC-41), 1,2-DIFLUOROETANO (HFC-152) E",sim
29034400,IBAMA,"-- PENTAFLUOROETANO (HFC-125), 1,1,1-TRIFLUOROETANO (HF",sim
29034510,IBAMA,"1,1,1,2-TETRAFLUOROETANO (HFC-134A)",sim
29034520,IBAMA,"1,1,2,2-TETRAFLUOROETANO (HFC-134)",sim
29034600,IBAMA,"-- 1,1,1,2,3,3,3-HEPTAFLUOROPROPANO (HFC-227EA), 1,1,1,",sim
29034700,IBAMA,"-- 1,1,1,3,3-PENTAFLUOROPROPANO (HFC-245FA) E 1,1,2,2,3",sim
29034800,IBAMA,"-- 1,1,1,3,3-PENTAFLUOROBUTANO (HFC-365MFC) E 1,1,1,2,2",sim
29034900,IBAMA,-- OUTROS,sim
29035100,IBAMA,"-- 2,3,3,3-TETRAFLUOROPROPENO (HFO-1234YF), 1,3,3,3-TET",sim
29035910,EXERCITO,"1,1,3,3,3-PENTAFLUORO-2-(TRIFLUOROMETIL)PROP-1-ENO",sim
29036100,IBAMA,-- BROMETO DE METILA (BROMOMETANO),sim
29036200,IBAMA,"-- DIBROMETO DE ETILENO (ISO) (1,2-DIBROMOETANO)",sim
29036990,IBAMA,OUTROS,sim
29037100,IBAMA,-- Clorodifluorometanos,sim
29037200,IBAMA,-- Diclorotrifluoroetanos,sim
29037300,IBAMA,-- Diclorofluoroetanos,sim
29037400,IBAMA,-- Clorodifluoroetanos,sim
29037500,IBAMA,-- Dicloropentafluoropropanos,sim
29037600,IBAMA,"-- Bromoclorodifluorometano, bromotrifluorometano e dibromotetrafluorometanos",sim
29037711,IBAMA,Triclorofluorometano,sim
29037712,IBAMA,Diclorodifluorometano,sim
29037713,IBAMA,Clorotrifluorometano,sim
29037721,IBAMA,Triclorotrifluoroetanos,sim
29037722,IBAMA,Diclorotetrafluoroetanos e cloropentafluoroetano,sim
29037723,IBAMA,Pentaclorofluoroetano,sim
29037724,IBAMA,Tetraclorodifluoroetanos,sim
29037731,IBAMA,Heptaclorofluoropropanos,sim
29037732,IBAMA,Hexaclorodifluoropropanos,sim
29037733,IBAMA,Pentaclorotrifluoropropanos,sim
29037734,IBAMA,Tetraclorotetrafluoropropanos,sim
29037735,IBAMA,Tricloropentafluoropropanos,sim
29037736,IBAMA,Dicloroexafluoropropanos,sim
29037737,IBAMA,Cloroeptafluoropropanos,sim
29037790,IBAMA,Outros,sim
29037800,IBAMA,-- Outros derivados peralogenados,sim
29037911,IBAMA,Clorofluoroetanos,sim
29037912,IBAMA,Clorotetrafluoroetanos,sim
29037919,IBAMA,Outros,sim
29037920,IBAMA,"Derivados do metano, etano ou propano, halogenados unicamente com flúor e bromo",sim
29037931,ANVISA,Halotano,sim
29037939,ANVISA,Outros,sim
29037990,IBAMA,Outros,sim
29038110,ANVISA,Lindano,sim
29038120,IBAMA,ALFA-HEXACLOROCICLOEXANO,sim
29038130,IBAMA,BETA-HEXACLOROCICLOEXANO,sim
29038190,ANVISA,Outros,sim
29038210,IBAMA,Aldrin,sim
29038220,IBAMA,Clordano,sim
29038230,IBAMA,Heptacloro,sim
29038300,IBAMA,-- Mirex (ISO),sim
29038910,IBAMA,HEXABROMOCICLODODECANOS (HBCD),sim
29038990,IBAMA,OUTROS,sim
29039210,IBAMA,Hexaclorobenzeno,sim
29039220,IBAMA,DDT,sim
29039300,IBAMA,-- Pentaclorobenzeno (ISO),sim
29039400,IBAMA,-- HEXABROMOBIFENILAS,sim
29039911,EXERCITO,Cloreto de benzila,sim
29039915,IBAMA,CLORONAFTALENOS,sim
29039917,EXERCITO,Cloretos de xilila,sim
29039918,IBAMA,Bifenilas policloradas (PCB); terfenilas policloradas (PCT),sim
29039919,IBAMA,Outros,sim
29039921,POLICIA_FEDERAL,Bromobenzeno,sim
29039922,EXERCITO,Brometos de xilila,sim
29039924,IBAMA,BIFENILAS POLIBROMADAS (PBB),sim
29039929,EXERCITO,Outros,sim
29039990,EXERCITO,Outros,sim
29042030,EXERCITO,Dinitrotoluenos,sim
29042041,EXERCITO,"2,4,6-Trinitrotolueno (TNT)",sim
29042049,EXERCITO,Outros,sim
29042052,EXERCITO,"1,3,5-Trinitrobenzeno",sim
29042059,EXERCITO,Outros,sim
29042060,EXERCITO,Derivados nitrados do xileno,sim
29042070,POLICIA_FEDERAL,Mononitroetano; nitrometanos,sim
29042070,EXERCITO,Mononitroetano; nitrometanos,sim
29042090,EXERCITO,Outros,sim
29042090,MIN.DEFESA,OUTROS,sim
29042090,ANVISA,Outros,sim
29043100,IBAMA,-- ÁCIDO PERFLUOROCTANO SULFÔNICO,sim
29043200,IBAMA,-- PERFLUOROCTANOSSULFONATO DE AMÔNIO,sim
29043300,IBAMA,-- PERFLUOROCTANOSSULFONATO DE LÍTIO,sim
29043400,IBAMA,-- PERFLUOROCTANOSSULFONATO DE POTÁSSIO,sim
29043500,IBAMA,-- OUTROS SAIS DO ÁCIDO PERFLUOROCTANO SULFÔNICO,sim
29043600,IBAMA,-- FLUORETO DE PERFLUOROCTANOSSULFONILA,sim
29049100,EXERCITO,-- Tricloronitrometano (cloropicrina),sim
29049919,EXERCITO,Outros,sim
29049990,IBAMA,OUTROS,sim
29051100,ANP,-- Metanol (álcool metílico),sim
29051220,ANVISA,ÁLCOOL ISOPROPÍLICO,sim
29051995,EXERCITO,"3,3-Dimetilbutan-2-ol (álcool pinacolílico)",sim
29052290,ANVISA,OUTROS,sim
29052990,ANVISA,Outros,sim
29053200,ANVISA,"-- PROPILENOGLICOL (PROPANO-1,2-DIOL)",sim
29054300,POLICIA_FEDERAL,-- Manitol,sim
29054300,ANVISA,-- MANITOL,sim
29054400,ANVISA,-- D-GLUCITOL (SORBITOL),sim
29055100,ANVISA,-- Etclorvinol (DCI),sim
29055910,ANVISA,Hidrato de cloral,sim
29055990,EXERCITO,Outros,sim
29055990,ANVISA,Outros,sim
29061300,MAPA,-- Esteróis e inositóis,sim
29062920,IBAMA,DICOFOL,sim
29062990,ANVISA,Outros,sim
29071200,EXERCITO,-- Cresóis e seus sais,sim
29071590,MAPA,OUTROS,sim
29071590,ANVISA,Outros,sim
29071990,MAPA,Outros,sim
29071990,ANVISA,Outros,sim
29072900,MAPA,-- OUTROS,sim
29072900,ANVISA,-- Outros,sim
29081100,IBAMA,-- Pentaclorofenol (ISO),sim
29089100,IBAMA,-- DINOSEB (ISO) E SEUS SAIS,sim
29089200,IBAMA,"-- 4,6-DINITRO-O-CRESOL (DNOC (ISO)) E SEUS SAIS",sim
29089913,EXERCITO,Ácido pícrico,sim
29089919,EXERCITO,Outros,sim
29091100,POLICIA_FEDERAL,-- Éter dietílico (óxido de dietila),sim
29091910,ANP,Éter metil-ter-butílico (MTBE),sim
29091920,ANVISA,Sevoflurano,sim
29091990,EXERCITO,Outros,sim
29093023,IBAMA,ÉTERES TETRA- OU PENTABROMODIFENÍLICOS,sim
29093024,IBAMA,"ÉTERES HEXA-, HEPTA- OU OCTABROMODIFENÍLICOS",sim
29093025,IBAMA,ÉTER DECABROMODIFENÍLICO,sim
29093029,EXERCITO,Outros,sim
29094924,ANVISA,ÉTER FENÍLICO DO ETILENOGLICOL,sim
29095019,ANVISA,OUTROS,sim
29101000,MAPA,- Oxirano (óxido de etileno),sim
29102000,MAPA,- Metiloxirano (óxido de propileno),sim
29102000,ANVISA,- METILOXIRANO (ÓXIDO DE PROPILENO),sim
29104000,IBAMA,"- Dieldrin (ISO, DCI)",sim
29105000,IBAMA,- Endrin (ISO),sim
29109090,EXERCITO,Outros,sim
29121919,EXERCITO,Outros,sim
29126000,MAPA,- PARAFORMALDEÍDO,sim
29141100,POLICIA_FEDERAL,-- Acetona,sim
29141100,ANVISA,-- ACETONA,sim
29141200,POLICIA_FEDERAL,-- Butanona (metiletilcetona),sim
29141200,ANVISA,-- BUTANONA (METILETILCETONA),sim
29142210,ANP,Cicloexanona,sim
29143100,POLICIA_FEDERAL,-- Fenilacetona (fenilpropan-2-ona),sim
29143100,ANVISA,-- Fenilacetona (fenilpropan-2-ona),sim
29143990,MAPA,OUTRAS,sim
29143990,ANVISA,Outras,sim
29145090,ANVISA,Outras,sim
29146200,MAPA,-- Coenzima Q10 (ubidecarenona (DCI)),sim
29146200,EXERCITO,-- Coenzima Q10 (ubidecarenona (DCI)),sim
29146920,MAPA,MENADIONA,sim
29146990,MAPA,Outras,sim
29146990,EXERCITO,Outras,sim
29147100,EXERCITO,-- Clordecona (ISO),sim
29147919,EXERCITO,Outros,sim
29147990,ANVISA,Outros,sim
29151100,MAPA,-- Ácido fórmico,sim
29151100,POLICIA_FEDERAL,-- Ácido fórmico,sim
29151210,MAPA,De sódio,sim
29151290,MAPA,Outros,sim
29151290,POLICIA_FEDERAL,Outros,sim
29151310,MAPA,De geranila,sim
29151390,MAPA,Outros,sim
29152100,MAPA,-- Ácido acético,sim
29152100,POLICIA_FEDERAL,-- Ácido acético,sim
29152400,MAPA,-- Anidrido acético,sim
29152400,POLICIA_FEDERAL,-- Anidrido acético,sim
29152400,ANVISA,-- ANIDRIDO ACÉTICO,sim
29152910,MAPA,Acetato de sódio,sim
29152920,MAPA,Acetatos de cobalto,sim
29152990,MAPA,Outros,sim
29153100,MAPA,-- Acetato de etila,sim
29153100,POLICIA_FEDERAL,-- Acetato de etila,sim
29153200,MAPA,-- Acetato de vinila,sim
29153300,MAPA,-- Acetato de n-butila,sim
29153600,MAPA,-- Acetato de dinoseb (ISO),sim
29153910,MAPA,Acetato de linalila,sim
29153921,MAPA,Triacetina,sim
29153929,MAPA,Outros,sim
29153931,MAPA,De n-propila,sim
29153932,MAPA,Acetato de 2-etoxietila,sim
29153939,MAPA,Outros,sim
29153941,MAPA,De decila,sim
29153942,MAPA,De hexenila,sim
29153951,MAPA,De benzestrol,sim
29153952,MAPA,De dienoestrol,sim
29153953,MAPA,De hexestrol,sim
29153954,MAPA,De mestilbol,sim
29153955,MAPA,De estilbestrol,sim
29153961,MAPA,De tricloro-alfa-feniletila,sim
29153962,MAPA,De triclorometilfenilcarbinila,sim
29153963,MAPA,Diacetato de etilenoglicol (diacetato de etileno),sim
29153991,MAPA,De 2-ter-butilcicloexila,sim
29153992,MAPA,De bornila,sim
29153993,MAPA,De dimetilbenzilcarbinila,sim
29153994,MAPA,Bis(p-acetoxifenil)cicloexilidenometano (ciclofenil),sim
29153999,MAPA,Outros,sim
29153999,ANVISA,OUTROS,sim
29154010,MAPA,Ácido monocloroacético,sim
29154020,MAPA,Monocloroacetato de sódio,sim
29154090,MAPA,Outros,sim
29154090,EXERCITO,Outros,sim
29155010,MAPA,Ácido propiônico,sim
29155020,MAPA,Sais,sim
29155030,MAPA,Ésteres,sim
29156011,MAPA,Ácidos butanóicos e seus sais,sim
29156012,MAPA,Butanoato de etila,sim
29156019,MAPA,Outros,sim
29156019,ANVISA,Outros,sim
29156021,MAPA,Ácido piválico,sim
29156029,MAPA,Outros,sim
29156029,ANVISA,Outros,sim
29157011,MAPA,ÁCIDO PALMÍTICO,sim
29157019,MAPA,Outros,sim
29157020,MAPA,Ácido esteárico,sim
29157020,ANVISA,Ácido esteárico,sim
29157031,MAPA,De zinco,sim
29157031,ANVISA,De zinco,sim
29157039,MAPA,Outros,sim
29157039,ANVISA,Outros,sim
29157040,MAPA,Ésteres do ácido esteárico,sim
29157040,ANVISA,Ésteres do ácido esteárico,sim
29159010,MAPA,Cloreto de cloroacetila,sim
29159021,MAPA,Ácido 2-etilexanóico (ácido 2-etilexóico),sim
29159022,MAPA,2-Etilexanoato de estanho II,sim
29159023,MAPA,Di(2-etilexanoato) de trietilenoglicol,sim
29159024,MAPA,Cloreto de 2-etilexanoíla,sim
29159029,MAPA,Outros,sim
29159031,MAPA,Ácido mirístico,sim
29159032,MAPA,Ácido caprílico,sim
29159033,MAPA,Miristato de isopropila,sim
29159039,MAPA,Outros,sim
29159041,MAPA,Ácido láurico,sim
29159043,MAPA,LAURATO DE PENTACLOROBIFENILA,sim
29159049,MAPA,OUTROS,sim
29159050,MAPA,Peróxidos de ácidos,sim
29159060,MAPA,Peroxiácidos,sim
29159090,MAPA,Outros,sim
29159090,EXERCITO,Outros,sim
29159090,POLICIA_FEDERAL,Outros,sim
29159090,ANVISA,Outros,sim
29161110,MAPA,Ácido acrílico,sim
29161120,MAPA,Sais,sim
29161210,MAPA,De metila,sim
29161220,MAPA,De etila,sim
29161230,MAPA,De butila,sim
29161240,MAPA,De 2-etilexila,sim
29161290,MAPA,Outros,sim
29161310,MAPA,Ácido metacrílico,sim
29161320,MAPA,Sais,sim
29161410,MAPA,De metila,sim
29161420,MAPA,De etila,sim
29161430,MAPA,De n-butila,sim
29161490,MAPA,Outros,sim
29161511,MAPA,Oleato de manitol,sim
29161519,MAPA,OUTROS,sim
29161519,ANVISA,Outros,sim
29161520,MAPA,Ácido linoleico; ácido linolênico; seus sais e seus ésteres,sim
29161600,IBAMA,-- BINAPACRIL (ISO),sim
29161911,MAPA,Sorbato de potássio,sim
29161919,MAPA,Outros,sim
29161990,MAPA,Outros,sim
29162013,MAPA,Aletrinas,sim
29162014,MAPA,Permetrina,sim
29162015,MAPA,Bifentrin,sim
29162019,MAPA,Outros,sim
29162090,MAPA,Outros,sim
29163110,MAPA,Ácido benzóico,sim
29163110,POLICIA_FEDERAL,Ácido benzóico,sim
29163121,MAPA,De sódio,sim
29163122,MAPA,De amônio,sim
29163129,MAPA,Outros,sim
29163131,MAPA,De metila,sim
29163132,MAPA,De benzila,sim
29163139,MAPA,Outros,sim
29163210,MAPA,Peróxido de benzoíla,sim
29163220,MAPA,Cloreto de benzoíla,sim
29163400,MAPA,-- Ácido fenilacético e seus sais,sim
29163400,POLICIA_FEDERAL,-- Ácido fenilacético e seus sais,sim
29163400,ANVISA,-- Ácido fenilacético e seus sais,sim
29163910,MAPA,Cloreto de 4-cloro-alfa-(1-metiletil)benzenoacetila,sim
29163920,MAPA,Ibuprofeno,sim
29163930,MAPA,Ácido 4-cloro-3-nitrobenzóico,sim
29163940,MAPA,Perbenzoato de ter-butila,sim
29163990,MAPA,Outros,sim
29163990,ANVISA,Outros,sim
29171110,EXERCITO,Ácido oxálico e seus sais,sim
29171310,MAPA,"ÁCIDO AZELAICO, SEUS SAIS E SEUS ÉSTERES",sim
29171990,ANVISA,Outros,sim
29181100,MAPA,"-- Ácido láctico, seus sais e seus ésteres",sim
29181200,MAPA,-- Ácido tartárico,sim
29181310,MAPA,Sais,sim
29181320,MAPA,Ésteres,sim
29181400,MAPA,-- Ácido cítrico,sim
29181400,ANVISA,-- ÁCIDO CÍTRICO,sim
29181500,MAPA,-- Sais e ésteres do ácido cítrico,sim
29181500,ANVISA,-- Sais e ésteres do ácido cítrico,sim
29181610,MAPA,Gluconato de cálcio,sim
29181690,MAPA,Outros,sim
29181690,ANVISA,Outros,sim
29181700,EXERCITO,"-- Ácido 2,2-difenil-2-hidroxiacético (ácido benzílico)",sim
29181700,MAPA,"-- Ácido 2,2-difenil-2-hidroxiacético (ácido benzílico)",sim
29181800,MAPA,-- Clorobenzilato (ISO),sim
29181910,MAPA,Bromopropilato,sim
29181929,ANVISA,Outros,sim
29181930,MAPA,Ácido 12-hidroxiesteárico,sim
29181942,MAPA,Sais,sim
29181943,MAPA,Ésteres,sim
29181990,MAPA,Outros,sim
29181990,ANVISA,OUTROS,sim
29182110,MAPA,Ácido salicílico,sim
29182110,ANVISA,Ácido salicílico,sim
29182120,MAPA,Sais,sim
29182120,ANVISA,Sais,sim
29182211,MAPA,Ácido o-acetilsalicílico,sim
29182211,ANVISA,Ácido o-acetilsalicílico,sim
29182212,MAPA,o-Acetilsalicilato de alumínio,sim
29182212,ANVISA,o-Acetilsalicilato de alumínio,sim
29182219,MAPA,Outros,sim
29182220,MAPA,Ésteres,sim
29182300,MAPA,-- Outros ésteres do ácido salicílico e seus sais,sim
29182910,MAPA,Ácidos hidroxinaftóicos,sim
29182921,MAPA,Ácido p-hidroxibenzóico,sim
29182922,MAPA,Metilparabeno,sim
29182922,ANVISA,Metilparabeno,sim
29182923,MAPA,Propilparabeno,sim
29182923,ANVISA,Propilparabeno,sim
29182929,MAPA,Outros,sim
29182929,ANVISA,OUTROS,sim
29182930,MAPA,"Ácido gálico, seus sais e seus ésteres",sim
29182940,MAPA,"Tetrakis(3-(3,5-di-ter-butil-4-hidroxifenil)propionato) de pentaeritritila",sim
29182950,MAPA,"3-(3,5-Di-ter-butil-4-hidroxifenil)propionato de octadecila",sim
29182990,MAPA,Outros,sim
29183010,MAPA,Cetoprofeno,sim
29183010,ANVISA,CETOPROFENO,sim
29183020,MAPA,Butirilacetato de metila,sim
29189100,IBAMA,"-- 2,4,5-T (ISO) (ÁCIDO 2,4,5-TRICLOROFENOXIACÉTICO), S",sim
29189912,MAPA,"Ácido 2,4-diclorofenoxiacético (2,4-D), seus sais e seus ésteres",sim
29189919,MAPA,Outros,sim
29189919,EXERCITO,Outros,sim
29189930,MAPA,Acifluorfen sódico,sim
29189940,MAPA,Naproxeno,sim
29189940,ANVISA,NAPROXENO,sim
29189950,MAPA,"ÁCIDO 3-(2-CLORO-ALFA, ALFA, ALFA-TRIFLUOR-P-TOLILOXI)B",sim
29189960,MAPA,Diclofop-metila,sim
29189991,MAPA,Fenofibrato,sim
29189992,MAPA,"Ácidos metilclorofenoxiacéticos, seus sais e seus ésteres",sim
29189993,MAPA,5-(2-Cloro-4-trifluorometilfenoxi)-2-nitrobenzoato de 1'-(carboetoxi)etila (lactofen),sim
29189994,MAPA,"Ácido 4-(4-hidroxifenoxi)-3,5-diiodofenilacético",sim
29189999,MAPA,Outros,sim
29189999,ANVISA,Outros,sim
29191000,IBAMA,"- FOSFATO DE TRIS(2,3-DIBROMOPROPILA)",sim
29199040,MAPA,Diclorvós (DDVP),sim
29199050,MAPA,Lactofosfato de cálcio,sim
29199060,MAPA,Clorfenvinfós,sim
29199090,MAPA,Outros,sim
29199090,ANVISA,Outros,sim
29201110,IBAMA,PARATION (ETIL PARATION),sim
29201120,MAPA,Paration-metila (metil paration),sim
29201910,MAPA,Fenitrotion,sim
29201920,MAPA,Cloreto de fosforotioato de dimetila,sim
29201990,MAPA,Outros,sim
29202100,EXERCITO,-- Fosfito de dimetila,sim
29202200,EXERCITO,-- Fosfito de dietila,sim
29202300,EXERCITO,-- Fosfito de trimetila,sim
29202400,EXERCITO,-- Fosfito de trietila,sim
29202940,MAPA,Fosetil Al,sim
29202990,EXERCITO,Outros,sim
29203000,MAPA,- Endossulfan (ISO),sim
29203000,IBAMA,- Endossulfan (ISO),sim
29209022,MAPA,Propargite,sim
29209032,EXERCITO,Nitroglicerina,sim
29209033,MIN.DEFESA,"TETRANITRATO DE PENTAERITRITOL (PETN, NITROPENTA, PENTR",sim
29209033,EXERCITO,"Tetranitrato de pentaeritritol (PETN, nitropenta, pentrita)",sim
29209039,EXERCITO,Outros,sim
29209049,EXERCITO,Outros,sim
29209090,EXERCITO,Outros,sim
29209090,ANVISA,OUTROS,sim
29211111,MAPA,Monometilamina,sim
29211111,POLICIA_FEDERAL,Monometilamina,sim
29211112,MAPA,Sais,sim
29211112,POLICIA_FEDERAL,Sais,sim
29211121,EXERCITO,Dimetilamina,sim
29211121,MAPA,Dimetilamina,sim
29211122,MAPA,"2,4-Diclorofenoxiacetato de dimetilamina",sim
29211123,MAPA,Metilclorofenoxiacetato de dimetilamina,sim
29211129,MAPA,Outros,sim
29211129,EXERCITO,Outros,sim
29211131,MAPA,Trimetilamina,sim
29211132,MAPA,Cloridrato de trimetilamina,sim
29211200,MCT,"-- Cloridrato de 2-cloroetil(N,N-dimetilamina)",sim
29211300,MCT,"-- Cloridrato de 2-cloroetil(N,N-dietilamina)",sim
29211400,MCT,"-- Cloridrato de 2-cloroetil(N,N-diisopropilamina)",sim
29211911,MAPA,Monoetilamina e seus sais,sim
29211911,POLICIA_FEDERAL,Monoetilamina e seus sais,sim
29211912,MAPA,Trietilamina,sim
29211913,EXERCITO,Bis(2-cloroetil)etilamina,sim
29211913,MAPA,Bis(2-cloroetil)etilamina,sim
29211914,EXERCITO,Triclormetina (DCI) (tris(2-cloroetil)amina),sim
29211914,MAPA,Triclormetina (DCI) (tris(2-cloroetil)amina),sim
29211915,MAPA,"Dietilamina e seus sais, exceto etansilato (ethamsylate)",sim
29211915,POLICIA_FEDERAL,"Dietilamina e seus sais, exceto etansilato (ethamsylate)",sim
29211919,MAPA,Outros,sim
29211919,MCT,Outros,sim
29211924,EXERCITO,Diisopropilamina e seus sais,sim
29211939,POLICIA_FEDERAL,Outros,sim
29211991,EXERCITO,Clormetina (DCI) (bis(2-cloroetil)metilamina),sim
29211992,MCT,"N,N-Dialquil-2-cloroetilamina, com grupos alquila de C1 a C3, e seus sais protonados",sim
29211993,MCT,MUCATO DE ISOMETEPTENO,sim
29211994,MCT,"N,N-Dimetilcetilamina",sim
29211994,MAPA,"N,N-Dimetilcetilamina",sim
29211999,MAPA,Outros,sim
29211999,MCT,Outros,sim
29211999,ANVISA,Outros,sim
29212100,MAPA,-- Etilenodiamina e seus sais,sim
29212200,MAPA,-- Hexametilenodiamina e seus sais,sim
29212910,MAPA,Dietilenotriamina e seus sais,sim
29212920,MAPA,Trietilenotetramina e seus sais,sim
29212990,MAPA,Outros,sim
29212990,EXERCITO,Outros,sim
29212990,ANVISA,Outros,sim
29213011,MAPA,Monocicloexilamina e seus sais,sim
29213012,MAPA,Dicicloexilamina,sim
29213019,MAPA,Outros,sim
29213020,ANVISA,Propilexedrina,sim
29213020,MAPA,Propilexedrina,sim
29213090,MAPA,Outros,sim
29213090,ANVISA,Outros,sim
29214100,MAPA,-- Anilina e seus sais,sim
29214211,MAPA,Ácido sulfanílico e seus sais,sim
29214219,MAPA,Outros,sim
29214221,MAPA,"3,4-Dicloroanilina e seus sais",sim
29214229,MAPA,Outros,sim
29214231,MAPA,4-Nitroanilina,sim
29214239,MAPA,Outros,sim
29214239,EXERCITO,Outros,sim
29214249,MAPA,Outros,sim
29214290,EXERCITO,Outros,sim
29214322,MAPA,Trifluralina,sim
29214329,MAPA,Outros,sim
29214429,EXERCITO,Outros,sim
29214500,MAPA,"-- 1-Naftilamina (alfa-naftilamina), 2-naftilamina (beta-naftilamina), e seus derivados; sais destes produtos",sim
29214610,ANVISA,Anfetamina e seus sais,sim
29214610,MAPA,Anfetamina e seus sais,sim
29214620,ANVISA,Benzofetamina e seus sais,sim
29214620,MAPA,Benzofetamina e seus sais,sim
29214630,ANVISA,Dexanfetamina e seus sais,sim
29214630,MAPA,Dexanfetamina e seus sais,sim
29214640,ANVISA,Etilanfetamina e seus sais,sim
29214640,MAPA,Etilanfetamina e seus sais,sim
29214650,ANVISA,Fencanfamina e seus sais,sim
29214650,MAPA,Fencanfamina e seus sais,sim
29214660,ANVISA,Fentermina e seus sais,sim
29214660,MAPA,Fentermina e seus sais,sim
29214670,ANVISA,Lefetamina e seus sais,sim
29214670,MAPA,Lefetamina e seus sais,sim
29214680,ANVISA,Levanfetamina e seus sais,sim
29214680,MAPA,Levanfetamina e seus sais,sim
29214690,ANVISA,Mefenorex e seus sais,sim
29214690,MAPA,Mefenorex e seus sais,sim
29214910,ANVISA,Cloridrato de fenfluramina,sim
29214922,MAPA,Pendimetalina,sim
29214931,ANVISA,Sulfato de tranilcipromina,sim
29214931,MAPA,Sulfato de tranilcipromina,sim
29214939,MAPA,Outros,sim
29214939,ANVISA,Outros,sim
29214990,MAPA,Outros,sim
29214990,ANVISA,Outros,sim
29215111,MAPA,m-Fenilenodiamina e seus sais,sim
29215112,MAPA,Diaminotoluenos (toluilenodiaminas),sim
29215119,MAPA,Outros,sim
29215120,MAPA,Derivados sulfonados das fenilenodiaminas e de seus derivados; sais destes produtos,sim
29215131,MAPA,"N,N'-Di-sec-butil-p-fenilenodiamina",sim
29215132,MAPA,N-Isopropil-N'-fenil-p-fenilenodiamina,sim
29215133,MAPA,"N-(1,3-Dimetilbutil)-N'-fenil-p-fenilenodiamina",sim
29215134,MAPA,"N-(1,4-Dimetilpentil)-N'-fenil-p-fenilenodiamina",sim
29215135,MAPA,N-Fenil-p-fenilenodiamina (4-aminodifenilamina) e seus sais,sim
29215139,MAPA,Outros,sim
29215190,MAPA,Outros,sim
29215911,MAPA,"3,3'-Diclorobenzidina",sim
29215919,MAPA,Outros,sim
29215921,MAPA,"4,4'-Diaminodifenilmetano",sim
29215929,MAPA,Outros,sim
29215931,MAPA,"4,4'-Diaminodifenilamina e seus sais",sim
29215932,MAPA,"Ácido 4,4'-diaminodifenilamino-2-sulfônico e seus sais",sim
29215939,MAPA,Outros,sim
29215990,MAPA,Outros,sim
29215990,MIN.DEFESA,OUTROS,sim
29215990,ANVISA,Outros,sim
29221100,MAPA,-- Monoetanolamina e seus sais,sim
29221200,MAPA,-- Dietanolamina e seus sais,sim
29221400,ANVISA,-- Dextropropoxifeno (DCI) e seus sais,sim
29221400,MAPA,-- Dextropropoxifeno (DCI) e seus sais,sim
29221500,EXERCITO,-- Trietanolamina,sim
29221500,MAPA,-- Trietanolamina,sim
29221600,MAPA,-- Perfluoroctanossulfonato de dietanolamônio,sim
29221600,ANVISA,-- Perfluoroctanossulfonato de dietanolamônio,sim
29221700,EXERCITO,-- Metildietanolamina e etildietanolamina,sim
29221700,MAPA,-- Metildietanolamina e etildietanolamina,sim
29221700,MCT,-- Metildietanolamina e etildietanolamina,sim
29221800,EXERCITO,"-- 2-(N,N-diisopropilamino)etanol",sim
29221800,MAPA,"-- 2-(N,N-diisopropilamino)etanol",sim
29221911,MAPA,Monoisopropanolamina,sim
29221912,MAPA,"2,4-Diclorofenoxiacetato de triisopropanolamina",sim
29221913,MAPA,"2,4-Diclorofenoxiacetato de dimetilpropanolamina",sim
29221919,MAPA,Outros,sim
29221919,ANVISA,Outros,sim
29221921,MAPA,Citrato,sim
29221921,ANVISA,Citrato,sim
29221929,MAPA,Outros,sim
29221931,MAPA,Cloridrato,sim
29221931,ANVISA,Cloridrato,sim
29221939,MAPA,Outros,sim
29221939,ANVISA,Outros,sim
29221941,MAPA,Cloridrato,sim
29221941,ANVISA,Cloridrato,sim
29221949,MAPA,Outros,sim
29221949,ANVISA,Outros,sim
29221951,MAPA,"N,N-Dimetil-2-aminoetanol e seus sais protonados",sim
29221952,MAPA,"N,N-Dietil-2-aminoetanol e seus sais protonados",sim
29221959,EXERCITO,Outros,sim
29221959,MAPA,Outros,sim
29221959,MCT,OUTROS,sim
29221971,MAPA,CLORIDRATO,sim
29221979,MAPA,OUTROS,sim
29221981,MAPA,TARTARATO,sim
29221981,ANVISA,Tartarato,sim
29221989,MAPA,OUTROS,sim
29221992,MAPA,Fumarato de benciclano,sim
29221992,ANVISA,Fumarato de benciclano,sim
29221993,MAPA,Clembuterol (clenbuterol) e seu cloridrato,sim
29221993,ANVISA,Clembuterol (clenbuterol) e seu cloridrato,sim
29221994,MAPA,Mirtecaína,sim
29221994,ANVISA,Mirtecaína,sim
29221995,MAPA,Tamoxifen e seu citrato,sim
29221995,ANVISA,Tamoxifen e seu citrato,sim
29221996,MAPA,PROPRANOLOL E SEUS SAIS,sim
29221999,POLICIA_FEDERAL,Outros,sim
29221999,MAPA,Outros,sim
29221999,EXERCITO,Outros,sim
29221999,MCT,Outros,sim
29221999,ANVISA,Outros,sim
29222100,MAPA,-- Ácidos aminohidroxinaftalenossulfônicos e seus sais,sim
29222911,EXERCITO,p-Aminofenol,sim
29222911,MAPA,p-Aminofenol,sim
29222919,MAPA,Outros,sim
29222919,EXERCITO,Outros,sim
29222920,MAPA,Nitroanisidinas e seus sais,sim
29222990,MAPA,Outros,sim
29222990,EXERCITO,Outros,sim
29222990,ANVISA,Outros,sim
29223111,ANVISA,Anfepramona,sim
29223111,MAPA,Anfepramona,sim
29223112,ANVISA,Sais,sim
29223112,MAPA,Sais,sim
29223120,ANVISA,Metadona e seus sais,sim
29223120,MAPA,Metadona e seus sais,sim
29223130,ANVISA,Normetadona e seus sais,sim
29223130,MAPA,Normetadona e seus sais,sim
29223910,MAPA,Aminoantraquinonas e seus sais,sim
29223921,ANVISA,Cloridrato,sim
29223921,MAPA,Cloridrato,sim
29223929,MAPA,Outros,sim
29223929,ANVISA,Outros,sim
29223990,MAPA,Outros,sim
29223990,ANVISA,Outros,sim
29224110,MAPA,Lisina,sim
29224110,ANVISA,Lisina,sim
29224190,MAPA,Outros,sim
29224190,ANVISA,Outros,sim
29224210,MAPA,Ácido glutâmico,sim
29224220,MAPA,Sais,sim
29224300,MAPA,-- Ácido antranílico e seus sais,sim
29224300,POLICIA_FEDERAL,-- Ácido antranílico e seus sais,sim
29224300,ANVISA,-- Ácido antranílico e seus sais,sim
29224410,ANVISA,Tilidina,sim
29224410,MAPA,Tilidina,sim
29224420,MAPA,Sais,sim
29224420,ANVISA,Sais,sim
29224910,MAPA,Glicina e seus sais,sim
29224910,ANVISA,Glicina e seus sais,sim
29224920,MAPA,Ácido etilenodiaminotetracético (EDTA) e seus sais,sim
29224931,MAPA,Ácido iminodiacético,sim
29224932,MAPA,Sais,sim
29224940,MAPA,Ácido dietilenotriaminopentacético e seus sais,sim
29224951,MAPA,alfa-Fenilglicina,sim
29224952,MAPA,Cloridrato de cloreto de D(-)alfa-aminobenzenoacetila,sim
29224959,MAPA,Outros,sim
29224961,MAPA,Diclofenaco de sódio,sim
29224961,ANVISA,Diclofenaco de sódio,sim
29224962,MAPA,Diclofenaco de potássio,sim
29224962,ANVISA,Diclofenaco de potássio,sim
29224963,MAPA,Diclofenaco de dietilamônio,sim
29224963,ANVISA,Diclofenaco de dietilamônio,sim
29224964,MAPA,Diclofenaco,sim
29224964,ANVISA,Diclofenaco,sim
29224969,MAPA,Outros,sim
29224990,POLICIA_FEDERAL,Outros,sim
29224990,MAPA,Outros,sim
29224990,ANVISA,Outros,sim
29225011,MAPA,Cloridrato,sim
29225011,ANVISA,Cloridrato,sim
29225019,MAPA,Outros,sim
29225019,ANVISA,Outros,sim
29225031,MAPA,Levodopa,sim
29225031,ANVISA,Levodopa,sim
29225032,MAPA,Metildopa,sim
29225032,ANVISA,Metildopa,sim
29225039,MAPA,Outros,sim
29225039,ANVISA,Outros,sim
29225091,MAPA,N-(1-(Metoxicarbonil)propen-2-il)-alfa-amino-p-hidroxifenilacetato de sódio (NAPOH),sim
29225099,MAPA,Outros,sim
29225099,ANVISA,Outros,sim
29231000,ANVISA,- Colina e seus sais,sim
29232000,ANVISA,- Lecitinas e outros fosfoaminolipídios,sim
29233000,IBAMA,- PERFLUOROCTANOSSULFONATO DE TETRAETILAMÔNIO,sim
29234000,IBAMA,- PERFLUOROCTANOSSULFONATO DE DIDECILDIMETILAMÔNIO,sim
29239010,ANVISA,Betaína e seus sais,sim
29239020,ANVISA,Derivados da colina,sim
29239030,ANVISA,CLORETO DE 3-CLORO-2-HIDROXIPROPILTRIMETILAMÔNIO,sim
29239090,ANVISA,Outros,sim
29241100,ANVISA,-- Meprobamato (DCI),sim
29241210,IBAMA,FLUORACETAMIDA,sim
29241220,IBAMA,FOSFAMIDONA,sim
29241230,IBAMA,MONOCROTOFÓS,sim
29241919,ANVISA,Outros,sim
29241921,POLICIA_FEDERAL,N-Metilformamida,sim
29241929,POLICIA_FEDERAL,Outras,sim
29241992,ANVISA,CARISOPRODOL,sim
29241999,ANVISA,Outros,sim
29242111,EXERCITO,Hexanitrocarbanilidas,sim
29242119,MAPA,OUTROS,sim
29242300,POLICIA_FEDERAL,-- Ácido 2-acetamidobenzóico (ácido N-acetilantranílico) e seus sais,sim
29242300,ANVISA,-- Ácido 2-acetamidobenzóico (ácido N-acetilantranílico) e seus sais,sim
29242400,ANVISA,-- Etinamato (DCI),sim
29242500,MAPA,-- Alaclor (ISO),sim
29242911,ANVISA,Acetanilida,sim
29242912,ANVISA,4-AMINOACETANILIDA,sim
29242913,POLICIA_FEDERAL,Acetaminofen (paracetamol),sim
29242913,ANVISA,Acetaminofen (paracetamol),sim
29242914,POLICIA_FEDERAL,Lidocaína e seu cloridrato,sim
29242914,ANVISA,Lidocaína e seu cloridrato,sim
29242915,ANVISA,"2,5-DIMETOXIACETANILIDA",sim
29242919,POLICIA_FEDERAL,Outros,sim
29242919,ANVISA,OUTROS,sim
29242920,ANVISA,ANILIDAS DOS ÁCIDOS HIDROXINAFTOICOS E SEUS DERIVADOS;,sim
29242931,MAPA,Carbaril,sim
29242931,ANVISA,CARBARIL,sim
29242932,ANVISA,PROPOXUR,sim
29242939,MAPA,OUTROS,sim
29242939,IBAMA,Outros,sim
29242939,ANVISA,Outros,sim
29242941,ANVISA,Teclozam,sim
29242943,MAPA,Atenolol; metolaclor,sim
29242943,ANVISA,Atenolol; metolaclor,sim
29242944,ANVISA,ÁCIDO IOXÁGLICO,sim
29242945,ANVISA,IODAMIDA,sim
29242946,ANVISA,CLORETO DO ÁCIDOP-ACETAMIDOBENZENOSSULFÔNICO,sim
29242947,MAPA,Ácido ioxitalâmico,sim
29242947,ANVISA,ÁCIDO IOXITALÂMICO,sim
29242949,MAPA,Outros,sim
29242949,ANVISA,Outros,sim
29242951,ANVISA,Bromoprida,sim
29242952,ANVISA,Metoclopramida e seu cloridrato,sim
29242959,ANVISA,Outros,sim
29242961,ANVISA,PROPANIL,sim
29242962,ANVISA,Flutamida,sim
29242963,ANVISA,PRILOCAÍNA E SEU CLORIDRATO,sim
29242964,MAPA,Iobitridol,sim
29242964,ANVISA,IOBITRIDOL,sim
29242969,MAPA,Outros,sim
29242969,ANVISA,Outros,sim
29242991,ANVISA,Aspartame,sim
29242992,ANVISA,DIFLUBENZUROM,sim
29242993,ANVISA,METALAXIL,sim
29242994,ANVISA,TRIFLUMUROM,sim
29242995,ANVISA,BUCLOSAMIDA,sim
29242996,ANVISA,BENZOATO DE DENATÔNIO,sim
29242999,POLICIA_FEDERAL,Outros,sim
29242999,ANVISA,Outros,sim
29251100,ANVISA,-- Sacarina e seus sais,sim
29251200,ANVISA,-- Glutetimida (DCI),sim
29251910,ANVISA,Talidomida,sim
29251990,ANVISA,Outros,sim
29252100,IBAMA,-- CLORDIMEFORME (ISO),sim
29252911,ANVISA,Aspartato de L-arginina,sim
29252919,ANVISA,Outros,sim
29252921,ANVISA,Guanidina,sim
29252922,ANVISA,"N,N'-Difenilguanidina",sim
29252923,ANVISA,Clorexidina e seus sais,sim
29252929,ANVISA,Outros,sim
29261000,MCT,- ACRILONITRILA,sim
29262000,ANVISA,- 1-Cianoguanidina (diciandiamida),sim
29263011,ANVISA,Fenproporex,sim
29263012,ANVISA,Sais,sim
29263020,ANVISA,Intermediário da metadona,sim
29264000,EXERCITO,- ALFA-FENILACETOACETONITRILA,sim
29264000,ANVISA,- alfa-Fenilacetoacetonitrila,sim
29269011,ANVISA,Verapamil,sim
29269012,ANVISA,Cloridrato,sim
29269022,MAPA,Ciflutrin,sim
29269023,MAPA,Cipermetrina,sim
29269023,IBAMA,Cipermetrina,sim
29269024,IBAMA,Deltametrina,sim
29269025,MAPA,Fenvalerato,sim
29269030,ANVISA,Sais de intermediário da metadona,sim
29269099,EXERCITO,Outros,sim
29269099,ANVISA,Outros,sim
29270010,MAPA,Compostos diazóicos,sim
29270010,EXERCITO,Compostos diazóicos,sim
29270021,MAPA,Azodicarbonamida,sim
29270029,MAPA,Outros,sim
29270029,EXERCITO,Outros,sim
29270030,MAPA,Compostos azóxicos,sim
29280011,MAPA,Metiletilacetoxima,sim
29280019,MAPA,Outros,sim
29280020,MAPA,Carbidopa,sim
29280020,ANVISA,Carbidopa,sim
29280030,MAPA,2-Hidrazinoetanol,sim
29280041,MAPA,Fenilidrazina,sim
29280041,ANVISA,Fenilidrazina,sim
29280042,MAPA,Derivados,sim
29280042,ANVISA,Derivados,sim
29280090,MAPA,Outros,sim
29280090,EXERCITO,Outros,sim
29280090,ANVISA,Outros,sim
29291010,MAPA,Diisocianato de difenilmetano,sim
29291021,MAPA,Mistura de isômeros,sim
29291029,MAPA,Outros,sim
29291030,MAPA,"Isocianato de 3,4-diclorofenila",sim
29291090,MAPA,OUTROS,sim
29291090,EXERCITO,Outros,sim
29299011,MAPA,De sódio,sim
29299011,ANVISA,De sódio,sim
29299012,MAPA,De cálcio,sim
29299012,ANVISA,De cálcio,sim
29299019,MAPA,Outros,sim
29299031,MCT,"DICLORETO DE N,N-DIMETILFOSFOROAMÍDICO",sim
29299031,MAPA,"DICLORETO DE N,N-DIMETILFOSFOROAMÍDICO",sim
29299039,MCT,OUTROS,sim
29299039,MAPA,OUTROS,sim
29299040,MAPA,"N,N-DIALQUILFOSFOROAMIDATOS DE DIALQUILA, COM GRUPOS AL",sim
29299040,MCT,"N,N-DIALQUILFOSFOROAMIDATOS DE DIALQUILA, COM GRUPOS AL",sim
29299050,MAPA,"FOSFONAMIDOFLUORIDATOS DE N-(1-(DIALQUILA (DE ATÉ C10,",sim
29299060,MAPA,"FOSFORAMIDOFLUORIDATOS DE O-ALQUILA (H OU DE ATÉ C10, I",sim
29299090,MAPA,Outros,sim
29299090,EXERCITO,Outros,sim
29301000,MCT,"- 2-(N,N-DIMETILAMINO)ETANOTIOL",sim
29301000,MAPA,"- 2-(N,N-DIMETILAMINO)ETANOTIOL",sim
29302011,MAPA,EPTC,sim
29302012,MAPA,Cartap,sim
29302013,MAPA,Tiobencarb (dietiltiocarbamato de S-4-clorobenzila),sim
29302019,MAPA,Outros,sim
29302021,MAPA,Ziram; dimetilditiocarbamato de sódio,sim
29302022,MAPA,Dietilditiocarbamato de zinco,sim
29302023,MAPA,Dibutilditiocarbamato de zinco,sim
29302024,MAPA,Metam sódio,sim
29302029,MAPA,Outros,sim
29303011,MAPA,De tetrametiltiourama,sim
29303012,MAPA,Sulfiram,sim
29303019,MAPA,Outros,sim
29303021,MAPA,Thiram,sim
29303022,MAPA,Dissulfiram,sim
29303022,ANVISA,Dissulfiram,sim
29303029,MAPA,Outros,sim
29303029,ANVISA,Outros,sim
29303090,MAPA,Outros,sim
29304010,MAPA,"DL-Metionina, com um teor de cinzas sulfatadas superior a 0,1 %, em peso",sim
29304010,ANVISA,"DL-Metionina, com um teor de cinzas sulfatadas superior a 0,1 %, em peso",sim
29304090,MAPA,Outra,sim
29306000,EXERCITO,"- 2-(N,N-Dietilamino)etanotiol",sim
29306000,MAPA,"- 2-(N,N-Dietilamino)etanotiol",sim
29306000,MCT,"- 2-(N,N-DIETILAMINO)ETANOTIOL",sim
29307000,EXERCITO,- Sulfeto de bis(2-hidroxietila) (tiodiglicol (DCI)),sim
29307000,MAPA,- Sulfeto de bis(2-hidroxietila) (tiodiglicol (DCI)),sim
29308010,MAPA,Aldicarb,sim
29308020,IBAMA,CAPTAFOL,sim
29308030,MAPA,Metamidofós,sim
29309012,MAPA,Cisteína,sim
29309012,ANVISA,Cisteína,sim
29309013,EXERCITO,"N,N-Dialquil-2-aminoetanotiol, com grupos alquila de C1 a C3, e seus sais protonados",sim
29309013,MCT,"N,N-DIALQUIL-2-AMINOETANOTIOL, COM GRUPOS ALQUILA DE C1",sim
29309013,MAPA,"N,N-Dialquil-2-aminoetanotiol, com grupos alquila de C1 a C3, e seus sais protonados",sim
29309019,MAPA,Outros,sim
29309019,ANVISA,OUTROS,sim
29309021,MAPA,Tioureia,sim
29309022,MAPA,Tiofanato-Metila,sim
29309029,MAPA,Outros,sim
29309029,ANVISA,OUTROS,sim
29309031,MAPA,"2-(Etiltio)etanol, com uma concentração igual ou superior a 98 %, em peso",sim
29309032,MAPA,3-(Metiltio)propanal,sim
29309033,MAPA,Clorotioformiato de S-etila,sim
29309034,MAPA,Ácido 2-hidroxi-4-(metiltio)butanóico e seu sal cálcico,sim
29309035,MAPA,Metomil,sim
29309036,MAPA,Carbocisteína,sim
29309036,ANVISA,Carbocisteína,sim
29309037,MAPA,"4-Sulfatoetilsulfonil-2,5-dimetoxianilina; 4-sulfatoetilsulfonil-2-metoxi-5-metilanilina; 4-sulfatoetilsulfonil-2-metoxianilina",sim
29309039,EXERCITO,Outros,sim
29309039,MAPA,Outros,sim
29309039,ANVISA,OUTROS,sim
29309041,EXERCITO,"Fosforotioato de O,O-dietila e de S-[2-(dietilamino)etila] e seus sais alquilados ou protonados",sim
29309043,MAPA,Fosforotioato de O-(4-bromo-2-clorofenila) O-etila e de S-propila (profenofós),sim
29309049,MAPA,Outros,sim
29309051,MAPA,Forato,sim
29309052,MAPA,Dissulfoton,sim
29309053,MAPA,Etion,sim
29309054,MAPA,Dimetoato,sim
29309057,MAPA,"Fosforoditioato de O,O-dimetila e de S-[2-(etiltio)etila] (tiometon)",sim
29309059,MAPA,Outros,sim
29309061,MAPA,Acefato,sim
29309069,MCT,Outros,sim
29309071,ANVISA,Tiaprida,sim
29309071,MAPA,Tiaprida,sim
29309079,MAPA,Outras,sim
29309079,ANVISA,Outras,sim
29309081,EXERCITO,Sulfeto de 2-cloroetila e de clorometila,sim
29309082,EXERCITO,Sulfeto de bis(2-cloroetila),sim
29309083,EXERCITO,Bis(2-cloroetiltio)metano,sim
29309084,EXERCITO,"1,2-Bis(2-cloroetiltio)etano",sim
29309085,EXERCITO,"1,3-Bis(2-cloroetiltio)-n-propano",sim
29309086,EXERCITO,"1,4-Bis(2-cloroetiltio)-n-butano",sim
29309087,EXERCITO,"1,5-Bis(2-cloroetiltio)-n-pentano",sim
29309088,EXERCITO,Óxido de bis(2-cloroetiltiometila),sim
29309089,EXERCITO,Óxido de bis(2-cloroetiltioetila),sim
29309091,MAPA,Captan,sim
29309096,EXERCITO,"Hidrogênio alquil(de C1 a C3)fosfonotioatos de [S-2-(dialquil(de C1 a C3)amino)etila], seus ésteres de O-alquila (de até C10, incluindo os cicloalquila); sais alquilados ou protonados destes produtos",sim
29309097,EXERCITO,"Outros compostos que contenham um átomo de fósforo ligado a um grupo alquila (de C1 a C3), sem outros átomos de carbono",sim
29309099,MCT,Outros,sim
29309099,MAPA,Outros,sim
29309099,ANVISA,Outros,sim
29311000,IBAMA,- Tetrametila de chumbo e tetraetila de chumbo,sim
29311000,EXERCITO,- TETRAMETILA DE CHUMBO E TETRAETILA DE CHUMBO,sim
29312000,IBAMA,- COMPOSTOS DE TRIBUTILESTANHO,sim
29314100,EXERCITO,-- METILFOSFONATO DE DIMETILA,sim
29314100,MAPA,-- METILFOSFONATO DE DIMETILA,sim
29314200,EXERCITO,-- PROPILFOSFONATO DE DIMETILA,sim
29314200,MAPA,-- PROPILFOSFONATO DE DIMETILA,sim
29314300,EXERCITO,-- ETILFOSFONATO DE DIETILA,sim
29314300,MAPA,-- ETILFOSFONATO DE DIETILA,sim
29314400,EXERCITO,-- ÁCIDO METILFOSFÔNICO,sim
29314400,MAPA,-- ÁCIDO METILFOSFÔNICO,sim
29314500,MCT,-- SAL DO ÁCIDO METILFOSFÔNICO E DE (AMINOIMINOMETIL)UR,sim
29314500,MAPA,-- SAL DO ÁCIDO METILFOSFÔNICO E DE (AMINOIMINOMETIL)UR,sim
29314600,MCT,"-- 2,4,6-TRIÓXIDO DE 2,4,6-TRIPROPIL-1,3,5,2,4,6-TRIOXA",sim
29314600,MAPA,"-- 2,4,6-TRIÓXIDO DE 2,4,6-TRIPROPIL-1,3,5,2,4,6-TRIOXA",sim
29314700,EXERCITO,"-- METILFOSFONATO DE (5-ETIL-2-METIL-2-ÓXIDO-1,3,2-DIOX",sim
29314700,MAPA,"-- METILFOSFONATO DE (5-ETIL-2-METIL-2-ÓXIDO-1,3,2-DIOX",sim
29314800,MCT,"-- 3,9-DIÓXIDO DE 3,9-DIMETIL-2,4,8,10-TETRAOXA-3,9-DIF",sim
29314800,MAPA,"-- 3,9-DIÓXIDO DE 3,9-DIMETIL-2,4,8,10-TETRAOXA-3,9-DIF",sim
29314911,MAPA,ÁCIDO FOSFONOMETILIMINODIACÉTICO; ÁCIDO AMINOTRIMETILEN,sim
29314912,MAPA,"DIFENILFOSFONATO(4,4'-BIS((DIMETOXIFOSFINIL)METIL)DIFEN",sim
29314913,MAPA,ETIDRONATO DISSÓDICO,sim
29314914,MAPA,GLIFOSATO E SEU SAL DE MONOISOPROPILAMINA,sim
29314915,MAPA,GLUFOSINATO DE AMÔNIO,sim
29314916,MAPA,HIDROGENOFOSFONATO DE BIS(2-ETILEXILO),sim
29314920,EXERCITO,HIDROGÊNIO ALQUIL(DE C1 A C3)FOSFONITOS DE ÝO-2-(DIALQU,sim
29314920,MAPA,HIDROGÊNIO ALQUIL(DE C1 A C3)FOSFONITOS DE ÝO-2-(DIALQU,sim
29314931,MCT,METILFOSFINATO DE BUTILA,sim
29314931,MAPA,METILFOSFINATO DE BUTILA,sim
29314932,MCT,METILFOSFONATO DE BIS(1-METILPENTILA),sim
29314932,MAPA,METILFOSFONATO DE BIS(1-METILPENTILA),sim
29314939,MAPA,OUTROS,sim
29314939,MCT,OUTROS,sim
29314940,EXERCITO,"N,N-DIALQUIL(DE C1 A C3)FOSFOROAMIDOCIANIDATOS DE O-ALQ",sim
29314940,MAPA,"N,N-DIALQUIL(DE C1 A C3)FOSFOROAMIDOCIANIDATOS DE O-ALQ",sim
29314940,MCT,"N,N-DIALQUIL(DE C1 A C3)FOSFOROAMIDOCIANIDATOS DE O-ALQ",sim
29314990,MAPA,OUTROS,sim
29314990,MCT,OUTROS,sim
29315100,MCT,-- DICLORETO METILFOSFÔNICO,sim
29315100,MAPA,-- DICLORETO METILFOSFÔNICO,sim
29315200,MCT,-- DICLORETO PROPILFOSFÔNICO,sim
29315200,MAPA,-- DICLORETO PROPILFOSFÔNICO,sim
29315300,MCT,-- METILFOSFONOTIONATO DE O-(3-CLOROPROPIL) O-Ý4-NITRO-,sim
29315300,MAPA,-- METILFOSFONOTIONATO DE O-(3-CLOROPROPIL) O-Ý4-NITRO-,sim
29315400,MAPA,-- TRICLORFOM (ISO),sim
29315911,MAPA,ÁCIDO CLODRÔNICO E SEU SAL DISSÓDICO,sim
29315912,MAPA,ETEFON,sim
29315913,MAPA,FOTEMUSTINA,sim
29315991,EXERCITO,ALQUIL(DE C1 A C3)FOSFONOFLUORIDATOS DE O-ALQUILA (DE A,sim
29315991,MAPA,ALQUIL(DE C1 A C3)FOSFONOFLUORIDATOS DE O-ALQUILA (DE A,sim
29315991,MCT,ALQUIL(DE C1 A C3)FOSFONOFLUORIDATOS DE O-ALQUILA (DE A,sim
29315992,MCT,METILFOSFONOCLORIDATO DE O-ISOPROPILA,sim
29315992,MAPA,METILFOSFONOCLORIDATO DE O-ISOPROPILA,sim
29315993,MCT,METILFOSFONOCLORIDATO DE O-PINACOLILA,sim
29315993,MAPA,METILFOSFONOCLORIDATO DE O-PINACOLILA,sim
29315994,EXERCITO,"DIFLUORETO DE ALQUILFOSFONILA, COM GRUPO ALQUILA DE C1",sim
29315994,MAPA,"DIFLUORETO DE ALQUILFOSFONILA, COM GRUPO ALQUILA DE C1",sim
29315994,MCT,"DIFLUORETO DE ALQUILFOSFONILA, COM GRUPO ALQUILA DE C1",sim
29315995,MCT,"FOSFONAMIDOFLUORIDATOS DE P-ALQUILA (DE ATÉ C10, INCLUI",sim
29315995,MAPA,"FOSFONAMIDOFLUORIDATOS DE P-ALQUILA (DE ATÉ C10, INCLUI",sim
29315996,MCT,(BIS(DIETILAMINA)METILENO)FOSFONAMIDOFLUORIDATO DE METI,sim
29315996,MAPA,(BIS(DIETILAMINA)METILENO)FOSFONAMIDOFLUORIDATO DE METI,sim
29315998,MCT,OUTROS COMPOSTOS QUE CONTENHAM UM ÁTOMO DE FÓSFORO LIGA,sim
29315998,MAPA,OUTROS COMPOSTOS QUE CONTENHAM UM ÁTOMO DE FÓSFORO LIGA,sim
29315999,MCT,OUTROS,sim
29315999,MAPA,OUTROS,sim
29319043,MAPA,Ciexatin,sim
29319044,MAPA,Hidróxido de trifenilestanho,sim
29319045,MAPA,Óxido de fembutatin (óxido de fenbutatin),sim
29319051,MAPA,Ácido metilarsínico e seus sais,sim
29319052,MCT,2-Clorovinil-dicloroarsina,sim
29319053,EXERCITO,Bis(2-clorovinil)cloroarsina,sim
29319054,EXERCITO,Tris(2-clorovinil)arsina,sim
29319059,MAPA,Outros,sim
29319059,EXERCITO,Outros,sim
29319059,MCT,Outros,sim
29319069,MCT,Outros,sim
29319090,EXERCITO,Outros,sim
29319090,MCT,Outros,sim
29321400,MAPA,-- Sucralose,sim
29321910,MAPA,Ranitidina e seus sais,sim
29321910,ANVISA,Ranitidina e seus sais,sim
29321920,MAPA,Nafronil,sim
29321920,ANVISA,Nafronil,sim
29321930,MAPA,Nitrovin,sim
29321930,ANVISA,Nitrovin,sim
29321940,MAPA,Bioresmetrina,sim
29321950,MAPA,Diacetato de 5-nitrofurfurilideno (NFDA),sim
29321990,MCT,Outros,sim
29321990,MAPA,Outros,sim
29321990,ANVISA,Outros,sim
29322000,POLICIA_FEDERAL,- Lactonas,sim
29322000,MCT,- Lactonas,sim
29322000,MAPA,- Lactonas,sim
29322000,ANVISA,- Lactonas,sim
29329100,MAPA,-- Isosafrol,sim
29329100,POLICIA_FEDERAL,-- Isosafrol,sim
29329100,ANVISA,-- Isosafrol,sim
29329200,POLICIA_FEDERAL,"-- 1-(1,3-Benzodioxol-5-il)propan-2-ona",sim
29329200,MAPA,"-- 1-(1,3-Benzodioxol-5-il)propan-2-ona",sim
29329300,POLICIA_FEDERAL,-- Piperonal,sim
29329300,MAPA,-- Piperonal,sim
29329300,ANVISA,-- Piperonal,sim
29329400,POLICIA_FEDERAL,-- Safrol,sim
29329400,MAPA,-- Safrol,sim
29329400,ANVISA,-- Safrol,sim
29329500,ANVISA,-- Tetraidrocanabinóis (todos os isômeros),sim
29329500,MAPA,-- Tetraidrocanabinóis (todos os isômeros),sim
29329600,MAPA,-- CARBOFURANO (ISO),sim
29329911,MAPA,Eucaliptol,sim
29329911,ANVISA,Eucaliptol,sim
29329912,MAPA,Quercetina,sim
29329912,ANVISA,Quercetina,sim
29329913,MAPA,Dinitrato de isossorbida,sim
29329913,ANVISA,Dinitrato de isossorbida,sim
29329991,MAPA,Cloridrato de amiodarona,sim
29329991,ANVISA,Cloridrato de amiodarona,sim
29329992,MAPA,"1,3,4,6,7,8-Hexaidro-4,6,6,7,8,8-hexametilciclopenta-gama-2-benzopirano",sim
29329993,MAPA,Dibenzilideno-sorbitol,sim
29329994,MAPA,"Carbosulfan ((dibutilaminotio)metilcarbamato de 2,3-diidro-2,2-dimetilbenzofuran-7-ila)",sim
29329999,EXERCITO,Outros,sim
29329999,MAPA,Outros,sim
29329999,ANVISA,Outros,sim
29331111,MAPA,Dipirona,sim
29331111,POLICIA_FEDERAL,Dipirona,sim
29331111,ANVISA,Dipirona,sim
29331112,MAPA,Magnopirol (dipirona magnésica),sim
29331112,ANVISA,Magnopirol (dipirona magnésica),sim
29331119,MAPA,Outros,sim
29331119,POLICIA_FEDERAL,Outros,sim
29331120,MAPA,"Metileno-bis(4-metilamino-1-fenil-2,3-dimetil)pirazolona",sim
29331190,MAPA,Outros,sim
29331911,MAPA,Fenilbutazona cálcica,sim
29331919,MAPA,Outros,sim
29331990,MAPA,Outros,sim
29332110,MAPA,Iprodiona,sim
29332121,ANVISA,Fenitoína e seu sal sódico,sim
29332121,MAPA,Fenitoína e seu sal sódico,sim
29332129,MAPA,Outros,sim
29332129,ANVISA,Outros,sim
29332190,MAPA,Outros,sim
29332190,ANVISA,Outros,sim
29332911,MAPA,2-Metil-5-nitroimidazol,sim
29332912,MAPA,Metronidazol e seus sais,sim
29332912,ANVISA,Metronidazol e seus sais,sim
29332913,MAPA,Tinidazol,sim
29332919,MAPA,Outros,sim
29332921,MAPA,Econazol e seu nitrato,sim
29332921,ANVISA,Econazol e seu nitrato,sim
29332922,MAPA,Nitrato de miconazol,sim
29332922,ANVISA,Nitrato de miconazol,sim
29332923,MAPA,Cloridrato de clonidina,sim
29332923,ANVISA,Cloridrato de clonidina,sim
29332924,MAPA,Nitrato de isoconazol,sim
29332924,ANVISA,Nitrato de isoconazol,sim
29332925,MAPA,Clotrimazol,sim
29332925,ANVISA,Clotrimazol,sim
29332929,MAPA,Outros,sim
29332930,MAPA,Cimetidina e seus sais,sim
29332930,ANVISA,Cimetidina e seus sais,sim
29332940,MAPA,4-Metil-5-hidroximetilimidazol e seus sais,sim
29332991,MAPA,Imidazol,sim
29332992,MAPA,Histidina e seus sais,sim
29332992,ANVISA,Histidina e seus sais,sim
29332993,MAPA,Ondansetron e seus sais,sim
29332994,MAPA,1-Hidroxietil-2-undecanoilimidazolina,sim
29332995,MAPA,1-Hidroxietil-2-(8-heptadecenoil)imidazolina,sim
29332999,MAPA,Outros,sim
29332999,ANVISA,Outros,sim
29333110,MAPA,Piridina,sim
29333120,MAPA,Sais,sim
29333200,POLICIA_FEDERAL,-- Piperidina e seus sais,sim
29333200,MAPA,-- Piperidina e seus sais,sim
29333200,ANVISA,-- Piperidina e seus sais,sim
29333311,ANVISA,Alfentanilo,sim
29333311,MAPA,Alfentanilo,sim
29333312,ANVISA,Anileridina,sim
29333312,MAPA,Anileridina,sim
29333319,ANVISA,Outros,sim
29333319,MAPA,Outros,sim
29333321,ANVISA,Bezitramida,sim
29333321,MAPA,Bezitramida,sim
29333322,ANVISA,Bromazepam,sim
29333322,MAPA,Bromazepam,sim
29333329,MAPA,Outros,sim
29333329,ANVISA,Outros,sim
29333331,ANVISA,CARFENTANILA,sim
29333331,MAPA,CARFENTANILA,sim
29333332,ANVISA,CETOBEMIDONA,sim
29333332,MAPA,CETOBEMIDONA,sim
29333339,MAPA,OUTROS,sim
29333339,ANVISA,OUTROS,sim
29333341,ANVISA,Difenoxilato,sim
29333341,MAPA,Difenoxilato,sim
29333342,ANVISA,Cloridrato de difenoxilato,sim
29333342,MAPA,Cloridrato de difenoxilato,sim
29333349,ANVISA,Outros,sim
29333349,MAPA,Outros,sim
29333351,ANVISA,Difenoxina,sim
29333351,MAPA,Difenoxina,sim
29333352,ANVISA,Dipipanona,sim
29333352,MAPA,Dipipanona,sim
29333359,ANVISA,Outros,sim
29333361,ANVISA,Fenciclidina,sim
29333361,MAPA,Fenciclidina,sim
29333362,ANVISA,Fenoperidina,sim
29333362,MAPA,Fenoperidina,sim
29333363,ANVISA,Fentanilo,sim
29333363,MAPA,Fentanilo,sim
29333369,MAPA,Outros,sim
29333369,ANVISA,Outros,sim
29333371,ANVISA,Metilfenidato,sim
29333371,MAPA,Metilfenidato,sim
29333372,ANVISA,Pentazocina,sim
29333372,MAPA,Pentazocina,sim
29333379,MAPA,Outros,sim
29333379,ANVISA,Outros,sim
29333381,ANVISA,Petidina,sim
29333381,MAPA,Petidina,sim
29333382,ANVISA,Intermediário A da petidina,sim
29333382,MAPA,Intermediário A da petidina,sim
29333383,ANVISA,Pipradrol,sim
29333383,MAPA,Pipradrol,sim
29333384,ANVISA,Cloridrato de petidina,sim
29333384,MAPA,Cloridrato de petidina,sim
29333389,MAPA,Outros,sim
29333389,ANVISA,Outros,sim
29333391,ANVISA,Piritramida,sim
29333391,MAPA,Piritramida,sim
29333392,ANVISA,Propiram,sim
29333392,MAPA,Propiram,sim
29333393,ANVISA,Trimeperidina,sim
29333393,MAPA,Trimeperidina,sim
29333394,ANVISA,REMIFENTANILA,sim
29333394,MAPA,REMIFENTANILA,sim
29333399,MCT,OUTROS,sim
29333399,MAPA,Outros,sim
29333399,ANVISA,Outros,sim
29333400,MAPA,-- OUTRAS FENTANILAS E SEUS DERIVADOS,sim
29333400,ANVISA,-- OUTRAS FENTANILAS E SEUS DERIVADOS,sim
29333500,EXERCITO,-- QUINUCLIDIN-3-OL,sim
29333500,MAPA,-- QUINUCLIDIN-3-OL,sim
29333600,POLICIA_FEDERAL,-- 4-ANILINO-N-FENETILPIPERIDINA (ANPP),sim
29333600,MAPA,-- 4-ANILINO-N-FENETILPIPERIDINA (ANPP),sim
29333600,ANVISA,-- 4-ANILINO-N-FENETILPIPERIDINA (ANPP),sim
29333700,POLICIA_FEDERAL,-- N-FENETIL-4-PIPERIDONA (NPP),sim
29333700,MAPA,-- N-FENETIL-4-PIPERIDONA (NPP),sim
29333700,ANVISA,-- N-FENETIL-4-PIPERIDONA (NPP),sim
29333912,ANVISA,Droperidol,sim
29333912,MAPA,Droperidol,sim
29333913,MAPA,Ácido niflúmico,sim
29333914,MAPA,Haloxifop (ácido (RS)-2-(4-(3-cloro-5-trifluorometil-2-piridiloxi)fenoxi)propiônico),sim
29333915,ANVISA,Haloperidol,sim
29333915,MAPA,Haloperidol,sim
29333919,MAPA,Outros,sim
29333919,ANVISA,Outros,sim
29333921,MAPA,Picloram,sim
29333922,MAPA,Clorpirifós,sim
29333923,MAPA,Malato ácido de cleboprida (malato de cleboprida),sim
29333924,ANVISA,Cloridrato de loperamida,sim
29333924,MAPA,Cloridrato de loperamida,sim
29333925,MAPA,Ácido 2-(2-metil-3-cloroanilino)nicotínico e seu sal de lisina,sim
29333929,MAPA,Outros,sim
29333929,ANVISA,Outros,sim
29333931,ANVISA,Terfenadina,sim
29333931,MAPA,Terfenadina,sim
29333932,ANVISA,Biperideno e seus sais,sim
29333932,MAPA,Biperideno e seus sais,sim
29333933,MAPA,Ácido isonicotínico,sim
29333935,MAPA,Imazetapir (ácido (RS)-5-etil-2-(4-isopropil-4-metil-5-oxo-2-imidazolin-2-il)nicotínico),sim
29333936,MAPA,"DIBROMETO DE 1-[N,N-DIALQUILA (DE ATÉ C10) -N-(NHIDROXI",sim
29333936,ANVISA,"DIBROMETO DE 1-[N,N-DIALQUILA (DE ATÉ C10) -N-(NHIDROXI",sim
29333937,EXERCITO,BENZILATO DE 3-QUINUCLIDINILA,sim
29333937,MAPA,BENZILATO DE 3-QUINUCLIDINILA,sim
29333939,MAPA,Outros,sim
29333939,ANVISA,Outros,sim
29333941,MAPA,"DIBROMETO DE 1-[N,N-DIALQUILA (DE ATÉ C10) -N-(N-(CIANO",sim
29333941,ANVISA,"DIBROMETO DE 1-[N,N-DIALQUILA (DE ATÉ C10) -N-(N-(CIANO",sim
29333942,MAPA,"DIBROMETO DE 1,N-BIS[N-(3-DIMETILCARBAMOXI-ALFA-PICOLIL",sim
29333942,ANVISA,"DIBROMETO DE 1,N-BIS[N-(3-DIMETILCARBAMOXI-ALFA-PICOLIL",sim
29333943,MAPA,Nifedipina,sim
29333943,ANVISA,Nifedipina,sim
29333944,MAPA,Nitrendipina,sim
29333944,ANVISA,Nitrendipina,sim
29333945,MAPA,Maleato de pirilamina,sim
29333946,MAPA,Omeprazol,sim
29333946,ANVISA,Omeprazol,sim
29333948,MAPA,Nimodipina,sim
29333949,MAPA,Outros,sim
29333949,ANVISA,Outros,sim
29333981,MAPA,Cloridrato de benzetimida,sim
29333982,MAPA,Cloridrato de mepivacaína,sim
29333983,MAPA,Cloridrato de bupivacaína,sim
29333984,MAPA,Dicloreto de paraquat,sim
29333989,EXERCITO,Outros,sim
29333989,ANVISA,Outros,sim
29333991,MAPA,Cloridrato de fenazopiridina,sim
29333992,MAPA,Isoniazida,sim
29333992,ANVISA,Isoniazida,sim
29333994,MAPA,"4,4'-Bipiridina",sim
29333999,MCT,Outros,sim
29333999,EXERCITO,Outros,sim
29333999,POLICIA_FEDERAL,Outros,sim
29333999,MAPA,Outros,sim
29333999,ANVISA,Outros,sim
29334110,ANVISA,Levorfanol,sim
29334110,MAPA,Levorfanol,sim
29334120,ANVISA,Sais,sim
29334120,MAPA,Sais,sim
29334913,MAPA,Imazaquin,sim
29334919,MAPA,Outros,sim
29334930,MAPA,Broxiquinolina,sim
29334940,ANVISA,Ésteres do levorfanol,sim
29334940,MAPA,Ésteres do levorfanol,sim
29334990,MAPA,Outros,sim
29334990,ANVISA,Outros,sim
29335200,MAPA,-- Malonilureia (ácido barbitúrico) e seus sais,sim
29335200,ANVISA,-- Malonilureia (ácido barbitúrico) e seus sais,sim
29335311,ANVISA,Alobarbital e seus sais,sim
29335311,MAPA,Alobarbital e seus sais,sim
29335312,ANVISA,Amobarbital e seus sais,sim
29335312,MAPA,Amobarbital e seus sais,sim
29335321,ANVISA,Barbital e seus sais,sim
29335321,MAPA,Barbital e seus sais,sim
29335322,ANVISA,Butalbital e seus sais,sim
29335322,MAPA,Butalbital e seus sais,sim
29335323,ANVISA,Butobarbital e seus sais,sim
29335330,ANVISA,Ciclobarbital e seus sais,sim
29335330,MAPA,Ciclobarbital e seus sais,sim
29335340,ANVISA,Fenobarbital e seus sais,sim
29335340,MAPA,Fenobarbital e seus sais,sim
29335350,ANVISA,Metilfenobarbital e seus sais,sim
29335350,MAPA,Metilfenobarbital e seus sais,sim
29335360,ANVISA,Pentobarbital e seus sais,sim
29335360,MAPA,Pentobarbital e seus sais,sim
29335371,ANVISA,Secbutabarbital e seus sais,sim
29335371,MAPA,Secbutabarbital e seus sais,sim
29335372,ANVISA,Secobarbital e seus sais,sim
29335372,MAPA,Secobarbital e seus sais,sim
29335380,ANVISA,Venilbital e seus sais,sim
29335400,MAPA,-- Outros derivados de malonilureia (ácido barbitúrico); sais destes produtos,sim
29335400,ANVISA,-- Outros derivados de malonilureia (ácido barbitúrico); sais destes produtos,sim
29335510,ANVISA,Loprazolam e seus sais,sim
29335510,MAPA,Loprazolam e seus sais,sim
29335520,ANVISA,Mecloqualona e seus sais,sim
29335520,MAPA,Mecloqualona e seus sais,sim
29335530,ANVISA,Metaqualona e seus sais,sim
29335530,MAPA,Metaqualona e seus sais,sim
29335540,ANVISA,Zipeprol e seus sais,sim
29335540,MAPA,Zipeprol e seus sais,sim
29335911,MAPA,Oxatomida,sim
29335912,MAPA,Praziquantel,sim
29335912,ANVISA,Praziquantel,sim
29335913,MAPA,Norfloxacina e seu nicotinato,sim
29335913,ANVISA,Norfloxacina e seu nicotinato,sim
29335914,MAPA,Flunarizina e seu dicloridrato,sim
29335914,ANVISA,Flunarizina e seu dicloridrato,sim
29335915,MAPA,Enrofloxacina; sais de piperazina,sim
29335915,ANVISA,Enrofloxacina; sais de piperazina,sim
29335916,MAPA,Cloridrato de buspirona,sim
29335916,ANVISA,Cloridrato de buspirona,sim
29335919,POLICIA_FEDERAL,Outros,sim
29335919,MAPA,Outros,sim
29335919,ANVISA,Outros,sim
29335921,ANVISA,Bromacil,sim
29335922,ANVISA,Terbacil,sim
29335923,ANVISA,Fluorouracil,sim
29335929,MAPA,Outros,sim
29335929,ANVISA,Outros,sim
29335931,MAPA,Propiltiouracil,sim
29335932,MAPA,Diazinon,sim
29335934,MAPA,Azatioprina,sim
29335935,MAPA,6-Mercaptopurina,sim
29335939,MCT,Outros,sim
29335939,MAPA,Outros,sim
29335939,ANVISA,Outros,sim
29335941,MAPA,Trimetoprima,sim
29335942,MAPA,Aciclovir,sim
29335942,ANVISA,Aciclovir,sim
29335943,MAPA,Tosilatos de dipiridamol,sim
29335944,MAPA,Nicarbazina,sim
29335945,MAPA,Bissulfito de menadiona dimetilpirimidinol,sim
29335949,MCT,OUTROS,sim
29335949,MAPA,Outros,sim
29335949,ANVISA,Outros,sim
29335991,MAPA,Minoxidil,sim
29335991,ANVISA,Minoxidil,sim
29335992,MAPA,2-Aminopirimidina,sim
29335999,MAPA,Outros,sim
29335999,ANVISA,Outros,sim
29336913,MAPA,Atrazina,sim
29336914,MAPA,Simazina,sim
29336919,MAPA,Outros,sim
29336919,ANVISA,Outros,sim
29336922,MAPA,Hexazinona,sim
29336923,MAPA,Metribuzim,sim
29336929,EXERCITO,Outros,sim
29336929,MCT,OUTROS,sim
29336929,MAPA,Outros,sim
29336991,MAPA,Ametrina,sim
29336992,MAPA,Metenamina e seus sais,sim
29336992,ANVISA,Metenamina e seus sais,sim
29336999,MAPA,Outros,sim
29336999,ANVISA,Outros,sim
29337210,ANVISA,Clobazam,sim
29337210,MAPA,Clobazam,sim
29337220,ANVISA,Metiprilona,sim
29337910,MAPA,Piracetam,sim
29337990,MAPA,Outras,sim
29337990,ANVISA,Outras,sim
29339111,ANVISA,Alprazolam,sim
29339111,MAPA,Alprazolam,sim
29339112,ANVISA,Camazepam,sim
29339112,MAPA,Camazepam,sim
29339113,ANVISA,Clonazepam,sim
29339113,MAPA,Clonazepam,sim
29339114,ANVISA,Clorazepato,sim
29339114,MAPA,Clorazepato,sim
29339115,ANVISA,Clordiazepóxido,sim
29339119,ANVISA,Outros,sim
29339121,ANVISA,Delorazepam,sim
29339121,MAPA,Delorazepam,sim
29339122,ANVISA,Diazepam,sim
29339122,MAPA,Diazepam,sim
29339123,ANVISA,Estazolam,sim
29339123,MAPA,Estazolam,sim
29339129,ANVISA,Outros,sim
29339131,ANVISA,Fludiazepam,sim
29339131,MAPA,Fludiazepam,sim
29339132,ANVISA,Flunitrazepam,sim
29339132,MAPA,Flunitrazepam,sim
29339133,ANVISA,Flurazepam,sim
29339133,MAPA,Flurazepam,sim
29339134,ANVISA,Halazepam,sim
29339134,MAPA,Halazepam,sim
29339139,ANVISA,Outros,sim
29339141,ANVISA,Loflazepato de etila,sim
29339141,MAPA,Loflazepato de etila,sim
29339142,ANVISA,Lorazepam,sim
29339142,MAPA,Lorazepam,sim
29339143,ANVISA,Lormetazepam,sim
29339143,MAPA,Lormetazepam,sim
29339149,ANVISA,Outros,sim
29339151,ANVISA,Mazindol,sim
29339151,MAPA,Mazindol,sim
29339152,ANVISA,Medazepam,sim
29339152,MAPA,Medazepam,sim
29339153,ANVISA,Midazolam e seus sais,sim
29339153,MAPA,Midazolam e seus sais,sim
29339159,ANVISA,Outros,sim
29339161,ANVISA,Nimetazepam,sim
29339161,MAPA,Nimetazepam,sim
29339162,ANVISA,Nitrazepam,sim
29339162,MAPA,Nitrazepam,sim
29339163,ANVISA,Nordazepam,sim
29339163,MAPA,Nordazepam,sim
29339164,ANVISA,Oxazepam,sim
29339164,MAPA,Oxazepam,sim
29339169,ANVISA,Outros,sim
29339171,ANVISA,Pinazepam,sim
29339171,MAPA,Pinazepam,sim
29339172,ANVISA,Pirovalerona,sim
29339172,MAPA,Pirovalerona,sim
29339173,ANVISA,Prazepam,sim
29339173,MAPA,Prazepam,sim
29339179,ANVISA,Outros,sim
29339181,ANVISA,Temazepam,sim
29339181,MAPA,Temazepam,sim
29339182,ANVISA,Tetrazepam,sim
29339182,MAPA,Tetrazepam,sim
29339183,ANVISA,Triazolam,sim
29339183,MAPA,Triazolam,sim
29339189,ANVISA,Outros,sim
29339200,MAPA,-- Azinfós metil (ISO),sim
29339200,EXERCITO,-- Azinfós metil (ISO),sim
29339200,ANVISA,-- Azinfós metil (ISO),sim
29339911,MAPA,Pirazinamida,sim
29339911,ANVISA,PIRAZINAMIDA,sim
29339912,MAPA,Cloridrato de amilorida,sim
29339912,ANVISA,CLORIDRATO DE AMILORIDA,sim
29339913,MAPA,Pindolol,sim
29339913,ANVISA,PINDOLOL,sim
29339919,MAPA,Outros,sim
29339919,ANVISA,Outros,sim
29339920,ANVISA,Cuja estrutura contém um ciclo diazepina (hidrogenado ou não),sim
29339931,MAPA,Dibenzoazepina (iminoestilbeno),sim
29339931,ANVISA,Dibenzoazepina (iminoestilbeno),sim
29339932,ANVISA,Carbamazepina,sim
29339932,MAPA,Carbamazepina,sim
29339933,ANVISA,Cloridrato de clomipramina,sim
29339933,MAPA,Cloridrato de clomipramina,sim
29339939,ANVISA,Outros,sim
29339941,MAPA,Clemastina e seus derivados; sais destes produtos,sim
29339942,ANVISA,Amisulprida,sim
29339943,ANVISA,Sultoprida,sim
29339943,MAPA,Sultoprida,sim
29339944,MAPA,Alizaprida,sim
29339945,MAPA,Buflomedil e seus derivados; sais destes produtos,sim
29339946,MAPA,Maleato de enalapril,sim
29339947,MAPA,Ketorolac trometamina,sim
29339949,EXERCITO,Outros,sim
29339949,MAPA,Outros,sim
29339949,ANVISA,Outros,sim
29339951,ANVISA,Benomil,sim
29339952,MAPA,OXIFENDAZOL,sim
29339953,MAPA,Albendazol e seu sulfóxido,sim
29339953,ANVISA,Albendazol e seu sulfóxido,sim
29339954,MAPA,Mebendazol,sim
29339954,ANVISA,Mebendazol,sim
29339955,MAPA,Flubendazol,sim
29339955,ANVISA,Flubendazol,sim
29339956,MAPA,Fembendazol,sim
29339956,ANVISA,Fembendazol,sim
29339959,MAPA,Outros,sim
29339961,MAPA,Triadimenol,sim
29339962,MAPA,Triadimefon,sim
29339963,MAPA,"Triazofós (fosforotioato de O,O-dietila O-(1-fenil-1H-1,2,4-triazol-3-ila))",sim
29339969,MAPA,Outros,sim
29339992,MAPA,Ácido nalidíxico,sim
29339992,ANVISA,Ácido nalidíxico,sim
29339993,MAPA,Clofazimina,sim
29339993,ANVISA,Clofazimina,sim
29339996,MAPA,Hidrazida maléica e seus sais,sim
29339996,ANVISA,Hidrazida maléica e seus sais,sim
29339999,EXERCITO,Outros,sim
29339999,MAPA,Outros,sim
29339999,ANVISA,Outros,sim
29341010,MAPA,Fentiazac,sim
29341020,MAPA,Cloridrato de tiazolidina,sim
29341030,MAPA,Tiabendazol,sim
29341090,MAPA,Outros,sim
29341090,ANVISA,Outros,sim
29342090,MAPA,Outros,sim
29342090,ANVISA,Outros,sim
29343010,ANVISA,Maleato de metotrimeprazina (maleato de levomepromazina),sim
29343010,MAPA,Maleato de metotrimeprazina (maleato de levomepromazina),sim
29343020,ANVISA,Enantato de flufenazina,sim
29343020,MAPA,Enantato de flufenazina,sim
29343030,MAPA,Prometazina,sim
29343030,ANVISA,Prometazina,sim
29343090,MAPA,Outros,sim
29343090,ANVISA,Outros,sim
29349111,ANVISA,Aminorex e seus sais,sim
29349111,MAPA,Aminorex e seus sais,sim
29349112,ANVISA,Brotizolam e seus sais,sim
29349112,MAPA,Brotizolam e seus sais,sim
29349121,ANVISA,Clotiazepam,sim
29349121,MAPA,Clotiazepam,sim
29349122,ANVISA,Cloxazolam,sim
29349122,MAPA,Cloxazolam,sim
29349123,ANVISA,Dextromoramida,sim
29349123,MAPA,Dextromoramida,sim
29349129,MAPA,Outros,sim
29349129,ANVISA,Outros,sim
29349131,ANVISA,Fendimetrazina e seus sais,sim
29349131,MAPA,Fendimetrazina e seus sais,sim
29349132,MAPA,Fenmetrazina e seus sais,sim
29349132,ANVISA,Fenmetrazina e seus sais,sim
29349133,ANVISA,Haloxazolam e seus sais,sim
29349133,MAPA,Haloxazolam e seus sais,sim
29349141,ANVISA,Ketazolam,sim
29349141,MAPA,Ketazolam,sim
29349142,ANVISA,Mesocarbo,sim
29349142,MAPA,Mesocarbo,sim
29349149,MAPA,Outros,sim
29349149,ANVISA,Outros,sim
29349150,ANVISA,Oxazolam e seus sais,sim
29349150,MAPA,Oxazolam e seus sais,sim
29349160,ANVISA,Pemolina e seus sais,sim
29349160,MAPA,Pemolina e seus sais,sim
29349170,ANVISA,Sufentanila e seus sais,sim
29349170,MAPA,Sufentanila e seus sais,sim
29349200,MAPA,-- OUTRAS FENTANILAS E SEUS DERIVADOS,sim
29349200,ANVISA,-- OUTRAS FENTANILAS E SEUS DERIVADOS,sim
29349911,MAPA,Morfolina e seus sais,sim
29349913,MAPA,Nimorazol,sim
29349919,MAPA,Outros,sim
29349919,ANVISA,Outros,sim
29349922,MAPA,Zidovudina (AZT),sim
29349922,ANVISA,Zidovudina (AZT),sim
29349923,MAPA,Timidina,sim
29349924,MAPA,Furazolidona,sim
29349925,MAPA,Citarabina,sim
29349926,MAPA,Oxadiazona,sim
29349927,MAPA,Estavudina,sim
29349927,ANVISA,Estavudina,sim
29349929,MAPA,Outros,sim
29349929,ANVISA,Outros,sim
29349931,MAPA,Cetoconazol,sim
29349931,ANVISA,Cetoconazol,sim
29349932,MAPA,Cloridrato de prazosina,sim
29349933,MAPA,Talniflumato,sim
29349934,MAPA,Ácidos nucleicos e seus sais,sim
29349934,ANVISA,ÁCIDOS NUCLEICOS E SEUS SAIS,sim
29349935,MAPA,Propiconazol,sim
29349939,MAPA,Outros,sim
29349939,ANVISA,Outros,sim
29349945,MAPA,Clormezanona,sim
29349946,MAPA,9-(N-Metil-4-piperidinilideno)tioxanteno,sim
29349949,MAPA,Outros,sim
29349949,POLICIA_FEDERAL,Outros,sim
29349949,ANVISA,Outros,sim
29349951,MAPA,Tebutiuron,sim
29349952,POLICIA_FEDERAL,Tetramisol,sim
29349952,MAPA,Tetramisol,sim
29349953,POLICIA_FEDERAL,Levamisol e seus sais,sim
29349953,MAPA,Levamisol e seus sais,sim
29349953,ANVISA,Levamisol e seus sais,sim
29349954,MAPA,Tioconazol,sim
29349954,ANVISA,Tioconazol,sim
29349959,MAPA,Outros,sim
29349961,MAPA,Cloridrato de tizanidina,sim
29349969,MAPA,Outros,sim
29349969,ANVISA,Outros,sim
29349991,MAPA,Timolol,sim
29349991,ANVISA,Timolol,sim
29349992,MAPA,Maleato ácido de timolol,sim
29349993,MAPA,Lamivudina,sim
29349993,ANVISA,Lamivudina,sim
29349999,POLICIA_FEDERAL,Outros,sim
29349999,MAPA,Outros,sim
29349999,ANVISA,Outros,sim
29351000,MCT,- N-Metilperfluoroctano sulfonamida,sim
29351000,MAPA,- N-Metilperfluoroctano sulfonamida,sim
29351000,ANVISA,- N-METILPERFLUOROCTANO SULFONAMIDA,sim
29352000,MCT,- N-Etilperfluoroctano sulfonamida,sim
29352000,MAPA,- N-Etilperfluoroctano sulfonamida,sim
29352000,ANVISA,- N-ETILPERFLUOROCTANO SULFONAMIDA,sim
29353000,MCT,- N-Etil-N-(2-hidroxietil)perfluoroctano sulfonamida,sim
29353000,MAPA,- N-Etil-N-(2-hidroxietil)perfluoroctano sulfonamida,sim
29353000,ANVISA,- N-ETIL-N-(2-HIDROXIETIL)PERFLUOROCTANO SULFONAMIDA,sim
29354000,MCT,- N-(2-Hidroxietil)-N-metilperfluoroctano sulfonamida,sim
29354000,MAPA,- N-(2-Hidroxietil)-N-metilperfluoroctano sulfonamida,sim
29354000,ANVISA,- N-(2-HIDROXIETIL)-N-METILPERFLUOROCTANO SULFONAMIDA,sim
29355000,MCT,- Outras perfluoroctanossulfonamidas,sim
29355000,MAPA,- Outras perfluoroctanossulfonamidas,sim
29355000,ANVISA,- OUTRAS PERFLUOROCTANOSSULFONAMIDAS,sim
29359011,MAPA,Sulfadiazina e seu sal sódico,sim
29359011,ANVISA,Sulfadiazina e seu sal sódico,sim
29359012,MAPA,Clortalidona,sim
29359012,ANVISA,Clortalidona,sim
29359013,ANVISA,Sulpirida,sim
29359013,MAPA,Sulpirida,sim
29359014,ANVISA,Veraliprida,sim
29359014,MAPA,Veraliprida,sim
29359015,MAPA,"Sulfametazina (4,6-dimetil-2-sulfanilamidopirimidina) e seu sal sódico",sim
29359015,ANVISA,"Sulfametazina (4,6-dimetil-2-sulfanilamidopirimidina) e seu sal sódico",sim
29359019,MAPA,Outras,sim
29359019,ANVISA,Outras,sim
29359021,MAPA,Furosemida,sim
29359021,ANVISA,Furosemida,sim
29359022,MAPA,Ftalilsulfatiazol,sim
29359022,ANVISA,Ftalilsulfatiazol,sim
29359023,MAPA,Piroxicam,sim
29359023,ANVISA,Piroxicam,sim
29359024,MAPA,Tenoxicam,sim
29359024,ANVISA,Tenoxicam,sim
29359025,MAPA,Sulfametoxazol,sim
29359025,ANVISA,Sulfametoxazol,sim
29359029,MAPA,Outras,sim
29359029,ANVISA,Outras,sim
29359091,MAPA,Cloramina-B e cloramina-T,sim
29359092,MAPA,Gliburida,sim
29359093,MAPA,Toluenossulfonamidas,sim
29359094,MAPA,Nimesulida,sim
29359095,MAPA,Bumetanida,sim
29359096,MAPA,Sulfaguanidina,sim
29359096,ANVISA,Sulfaguanidina,sim
29359099,MCT,Outras,sim
29359099,MAPA,Outras,sim
29359099,ANVISA,Outras,sim
29362111,MAPA,Vitamina A1 álcool (retinol),sim
29362111,ANVISA,Vitamina A1 álcool (retinol),sim
29362112,MAPA,Acetato,sim
29362113,MAPA,Palmitato,sim
29362119,MAPA,Outros,sim
29362119,ANVISA,Outros,sim
29362190,MAPA,Outros,sim
29362190,ANVISA,Outros,sim
29362210,MAPA,Cloridrato de vitamina B1 (cloridrato de tiamina),sim
29362210,ANVISA,Cloridrato de vitamina B1 (cloridrato de tiamina),sim
29362220,MAPA,Mononitrato de vitamina B1 (mononitrato de tiamina),sim
29362220,ANVISA,Mononitrato de vitamina B1 (mononitrato de tiamina),sim
29362290,MAPA,Outros,sim
29362310,MAPA,Vitamina B2 (riboflavina),sim
29362310,ANVISA,Vitamina B2 (riboflavina),sim
29362320,MAPA,5'-Fosfato sódico de vitamina B2 (5'-fosfato sódico de riboflavina),sim
29362390,MAPA,Outros,sim
29362410,MAPA,D-Pantotenato de cálcio,sim
29362490,MAPA,Outros,sim
29362510,MAPA,Vitamina B6,sim
29362520,MAPA,Cloridrato de piridoxina,sim
29362520,ANVISA,Cloridrato de piridoxina,sim
29362590,MAPA,Outros,sim
29362610,MAPA,Vitamina B12 (cianocobalamina),sim
29362610,ANVISA,Vitamina B12 (cianocobalamina),sim
29362620,MAPA,Cobamamida,sim
29362620,ANVISA,Cobamamida,sim
29362630,MAPA,Hidroxocobalamina e seus sais,sim
29362630,ANVISA,Hidroxocobalamina e seus sais,sim
29362690,MAPA,Outros,sim
29362690,ANVISA,Outros,sim
29362710,MAPA,Vitamina C (ácido L- ou DL-ascórbico),sim
29362710,ANVISA,Vitamina C (ácido L- ou DL-ascórbico),sim
29362720,MAPA,Ascorbato de sódio,sim
29362790,MAPA,Outros,sim
29362811,MAPA,D- ou DL-alfa-Tocoferol,sim
29362811,ANVISA,D- ou DL-alfa-Tocoferol,sim
29362812,MAPA,Acetato de D- ou DL-alfa-tocoferol,sim
29362812,ANVISA,Acetato de D- ou DL-alfa-tocoferol,sim
29362819,MAPA,Outros,sim
29362819,ANVISA,Outros,sim
29362890,MAPA,Outros,sim
29362911,MAPA,Vitamina B9 (ácido fólico) e seus sais,sim
29362911,ANVISA,Vitamina B9 (ácido fólico) e seus sais,sim
29362919,MAPA,Outros,sim
29362921,MAPA,Vitamina D3 (colecalciferol),sim
29362921,ANVISA,Vitamina D3 (colecalciferol),sim
29362929,MAPA,Outros,sim
29362931,MAPA,Vitamina H (biotina),sim
29362931,ANVISA,Vitamina H (biotina),sim
29362939,MAPA,Outros,sim
29362940,MAPA,Vitaminas K e seus derivados,sim
29362940,ANVISA,Vitaminas K e seus derivados,sim
29362951,MAPA,Ácido nicotínico,sim
29362951,ANVISA,ÁCIDO NICOTÍNICO,sim
29362952,MAPA,Nicotinamida,sim
29362952,ANVISA,Nicotinamida,sim
29362953,MAPA,Nicotinato de sódio,sim
29362953,ANVISA,NICOTINATO DE SÓDIO,sim
29362959,MAPA,Outros,sim
29362990,MAPA,Outros,sim
29369000,MAPA,"- Outras, incluindo os concentrados naturais",sim
29371100,ANVISA,"-- Somatotropina, seus derivados e análogos estruturais",sim
29371100,MAPA,"-- Somatotropina, seus derivados e análogos estruturais",sim
29371200,MAPA,-- Insulina e seus sais,sim
29371200,ANVISA,-- Insulina e seus sais,sim
29371910,MAPA,ACTH (corticotropina),sim
29371910,ANVISA,ACTH (corticotropina),sim
29371920,MAPA,HCG (gonadotropina coriônica),sim
29371920,ANVISA,HCG (gonadotropina coriônica),sim
29371930,MAPA,PMSG (gonadotropina sérica),sim
29371930,ANVISA,PMSG (gonadotropina sérica),sim
29371940,MAPA,Menotropinas,sim
29371940,ANVISA,Menotropinas,sim
29371950,MAPA,Oxitocina,sim
29371950,ANVISA,Oxitocina,sim
29371990,MAPA,Outros,sim
29371990,ANVISA,Outros,sim
29372110,MAPA,Cortisona,sim
29372110,ANVISA,Cortisona,sim
29372120,MAPA,Hidrocortisona,sim
29372120,ANVISA,Hidrocortisona,sim
29372130,MAPA,Prednisona (deidrocortisona),sim
29372130,ANVISA,Prednisona (deidrocortisona),sim
29372140,MAPA,Prednisolona (deidroidrocortisona),sim
29372140,ANVISA,Prednisolona (deidroidrocortisona),sim
29372210,MAPA,Dexametasona e seus acetatos,sim
29372210,ANVISA,Dexametasona e seus acetatos,sim
29372221,MAPA,Acetonida da triancinolona,sim
29372221,ANVISA,Acetonida da triancinolona,sim
29372229,MAPA,Outros,sim
29372229,ANVISA,Outros,sim
29372231,MAPA,Valerato de diflucortolona,sim
29372231,ANVISA,Valerato de diflucortolona,sim
29372239,MAPA,Outros,sim
29372239,ANVISA,Outros,sim
29372290,MAPA,Outros,sim
29372290,ANVISA,Outros,sim
29372310,MAPA,Medroxiprogesterona e seus derivados,sim
29372310,ANVISA,Medroxiprogesterona e seus derivados,sim
29372321,MAPA,L-Norgestrel (levonorgestrel),sim
29372321,ANVISA,L-Norgestrel (levonorgestrel),sim
29372322,MAPA,DL-Norgestrel,sim
29372322,ANVISA,DL-Norgestrel,sim
29372329,MAPA,Outros,sim
29372329,ANVISA,Outros,sim
29372331,MAPA,Estriol e seu succinato,sim
29372331,ANVISA,Estriol e seu succinato,sim
29372339,MAPA,Outros,sim
29372339,ANVISA,Outros,sim
29372341,MAPA,Hemissuccinato de estradiol,sim
29372341,ANVISA,Hemissuccinato de estradiol,sim
29372342,MAPA,Fempropionato de estradiol (17-(3-fenilpropionato) de estradiol),sim
29372342,ANVISA,Fempropionato de estradiol (17-(3-fenilpropionato) de estradiol),sim
29372349,MAPA,Outros,sim
29372349,ANVISA,Outros,sim
29372351,MAPA,Alilestrenol,sim
29372351,ANVISA,Alilestrenol,sim
29372359,MAPA,Outros,sim
29372359,ANVISA,Outros,sim
29372360,MAPA,Desogestrel,sim
29372360,ANVISA,Desogestrel,sim
29372370,MAPA,Linestrenol,sim
29372370,ANVISA,Linestrenol,sim
29372391,MAPA,Acetato de etinodiol,sim
29372391,ANVISA,Acetato de etinodiol,sim
29372392,MAPA,Gestodeno,sim
29372392,ANVISA,Gestodeno,sim
29372399,MAPA,Outros,sim
29372399,ANVISA,Outros,sim
29372910,MAPA,Metilprednisolona e seus derivados,sim
29372910,ANVISA,Metilprednisolona e seus derivados,sim
29372920,MAPA,21-Succinato sódico de hidrocortisona,sim
29372920,ANVISA,21-Succinato sódico de hidrocortisona,sim
29372931,MAPA,Acetato de ciproterona,sim
29372931,ANVISA,Acetato de ciproterona,sim
29372939,MAPA,Outros,sim
29372939,ANVISA,Outros,sim
29372940,ANVISA,Mesterolona e seus derivados,sim
29372940,MAPA,Mesterolona e seus derivados,sim
29372950,MAPA,Espironolactona,sim
29372950,ANVISA,Espironolactona,sim
29372960,MAPA,Deflazacorte,sim
29372960,ANVISA,Deflazacorte,sim
29372990,MAPA,Outros,sim
29372990,ANVISA,Outros,sim
29375000,MAPA,"- Prostaglandinas, tromboxanas e leucotrienos, seus derivados e análogos estruturais",sim
29375000,ANVISA,"- Prostaglandinas, tromboxanas e leucotrienos, seus derivados e análogos estruturais",sim
29379010,MAPA,Tiratricol (triac) e seu sal sódico,sim
29379010,ANVISA,Tiratricol (triac) e seu sal sódico,sim
29379030,MAPA,Levotiroxina sódica,sim
29379030,ANVISA,Levotiroxina sódica,sim
29379040,MAPA,Liotironina sódica,sim
29379040,ANVISA,Liotironina sódica,sim
29379090,MAPA,Outros,sim
29379090,ANVISA,Outros,sim
29381000,MAPA,- RUTOSÍDIO (RUTINA) E SEUS DERIVADOS,sim
29381000,ANVISA,- Rutosídio (rutina) e seus derivados,sim
29389010,MAPA,Deslanosídio,sim
29389010,ANVISA,Deslanosídio,sim
29389020,MAPA,Esteviosídio,sim
29389020,ANVISA,Esteviosídio,sim
29389090,MAPA,Outros,sim
29391110,ANVISA,Concentrados de palha de dormideira ou papoula,sim
29391121,ANVISA,Buprenorfina e seus sais,sim
29391121,MAPA,Buprenorfina e seus sais,sim
29391122,ANVISA,Codeína e seus sais,sim
29391122,MAPA,Codeína e seus sais,sim
29391123,ANVISA,Diidrocodeína e seus sais,sim
29391123,MAPA,Diidrocodeína e seus sais,sim
29391131,ANVISA,Etilmorfina e seus sais,sim
29391131,MAPA,Etilmorfina e seus sais,sim
29391132,ANVISA,Etorfina e seus sais,sim
29391132,MAPA,Etorfina e seus sais,sim
29391140,ANVISA,Folcodina e seus sais,sim
29391140,MAPA,Folcodina e seus sais,sim
29391151,ANVISA,Heroína e seus sais,sim
29391152,ANVISA,Hidrocodona e seus sais,sim
29391152,MAPA,Hidrocodona e seus sais,sim
29391153,ANVISA,Hidromorfona e seus sais,sim
29391153,MAPA,Hidromorfona e seus sais,sim
29391161,ANVISA,Morfina,sim
29391161,MAPA,Morfina,sim
29391162,ANVISA,Cloridrato e sulfato de morfina,sim
29391162,MAPA,Cloridrato e sulfato de morfina,sim
29391169,ANVISA,Outros,sim
29391169,MAPA,Outros,sim
29391170,ANVISA,Nicomorfina e seus sais,sim
29391170,MAPA,Nicomorfina e seus sais,sim
29391181,ANVISA,Oxicodona e seus sais,sim
29391181,MAPA,Oxicodona e seus sais,sim
29391182,ANVISA,Oximorfona e seus sais,sim
29391182,MAPA,Oximorfona e seus sais,sim
29391191,ANVISA,Tebacona e seus sais,sim
29391191,MAPA,Tebacona e seus sais,sim
29391192,ANVISA,Tebaína e seus sais,sim
29391192,MAPA,Tebaína e seus sais,sim
29391900,MAPA,-- Outros,sim
29392000,ANVISA,- Alcaloides da quina e seus derivados; sais destes produtos,sim
29393010,POLICIA_FEDERAL,Cafeína,sim
29393010,ANVISA,Cafeína,sim
29394100,ANVISA,-- Efedrina e seus sais,sim
29394100,POLICIA_FEDERAL,-- Efedrina e seus sais,sim
29394100,MAPA,-- Efedrina e seus sais,sim
29394200,ANVISA,-- Pseudoefedrina (DCI) e seus sais,sim
29394200,POLICIA_FEDERAL,-- Pseudoefedrina (DCI) e seus sais,sim
29394200,MAPA,-- Pseudoefedrina (DCI) e seus sais,sim
29394300,ANVISA,-- Catina (DCI) e seus sais,sim
29394300,MAPA,-- Catina (DCI) e seus sais,sim
29394510,ANVISA,LEVOMETANFETAMINA E SEUS SAIS,sim
29394510,MAPA,LEVOMETANFETAMINA E SEUS SAIS,sim
29394520,ANVISA,METANFETAMINA E SEUS SAIS,sim
29394520,MAPA,METANFETAMINA E SEUS SAIS,sim
29394530,ANVISA,RACEMATO DE METANFETAMINA E SEUS SAIS,sim
29394530,MAPA,RACEMATO DE METANFETAMINA E SEUS SAIS,sim
29394900,POLICIA_FEDERAL,-- Outros,sim
29394900,MAPA,-- Outros,sim
29395100,ANVISA,-- Fenetilina (DCI) e seus sais,sim
29395100,MAPA,-- Fenetilina (DCI) e seus sais,sim
29395910,POLICIA_FEDERAL,Teofilina,sim
29395910,MAPA,Teofilina,sim
29395920,MAPA,Aminofilina,sim
29395990,MAPA,Outros,sim
29396100,POLICIA_FEDERAL,-- Ergometrina (DCI) e seus sais,sim
29396100,MAPA,-- Ergometrina (DCI) e seus sais,sim
29396200,POLICIA_FEDERAL,-- Ergotamina (DCI) e seus sais,sim
29396200,MAPA,-- Ergotamina (DCI) e seus sais,sim
29396300,POLICIA_FEDERAL,-- Ácido lisérgico e seus sais,sim
29396300,MAPA,-- Ácido lisérgico e seus sais,sim
29396911,POLICIA_FEDERAL,Maleato de metilergometrina,sim
29396911,MAPA,Maleato de metilergometrina,sim
29396919,MAPA,Outros,sim
29396921,MAPA,Mesilato de diidroergotamina,sim
29396929,MAPA,Outros,sim
29396931,MAPA,Mesilato de diidroergocornina,sim
29396939,MAPA,Outros,sim
29396941,MAPA,Mesilato de alfa-diidroergocriptina,sim
29396942,MAPA,Mesilato de beta-diidroergocriptina,sim
29396949,MAPA,Outros,sim
29396951,MAPA,Ergocristina,sim
29396952,MAPA,Metanossulfonato de diidroergocristina,sim
29396959,MAPA,Outros,sim
29396990,MAPA,Outros,sim
29397210,ANVISA,COCAÍNA E SEUS SAIS,sim
29397220,ANVISA,ECGONINA E SEUS SAIS,sim
29397911,MAPA,Brometo de N-butilescopolamônio,sim
29397919,MAPA,Outros,sim
29397920,MAPA,Teobromina e seus derivados; sais destes produtos,sim
29397931,MAPA,"Pilocarpina, seu nitrato e seu cloridrato",sim
29397939,MAPA,Outros,sim
29397940,MAPA,Tiocolquicósido,sim
29397990,MAPA,Outros,sim
29397990,ANVISA,Outros,sim
29398010,MCT,SAXITOXINA,sim
29400011,MAPA,Galactose,sim
29400012,MAPA,Arabinose,sim
29400013,MAPA,Ramnose,sim
29400019,MAPA,Outros,sim
29400021,MAPA,Ácido lactobiônico,sim
29400022,MAPA,Lactobionato de cálcio,sim
29400023,MAPA,Bromolactobionato de cálcio,sim
29400029,MAPA,Outros,sim
29400092,MAPA,"Frutose-1,6-difosfato de cálcio ou de sódio",sim
29400093,MAPA,Maltitol,sim
29400094,MAPA,Lactogluconato de cálcio,sim
29400099,MAPA,Outros,sim
29411010,MAPA,Ampicilina e seus sais,sim
29411010,ANVISA,Ampicilina e seus sais,sim
29411020,MAPA,Amoxicilina e seus sais,sim
29411020,ANVISA,Amoxicilina e seus sais,sim
29411031,MAPA,Penicilina V potássica,sim
29411031,ANVISA,Penicilina V potássica,sim
29411039,MAPA,Outros,sim
29411039,ANVISA,Outros,sim
29411041,MAPA,Penicilina G potássica,sim
29411041,ANVISA,Penicilina G potássica,sim
29411042,MAPA,Penicilina G benzatínica,sim
29411042,ANVISA,Penicilina G benzatínica,sim
29411043,MAPA,Penicilina G procaínica,sim
29411043,ANVISA,Penicilina G procaínica,sim
29411049,MAPA,Outros,sim
29411049,ANVISA,Outros,sim
29411090,MAPA,Outros,sim
29411090,ANVISA,Outros,sim
29412010,MAPA,Sulfatos,sim
29412010,ANVISA,Sulfatos,sim
29412090,MAPA,Outros,sim
29412090,ANVISA,Outros,sim
29413010,MAPA,Cloridrato de tetraciclina,sim
29413010,ANVISA,Cloridrato de tetraciclina,sim
29413020,MAPA,Oxitetraciclina,sim
29413020,ANVISA,Oxitetraciclina,sim
29413031,MAPA,Minociclina,sim
29413031,ANVISA,Minociclina,sim
29413032,MAPA,Sais,sim
29413032,ANVISA,Sais,sim
29413090,MAPA,Outros,sim
29413090,ANVISA,Outros,sim
29414011,ANVISA,"Cloranfenicol, seu palmitato, seu succinato e seu hemissuccinato",sim
29414019,MAPA,Outros,sim
29414019,ANVISA,Outros,sim
29414020,MAPA,Tianfenicol e seus ésteres,sim
29414020,ANVISA,Tianfenicol e seus ésteres,sim
29414090,MAPA,Outros,sim
29414090,ANVISA,Outros,sim
29415010,MAPA,Claritromicina,sim
29415010,ANVISA,Claritromicina,sim
29415020,MAPA,Eritromicina e seus sais,sim
29415020,ANVISA,Eritromicina e seus sais,sim
29415090,MAPA,Outros,sim
29415090,ANVISA,Outros,sim
29419011,MAPA,Rifamicina S,sim
29419011,ANVISA,Rifamicina S,sim
29419012,MAPA,Rifampicina (rifamicina AMP),sim
29419012,ANVISA,Rifampicina (rifamicina AMP),sim
29419013,MAPA,Rifamicina SV sódica,sim
29419013,ANVISA,Rifamicina SV sódica,sim
29419019,MAPA,Outros,sim
29419019,ANVISA,Outros,sim
29419021,MAPA,Cloridrato de lincomicina,sim
29419021,ANVISA,Cloridrato de lincomicina,sim
29419022,MAPA,Fosfato de clindamicina,sim
29419022,ANVISA,Fosfato de clindamicina,sim
29419029,MAPA,Outros,sim
29419029,ANVISA,Outros,sim
29419031,MAPA,Ceftriaxona e seus sais,sim
29419031,ANVISA,Ceftriaxona e seus sais,sim
29419032,MAPA,"Cefoperazona e seus sais, cefazolina sódica",sim
29419032,ANVISA,"Cefoperazona e seus sais, cefazolina sódica",sim
29419033,MAPA,"Cefaclor e cefalexina monoidratados, cefalotina sódica",sim
29419033,ANVISA,"Cefaclor e cefalexina monoidratados, cefalotina sódica",sim
29419034,MAPA,Cefadroxil e seus sais,sim
29419034,ANVISA,Cefadroxil e seus sais,sim
29419035,MAPA,Cefotaxima sódica,sim
29419035,ANVISA,Cefotaxima sódica,sim
29419036,MAPA,Cefoxitina e seus sais,sim
29419036,ANVISA,Cefoxitina e seus sais,sim
29419037,MAPA,Cefalosporina C,sim
29419037,ANVISA,Cefalosporina C,sim
29419039,MAPA,Outros,sim
29419039,ANVISA,Outros,sim
29419041,MAPA,Sulfato de neomicina,sim
29419041,ANVISA,Sulfato de neomicina,sim
29419042,MAPA,Embonato de gentamicina (pamoato de gentamicina),sim
29419042,ANVISA,Embonato de gentamicina (pamoato de gentamicina),sim
29419043,MAPA,Sulfato de gentamicina,sim
29419043,ANVISA,Sulfato de gentamicina,sim
29419049,MAPA,Outros,sim
29419049,ANVISA,Outros,sim
29419051,MAPA,Embonato de espiramicina (pamoato de espiramicina),sim
29419051,ANVISA,Embonato de espiramicina (pamoato de espiramicina),sim
29419059,MAPA,Outros,sim
29419059,ANVISA,Outros,sim
29419061,MAPA,Nistatina e seus sais,sim
29419061,ANVISA,Nistatina e seus sais,sim
29419062,MAPA,Anfotericina B e seus sais,sim
29419062,ANVISA,Anfotericina B e seus sais,sim
29419069,MAPA,Outros,sim
29419069,ANVISA,Outros,sim
29419071,MAPA,Monensina sódica,sim
29419071,ANVISA,Monensina sódica,sim
29419072,MAPA,Narasina,sim
29419072,ANVISA,Narasina,sim
29419073,MAPA,Avilamicinas,sim
29419073,ANVISA,Avilamicinas,sim
29419079,MAPA,Outros,sim
29419079,ANVISA,Outros,sim
29419081,MAPA,"Polimixinas e seus sais, exceto sulfato de colistina",sim
29419081,ANVISA,"Polimixinas e seus sais, exceto sulfato de colistina",sim
29419082,MAPA,Sulfato de colistina,sim
29419082,ANVISA,Sulfato de colistina,sim
29419083,MAPA,Virginiamicinas e seus sais,sim
29419083,ANVISA,Virginiamicinas e seus sais,sim
29419089,MAPA,Outros,sim
29419089,ANVISA,Outros,sim
29419091,MAPA,Griseofulvina e seus sais,sim
29419091,ANVISA,Griseofulvina e seus sais,sim
29419092,MAPA,Fumarato de tiamulina,sim
29419092,ANVISA,Fumarato de tiamulina,sim
29419099,MAPA,Outros,sim
29419099,ANVISA,Outros,sim
30012090,MAPA,Outros,sim
30019090,IBAMA,OUTROS,sim
30019090,ANVISA,OUTROS,sim
30021211,MAPA,Antiofídicos e outros antivenenosos,sim
30021212,MAPA,Antitetânico,sim
30021213,MAPA,Anticatarral,sim
30021214,MAPA,Antipiogênico,sim
30021215,MAPA,Antidiftérico,sim
30021216,MAPA,Polivalentes,sim
30021219,MAPA,Outros,sim
30021224,MAPA,"Soroalbumina, em forma de gel, para preparação de reagentes de diagnóstico",sim
30021229,MAPA,Outros,sim
30021229,ANVISA,Outros,sim
30021231,MAPA,"Soroalbumina, exceto a humana",sim
30021235,MAPA,"Imunoglobulina G, liofilizada ou em solução",sim
30021300,MAPA,"-- Produtos imunológicos, não misturados, não apresentados em doses nem acondicionados para venda a retalho",sim
30021300,ANVISA,"-- Produtos imunológicos, não misturados, não apresentados em doses nem acondicionados para venda a retalho",sim
30021400,MAPA,"-- PRODUTOS IMUNOLÓGICOS, MISTURADOS, NÃO APRESENTADOS",sim
30021590,MAPA,OUTROS,sim
30024210,MAPA,CONTRA A RAIVA,sim
30024220,MAPA,CONTRA A COCCIDIOSE,sim
30024230,MAPA,CONTRA A QUERATO-CONJUNTIVITE,sim
30024240,MAPA,CONTRA A CINOMOSE,sim
30024250,MAPA,CONTRA A LEPTOSPIROSE,sim
30024260,MAPA,CONTRA A FEBRE AFTOSA,sim
30024270,MAPA,"CONTRA AS SEGUINTES ENFERMIDADES: DENEWCASTLE, A VÍRUS",sim
30024280,MAPA,VACINAS COMBINADAS CONTRA AS ENFERMIDADES CITADAS NO IT,sim
30024290,MAPA,OUTRAS,sim
30024910,MAPA,ANTITOXINAS DE ORIGEM MICROBIANA,sim
30024920,MAPA,TUBERCULINAS,sim
30024991,MAPA,PARA A SAÚDE ANIMAL,sim
30024992,ANVISA,PARA A SAÚDE HUMANA,sim
30024994,EXERCITO,RICINA,sim
30024999,MAPA,OUTROS,sim
30024999,ANVISA,OUTROS,sim
30025100,MAPA,-- PRODUTOS DE TERAPIA CELULAR,sim
30025900,MAPA,-- OUTRAS,sim
30025900,ANVISA,-- OUTRAS,sim
30029000,MAPA,- OUTROS,sim
30029000,IBAMA,- OUTROS,sim
30029000,ANVISA,- OUTROS,sim
30031011,MAPA,Ampicilina ou seus sais,sim
30031012,MAPA,Amoxicilina ou seus sais,sim
30031013,MAPA,Penicilina G benzatínica,sim
30031014,MAPA,Penicilina G potássica,sim
30031015,MAPA,Penicilina G procaínica,sim
30031019,MAPA,Outros,sim
30031020,MAPA,Que contenham estreptomicinas ou seus derivados,sim
30032021,MAPA,Eritromicina ou seus sais,sim
30032029,MAPA,Outros,sim
30032031,MAPA,Rifamicina SV sódica,sim
30032032,MAPA,Rifampicina,sim
30032039,MAPA,Outros,sim
30032041,MAPA,Cloridrato de lincomicina,sim
30032049,MAPA,Outros,sim
30032051,MAPA,Cefalotina sódica,sim
30032052,MAPA,Cefaclor ou cefalexina monoidratados,sim
30032059,MAPA,Outros,sim
30032061,MAPA,Sulfato de gentamicina,sim
30032062,MAPA,Daunorubicina,sim
30032063,MAPA,Idarubicina; pirarubicina,sim
30032069,MAPA,Outros,sim
30032071,MAPA,Vancomicina,sim
30032072,MAPA,Actinomicinas,sim
30032073,MAPA,Ciclosporina A,sim
30032079,MAPA,Outros,sim
30032091,MAPA,Mitomicina,sim
30032092,MAPA,Fumarato de tiamulina,sim
30032093,MAPA,Bleomicinas ou seus sais,sim
30032094,MAPA,Imipenem,sim
30032095,MAPA,Anfotericina B em lipossomas,sim
30032099,MAPA,Outros,sim
30033100,MAPA,-- Que contenham insulina,sim
30033911,ANVISA,SOMATOTROPINA,sim
30033911,MAPA,Somatotropina,sim
30033912,MAPA,Gonadotropina coriônica (hCG),sim
30033913,MAPA,Menotropinas,sim
30033914,MAPA,Corticotropina (ACTH),sim
30033915,MAPA,Gonadotropina sérica (PMSG),sim
30033916,MAPA,Somatostatina ou seus sais,sim
30033917,MAPA,Buserelina ou seu acetato,sim
30033918,MAPA,Triptorelina ou seus sais,sim
30033919,MAPA,Leuprolida ou seu acetato,sim
30033921,MAPA,LH-RH (gonadorelina),sim
30033922,MAPA,Oxitocina,sim
30033923,MAPA,Sais de insulina,sim
30033924,MAPA,Timosinas,sim
30033925,MAPA,OCTREOTIDA,sim
30033926,MAPA,Goserelina ou seu acetato,sim
30033927,MAPA,Nafarelina ou seu acetato,sim
30033929,MAPA,Outros,sim
30033931,MAPA,HEMISSUCCINATO DE ESTRADIOL,sim
30033932,MAPA,Fempropionato de estradiol,sim
30033933,MAPA,Estriol ou seu succinato,sim
30033934,MAPA,Alilestrenol,sim
30033935,MAPA,LINESTRENOL,sim
30033936,MAPA,Acetato de megestrol; formestano; fulvestranto,sim
30033937,MAPA,Desogestrel,sim
30033939,MAPA,Outros,sim
30033981,MAPA,Levotiroxina sódica,sim
30033982,MAPA,Liotironina sódica,sim
30033991,MAPA,"Sal sódico ou éster metílico do ácido 9,11,15-triidroxi-16-(3-clorofenoxi)prosta-5,13-dien-1-óico (derivado da prostaglandina F2alfa)",sim
30033992,MAPA,Tiratricol (triac) ou seu sal sódico,sim
30033994,MAPA,Espironolactona,sim
30033995,MAPA,Exemestano,sim
30033999,MAPA,Outros,sim
30034100,ANVISA,-- QUE CONTENHAM EFEDRINA OU SEUS SAIS,sim
30034100,MAPA,-- Que contenham efedrina ou seus sais,sim
30034200,ANVISA,-- QUE CONTENHAM PSEUDOEFEDRINA (DCI) OU SEUS SAIS,sim
30034200,MAPA,-- Que contenham pseudoefedrina (DCI) ou seus sais,sim
30034300,ANVISA,-- QUE CONTENHAM NOREFEDRINA OU SEUS SAIS,sim
30034300,MAPA,-- Que contenham norefedrina ou seus sais,sim
30034910,MAPA,Vimblastina; vincristina; derivados destes produtos; topotecan ou seu cloridrato,sim
30034920,MAPA,"Pilocarpina, seu nitrato ou seu cloridrato",sim
30034930,MAPA,Metanossulfonato de diidroergocristina,sim
30034940,ANVISA,CODEÍNA OU SEUS SAIS,sim
30034940,MAPA,Codeína ou seus sais,sim
30034950,MAPA,Granisetron; tropisetrona ou seu cloridrato,sim
30034990,MAPA,Outros,sim
30036000,MAPA,"- Outros, que contenham princípios ativos antimaláricos (antipalúdicos) descritos na Nota de subposições 2 do presente Capítulo",sim
30039011,MAPA,Folinato de cálcio (leucovorina),sim
30039012,MAPA,Nicotinamida,sim
30039013,MAPA,Hidroxocobalamina ou seus sais; cianocobalamina,sim
30039014,MAPA,"Vitamina A1 (retinol) ou seus derivados, exceto o ácido retinóico",sim
30039015,MAPA,D-Pantotenato de cálcio; vitamina D3 (colecalciferol),sim
30039016,MAPA,"Ésteres das vitaminas A e D3, em concentração igual ou superior a 1.500.000 UI/g de vitamina A e igual ou superior a 50.000 UI/g de vitamina D3",sim
30039017,ANVISA,ÁCIDO RETINOICO (TRETINOÍNA),sim
30039017,MAPA,Ácido retinóico (tretinoína),sim
30039019,MAPA,Outros,sim
30039021,MAPA,Estreptoquinase,sim
30039022,MAPA,L-Asparaginase,sim
30039023,MAPA,Deoxirribonuclease,sim
30039024,MAPA,Idursulfase,sim
30039029,MAPA,Outros,sim
30039031,MAPA,Permetrina; nitrato de propatila; benzoato de benzila; dioctilsulfossuccinato de sódio,sim
30039032,MAPA,Ácido cólico; ácido deoxicólico; sal magnésico do ácido deidrocólico,sim
30039033,MAPA,"Ácido glucônico, seus sais ou seus ésteres",sim
30039034,MAPA,Ácido o-acetilsalicílico; o-acetilsalicilato de alumínio; salicilato de metila; diclorvós,sim
30039034,ANVISA,ÁCIDOO-ACETILSALICÍLICO;O-ACETILSALICILATO DE ALUMÍNIO;,sim
30039035,MAPA,Lactofosfato de cálcio,sim
30039036,MAPA,"Ácido láctico, seus sais ou seus ésteres; ácido 4-(4-hidroxifenoxi)-3,5-diiodofenilacético",sim
30039037,MAPA,"Ácido fumárico, seus sais ou seus ésteres",sim
30039038,ANVISA,Etretinato; fosfestrol ou seus sais de di ou tetrassódio,sim
30039038,MAPA,Etretinato; fosfestrol ou seus sais de di ou tetrassódio,sim
30039039,MAPA,Outros,sim
30039041,ANVISA,SULFATO DE TRANILCIPROMINA; DIETILPROPIONA,sim
30039041,MAPA,Sulfato de tranilcipromina; dietilpropiona,sim
30039042,ANVISA,CLORIDRATO DE KETAMINA,sim
30039042,MAPA,Cloridrato de ketamina,sim
30039043,MAPA,Clembuterol ou seu cloridrato,sim
30039044,MAPA,Tamoxifen ou seu citrato,sim
30039045,MAPA,Levodopa; alfa-metildopa,sim
30039046,MAPA,Cloridrato de fenilefrina; mirtecaína; propranolol ou seus sais,sim
30039047,MAPA,Diclofenaco de sódio; diclofenaco de potássio; diclofenaco de dietilamônio,sim
30039048,MAPA,Clorambucil; clormetina (DCI) ou seu cloridrato; melfalano; toremifene ou seu citrato,sim
30039049,MAPA,Outros,sim
30039051,MAPA,Metoclopramida ou seu cloridrato; closantel,sim
30039052,MAPA,Atenolol; prilocaína ou seu cloridrato; talidomida,sim
30039053,MAPA,Lidocaína ou seu cloridrato; flutamida,sim
30039054,ANVISA,FEMPROPOREX,sim
30039054,MAPA,Femproporex,sim
30039055,MAPA,Paracetamol; bromoprida,sim
30039056,MAPA,Amitraz; cipermetrina,sim
30039057,MAPA,Clorexidina ou seus sais; isetionato de pentamidina,sim
30039058,MAPA,"Aminoglutetimida; carmustina; deferoxamina (desferrioxamina B) ou seus sais, derivados destes produtos; lomustina",sim
30039059,MAPA,Outros,sim
30039061,MAPA,Quercetina,sim
30039062,ANVISA,TIAPRIDA,sim
30039062,MAPA,Tiaprida,sim
30039063,MAPA,Etidronato dissódico,sim
30039064,MAPA,Cloridrato de amiodarona,sim
30039065,MAPA,Nitrovin; moxidectina,sim
30039066,MAPA,Ácido clodrônico ou seu sal dissódico; estreptozocina; fotemustina,sim
30039067,MAPA,Carbocisteína; sulfiram,sim
30039069,MAPA,Outros,sim
30039071,MAPA,Terfenadina; talniflumato; malato ácido de cleboprida; econazol ou seu nitrato; nitrato de isoconazol; flubendazol; cloridrato de mepivacaína; trimetoprima; cloridrato de bupivacaína,sim
30039072,MAPA,Cloridrato de loperamida; fembendazol; ketorolac trometamina; nifedipina; nimodipina; nitrendipina,sim
30039073,MAPA,Albendazol ou seu sulfóxido; mebendazol; 6-mercaptopurina; metilsulfato de amezínio; oxifendazol; praziquantel,sim
30039074,ANVISA,ALPRAZOLAM; BROMAZEPAM; CLORDIAZEPÓXIDO; CLORIDRATO DE,sim
30039074,MAPA,Alprazolam; bromazepam; clordiazepóxido; cloridrato de petidina; diazepam; droperidol; mazindol; triazolam,sim
30039075,MAPA,Benzetimida ou seu cloridrato; fenitoína ou seu sal sódico; isoniazida; pirazinamida,sim
30039076,MAPA,Ácido 2-(2-metil-3-cloroanilina)nicotínico ou seu sal de lisina; metronidazol ou seus sais; azatioprina; nitrato de miconazol,sim
30039077,MAPA,Enrofloxacina; maleato de enalapril; maleato de pirilamina; nicarbazina; norfloxacina; sais de piperazina,sim
30039078,MAPA,Altretamina; bortezomib; cloridrato de erlotinibe; dacarbazina; disoproxilfumarato de tenofovir; enfuvirtida; fluspirileno; letrozol; lopinavir; mesilato de imatinib; nelfinavir ou seu mesilato; nevirapine; pemetrexed; saquinavir; sulfato de abacavir; sulfato de atazanavir; sulfato de indinavir; temozolomida; tioguanina; tiopental sódico; trietilenotiofosforamida; trimetrexato; uracil e tegafur; verteporfin,sim
30039079,MAPA,Outros,sim
30039081,MAPA,Levamisol ou seus sais; tetramisol,sim
30039082,MAPA,Sulfadiazina ou seu sal sódico; sulfametoxazol,sim
30039083,MAPA,Cloxazolam; ketazolam; piroxicam; tenoxicam,sim
30039084,MAPA,Ftalilsulfatiazol; inosina,sim
30039085,MAPA,Enantato de flufenazina; prometazina; gliburida; rutosídio; deslanosídio,sim
30039086,MAPA,Clortalidona; furosemida,sim
30039087,MAPA,Cloridrato de tizanidina; cetoconazol; furazolidona,sim
30039088,MAPA,Amprenavir; aprepitanto; delavirdina ou seu mesilato; efavirenz; emtricitabina; etopósido; everolimus; fosamprenavir cálcico; fosfato de fludarabina; gencitabina ou seu cloridrato; raltitrexida; ritonavir; sirolimus; tacrolimus; temsirolimus; tenipósido; tipranavir,sim
30039089,MAPA,Outros,sim
30039091,MAPA,Extrato de pólen,sim
30039092,MAPA,Crisarobina; disofenol,sim
30039093,MAPA,Diclofenaco resinato,sim
30039094,MAPA,Silimarina,sim
30039095,MAPA,Bussulfano; dexormaplatina; dietilestilbestrol ou seu dipropionato; enloplatina; iproplatina; lobaplatina; miboplatina; miltefosina; mitotano; ormaplatina; procarbazina ou seu cloridrato; propofol; sebriplatina; zeniplatina,sim
30039096,MAPA,Complexo de ferro dextrana,sim
30039097,ANVISA,SEVOFLURANO,sim
30039099,MAPA,Outros,sim
30041011,MAPA,Ampicilina ou seus sais,sim
30041012,MAPA,Amoxicilina ou seus sais,sim
30041013,MAPA,Penicilina G benzatínica,sim
30041014,MAPA,Penicilina G potássica,sim
30041015,MAPA,Penicilina G procaínica,sim
30041019,MAPA,Outros,sim
30041020,MAPA,Que contenham estreptomicinas ou seus derivados,sim
30042019,MAPA,Outros,sim
30042021,MAPA,Eritromicina ou seus sais,sim
30042029,MAPA,Outros,sim
30042031,MAPA,Rifamicina SV sódica,sim
30042032,MAPA,Rifampicina,sim
30042039,MAPA,Outros,sim
30042041,MAPA,Cloridrato de lincomicina,sim
30042049,MAPA,Outros,sim
30042051,MAPA,Cefalotina sódica,sim
30042052,MAPA,Cefaclor ou cefalexina monoidratados,sim
30042059,MAPA,Outros,sim
30042061,MAPA,Sulfato de gentamicina,sim
30042062,MAPA,Daunorubicina,sim
30042063,MAPA,Idarubicina; pirarubicina,sim
30042069,MAPA,Outros,sim
30042071,MAPA,Vancomicina,sim
30042072,MAPA,Actinomicinas,sim
30042073,MAPA,Ciclosporina A,sim
30042079,MAPA,Outros,sim
30042091,MAPA,Mitomicina,sim
30042092,MAPA,Fumarato de tiamulina,sim
30042093,MAPA,Bleomicinas ou seus sais,sim
30042094,MAPA,Imipenem,sim
30042095,MAPA,Anfotericina B em lipossomas,sim
30042099,MAPA,Outros,sim
30043100,MAPA,-- Que contenham insulina,sim
30043210,MAPA,Hormônios corticosteroides,sim
30043220,MAPA,Espironolactona,sim
30043290,MAPA,Outros,sim
30043911,MAPA,Somatotropina,sim
30043912,MAPA,Gonadotropina coriônica (hCG),sim
30043913,MAPA,Menotropinas,sim
30043914,MAPA,Corticotropina (ACTH),sim
30043915,MAPA,Gonadotropina sérica (PMSG),sim
30043916,MAPA,Somatostatina ou seus sais,sim
30043917,MAPA,Buserelina ou seu acetato,sim
30043921,MAPA,LH-RH (gonadorelina),sim
30043922,MAPA,Oxitocina,sim
30043923,MAPA,Sais de insulina,sim
30043924,MAPA,Timosinas,sim
30043925,MAPA,Calcitonina,sim
30043926,MAPA,Octreotida,sim
30043927,MAPA,Goserelina ou seu acetato,sim
30043928,MAPA,Nafarelina ou seu acetato,sim
30043929,MAPA,Outros,sim
30043931,MAPA,Hemissuccinato de estradiol,sim
30043932,MAPA,Fempropionato de estradiol,sim
30043933,MAPA,Estriol ou seu succinato,sim
30043934,MAPA,Alilestrenol,sim
30043935,MAPA,Linestrenol,sim
30043936,MAPA,Acetato de megestrol; formestano; fulvestranto,sim
30043937,MAPA,Desogestrel,sim
30043939,MAPA,Outros,sim
30043981,MAPA,Levotiroxina sódica,sim
30043982,MAPA,Liotironina sódica,sim
30043991,MAPA,"Sal sódico ou éster metílico do ácido 9,11,15-triidroxi-16-(3-clorofenoxi)prosta-5,13-dien-1-óico (derivado da prostaglandina F2alfa)",sim
30043992,MAPA,Tiratricol (triac) ou seu sal sódico,sim
30043994,MAPA,Exemestano,sim
30043999,MAPA,Outros,sim
30044100,MAPA,-- Que contenham efedrina ou seus sais,sim
30044200,MAPA,-- Que contenham pseudoefedrina (DCI) ou seus sais,sim
30044300,ANVISA,-- QUE CONTENHAM NOREFEDRINA OU SEUS SAIS,sim
30044300,MAPA,-- Que contenham norefedrina ou seus sais,sim
30044910,MAPA,Vimblastina; vincristina; derivados destes produtos; topotecan ou seu cloridrato,sim
30044920,MAPA,"Pilocarpina, seu nitrato ou seu cloridrato",sim
30044930,MAPA,Metanossulfonato de diidroergocristina,sim
30044940,ANVISA,CODEÍNA OU SEUS SAIS,sim
30044940,MAPA,Codeína ou seus sais,sim
30044950,MAPA,Granisetron; tropisetrona ou seu cloridrato,sim
30044990,MAPA,Outros,sim
30045010,MAPA,Folinato de cálcio (leucovorina),sim
30045020,MAPA,Nicotinamida,sim
30045030,MAPA,Hidroxocobalamina ou seus sais; cianocobalamina,sim
30045040,MAPA,"Vitamina A1 (retinol) ou seus derivados, exceto o ácido retinóico",sim
30045050,MAPA,D-Pantotenato de cálcio; vitamina D3 (colecalciferol),sim
30045060,ANVISA,ÁCIDO RETINOICO (TRETINOÍNA),sim
30045060,MAPA,Ácido retinóico (tretinoína),sim
30045090,MAPA,Outros,sim
30046000,MAPA,"- Outros, que contenham princípios ativos antimaláricos (antipalúdicos) descritos na Nota de subposições 2 do presente Capítulo",sim
30049011,MAPA,Estreptoquinase,sim
30049012,MAPA,L-ASPARAGINASE,sim
30049013,MAPA,Deoxirribonuclease,sim
30049014,MAPA,Idursulfase,sim
30049019,MAPA,Outros,sim
30049021,MAPA,Permetrina; nitrato de propatila; benzoato de benzila; dioctilsulfossuccinato de sódio,sim
30049022,MAPA,Ácido cólico; ácido deoxicólico; sal magnésico do ácido deidrocólico,sim
30049023,MAPA,"Ácido glucônico, seus sais ou seus ésteres",sim
30049024,MAPA,Ácido o-acetilsalicílico; o-acetilsalicilato de alumínio; salicilato de metila; diclorvós,sim
30049025,MAPA,Lactofosfato de cálcio,sim
30049026,MAPA,"Ácido láctico, seus sais ou seus ésteres; ácido 4-(4-hidroxifenoxi)-3,5-diiodofenilacético; ácido fumárico, seus sais ou seus ésteres",sim
30049028,MAPA,Etretinato; fosfestrol ou seus sais de di ou tetrassódio,sim
30049029,MAPA,Outros,sim
30049031,MAPA,Sulfato de tranilcipromina; dietilpropiona,sim
30049032,ANVISA,CLORIDRATO DE KETAMINA,sim
30049032,MAPA,Cloridrato de ketamina,sim
30049033,MAPA,Clembuterol ou seu cloridrato,sim
30049034,MAPA,Tamoxifen ou seu citrato,sim
30049035,MAPA,Levodopa; alfa-metildopa,sim
30049036,MAPA,Cloridrato de fenilefrina; mirtecaína; propranolol ou seus sais,sim
30049037,MAPA,Diclofenaco de sódio; diclofenaco de potássio; diclofenaco de dietilamônio,sim
30049038,MAPA,Clorambucil; clormetina (DCI) ou seu cloridrato; melfalano; toremifene ou seu citrato,sim
30049039,MAPA,Outros,sim
30049041,MAPA,Metoclopramida ou seu cloridrato; closantel,sim
30049042,MAPA,Atenolol; prilocaína ou seu cloridrato; talidomida,sim
30049043,MAPA,Lidocaína ou seu cloridrato; flutamida,sim
30049044,ANVISA,FEMPROPOREX,sim
30049044,MAPA,Femproporex,sim
30049045,MAPA,Paracetamol; bromoprida,sim
30049046,MAPA,Amitraz; cipermetrina,sim
30049047,MAPA,Clorexidina ou seus sais; isetionato de pentamidina,sim
30049048,MAPA,"Aminoglutetimida; carmustina; deferoxamina (desferrioxamina B) ou seus sais, derivados destes produtos; lomustina",sim
30049049,MAPA,Outros,sim
30049051,MAPA,Quercetina,sim
30049052,ANVISA,TIAPRIDA,sim
30049052,MAPA,Tiaprida,sim
30049053,MAPA,Etidronato dissódico,sim
30049054,MAPA,Cloridrato de amiodarona,sim
30049055,MAPA,Nitrovin; moxidectina,sim
30049057,MAPA,Carbocisteína; sulfiram,sim
30049058,MAPA,Ácido clodrônico ou seu sal dissódico; estreptozocina; fotemustina,sim
30049059,MAPA,Outros,sim
30049061,MAPA,Terfenadina; talniflumato; malato ácido de cleboprida; econazol ou seu nitrato; nitrato de isoconazol; flubendazol; cloridrato de mepivacaína; trimetoprima; cloridrato de bupivacaína,sim
30049062,MAPA,Cloridrato de loperamida; fembendazol; ketorolac trometamina; nifedipina nimodipina; nitrendipina,sim
30049063,MAPA,Albendazol ou seu sulfóxido; mebendazol; 6-mercaptopurina; metilsulfato de amezínio; oxifendazol; praziquantel,sim
30049064,ANVISA,ALPRAZOLAM; BROMAZEPAM; CLORDIAZEPÓXIDO; CLORIDRATO DE,sim
30049064,MAPA,Alprazolam; bromazepam; clordiazepóxido; cloridrato de petidina; diazepam; droperidol; mazindol; triazolam,sim
30049065,MAPA,Benzetimida ou seu cloridrato; fenitoína ou seu sal sódico; isoniazida; pirazinamida,sim
30049066,MAPA,Ácido 2-(2-metil-3-cloroanilina)nicotínico ou seu sal de lisina; metronidazol ou seus sais; azatioprina; nitrato de miconazol,sim
30049067,MAPA,Enrofloxacina; maleato de enalapril; maleato de pirilamina; nicarbazina; norfloxacina; sais de piperazina,sim
30049068,MAPA,Altretamina; bortezomib; cloridrato de erlotinibe; dacarbazina; disoproxilfumarato de tenofovir; enfuvirtida; fluspirileno; letrozol; lopinavir; mesilato de imatinib; nelfinavir ou seu mesilato; nevirapine; pemetrexed; saquinavir; sulfato de abacavir; sulfato de atazanavir; sulfato de indinavir; temozolomida; tioguanina; tiopental sódico; trietilenotiofosforamida; trimetrexato; uracil e tegafur; verteporfin,sim
30049069,MAPA,Outros,sim
30049071,MAPA,Levamisol ou seus sais; tetramisol,sim
30049072,MAPA,Sulfadiazina ou seu sal sódico; sulfametoxazol,sim
30049073,MAPA,Cloxazolam; ketazolam; piroxicam; tenoxicam,sim
30049074,MAPA,Ftalilsulfatiazol; inosina,sim
30049075,MAPA,Enantato de flufenazina; prometazina; gliburida; rutosídio; deslanosídio,sim
30049076,MAPA,Clortalidona; furosemida,sim
30049077,MAPA,Cloridrato de tizanidina; cetoconazol; furazolidona,sim
30049078,MAPA,Amprenavir; aprepitanto; delavirdina ou seu mesilato; efavirenz; emtricitabina; etopósido; everolimus; fosamprenavir cálcico; fosfato de fludarabina; gencitabina ou seu cloridrato; raltitrexida; ritonavir; sirolimus; tacrolimus; temsirolimus; tenipósido; tipranavir,sim
30049079,MAPA,Outros,sim
30049091,MAPA,Extrato de pólen,sim
30049092,MAPA,Crisarobina; disofenol,sim
30049092,ANVISA,CRISAROBINA; DISOFENOL,sim
30049093,MAPA,Diclofenaco resinato,sim
30049094,MAPA,Silimarina,sim
30049095,MAPA,Bussulfano; dexormaplatina; dietilestilbestrol ou seu dipropionato; enloplatina; iproplatina; lobaplatina; miboplatina; miltefosina; mitotano; ormaplatina; procarbazina ou seu cloridrato; propofol; sebriplatina; zeniplatina,sim
30049096,MAPA,Complexo de ferro dextrana,sim
30049097,ANVISA,SEVOFLURANO,sim
30049098,MAPA,"REGENERADOR DE CARTILAGEM, CONSTITUÍDO POR COLÁGENO MOL",sim
30049098,ANVISA,"REGENERADOR DE CARTILAGEM, CONSTITUÍDO POR COLÁGENO MOL",sim
30049099,MAPA,Outros,sim
30059090,MAPA,Outros,sim
30061010,ANVISA,"Materiais para suturas cirúrgicas, de polidioxanona",sim
30061020,ANVISA,"Materiais para suturas cirúrgicas, de aço inoxidável",sim
30061090,ANVISA,Outros,sim
30063011,ANVISA,À base de ioexol,sim
30063012,ANVISA,"À base de iocarmato de dimeglumina, de gadoterato de meglumina ou de gadoteridol",sim
30063013,ANVISA,À base de iopamidol,sim
30063015,ANVISA,À base de dióxido de zircônio e sulfato de gentamicina,sim
30063016,ANVISA,À base de diatrizoato de sódio ou de meglumina,sim
30063017,ANVISA,À base de ioversol ou de iopromida,sim
30063018,ANVISA,"À base de iotalamato de sódio, de iotalamato de meglumina ou de suas misturas",sim
30063019,ANVISA,Outras,sim
30063021,ANVISA,À base de somatoliberina,sim
30063029,ANVISA,Outros,sim
30064011,ANVISA,Cimentos,sim
30064012,ANVISA,Outros produtos para obturação dentária,sim
30064020,ANVISA,Cimentos para reconstituição óssea,sim
30065000,ANVISA,"- Estojos e caixas de primeiros-socorros, guarnecidos",sim
30066000,MAPA,"- Preparações químicas contraceptivas à base de hormônios, de outros produtos da posição 29.37 ou de espermicidas",sim
30066000,ANVISA,"- Preparações químicas contraceptivas à base de hormônios, de outros produtos da posição 29.37 ou de espermicidas",sim
30067000,MAPA,"- Preparações sob a forma de gel, concebidas para uso em medicina humana ou veterinária, como lubrificante para determinadas partes do corpo em intervenções cirúrgicas ou exames médicos, ou como meio de ligação entre o corpo e os instrumentos médicos",sim
30067000,ANVISA,"- Preparações sob a forma de gel, concebidas para uso em medicina humana ou veterinária, como lubrificante para determinadas partes do corpo em intervenções cirúrgicas ou exames médicos, ou como meio de ligação entre o corpo e os instrumentos médicos",sim
30069110,ANVISA,"Bolsas para colostomia, ileostomia e urostomia",sim
30069190,ANVISA,Outros,sim
30069200,IBAMA,-- RESÍDUOS FARMACÊUTICOS,sim
30069200,MAPA,-- Desperdícios farmacêuticos,sim
30069200,ANVISA,-- Desperdícios farmacêuticos,sim
30069300,MAPA,-- PLACEBOS E ESTOJOS PARA ENSAIOS CLÍNICOS CEGOS (OU D,sim
30069300,ANVISA,-- PLACEBOS E ESTOJOS PARA ENSAIOS CLÍNICOS CEGOS (OU D,sim
31010000,MAPA,"Adubos (fertilizantes) de origem animal ou vegetal, mesmo misturados entre si ou tratados quimicamente; adubos (fertilizantes) resultantes da mistura ou do tratamento químico de produtos de origem animal ou vegetal.",sim
31021010,INMETRO,"QUE CONTENHA, EM PESO, MAIS DE 45 % DE NITROGÊNIO (AZOT",sim
31023000,EXERCITO,"- Nitrato de amônio, mesmo em solução aquosa",sim
31051000,EXERCITO,"- Produtos do presente Capítulo apresentados em tabletes ou formas semelhantes, ou ainda em embalagens de peso bruto não superior a 10 kg",sim
32011000,MAPA,- Extrato de quebracho,sim
32019020,IBAMA,TANINOS,sim
32029029,ANVISA,Outros,sim
32030030,MAPA,"PREPARAÇÕES INDICADAS NA NOTA 3 DO PRESENTE CAPÍTULO, À",sim
32041510,MAPA,Indigo blue segundo Colour Index 73.000,sim
32041810,MAPA,CAROTENOIDES,sim
32041820,MAPA,"PREPARAÇÕES QUE CONTENHAM BETA-CAROTENO, ÉSTERES METÍLI",sim
32041990,MAPA,Outras,sim
32042090,ANVISA,OUTROS,sim
32049000,ANVISA,- OUTROS,sim
32089021,EXERCITO,À base de derivados de celulose,sim
32089039,EXERCITO,Outras,sim
32121000,ANVISA,- FOLHAS PARA MARCAR A FERRO,sim
32129090,ANVISA,OUTROS,sim
32131000,INMETRO,- Cores em sortidos,sim
32139000,INMETRO,- OUTRAS,sim
33012913,IBAMA,De pau-santo (Bulnesia sarmientoi),sim
33012915,IBAMA,De pau-rosa,sim
33012916,IBAMA,DE PALMA ROSA,sim
33012990,POLICIA_FEDERAL,Outros,sim
33012990,ANVISA,Outros,sim
33029019,ANVISA,OUTRAS,sim
33030010,ANVISA,Perfumes (extratos),sim
33030020,ANVISA,Águas-de-colônia,sim
33049990,ANVISA,OUTROS,sim
33051000,MAPA,- Xampus,sim
33059000,MAPA,- Outras,sim
33061000,ANVISA,- Dentifrícios (dentífricos),sim
33069000,MAPA,- OUTRAS,sim
33069000,ANVISA,- Outras,sim
33079000,MAPA,- Outros,sim
33079000,ANVISA,- OUTROS,sim
34013000,ANVISA,"- Produtos e preparações orgânicos tensoativos para lavagem da pele, em forma de líquido ou de creme, acondicionados para venda a retalho, mesmo que contenham sabão",sim
34024200,MAPA,-- NÃO IÔNICOS,sim
34024200,ANVISA,-- NÃO IÔNICOS,sim
34024900,MAPA,-- OUTROS,sim
34024900,ANVISA,-- OUTROS,sim
34025000,ANVISA,- PREPARAÇÕES ACONDICIONADAS PARA VENDA A RETALHO,sim
34029029,MAPA,Outras,sim
34029031,DECEX,À BASE DE NONILFENOL ETOXILADO,sim
34029031,ANVISA,À base de nonilfenol etoxilado,sim
34029039,DECEX,OUTRAS,sim
34029039,ANVISA,Outras,sim
34029090,ANVISA,Outras,sim
34031900,ANVISA,-- OUTRAS,sim
34049021,ANVISA,À base de vaselina e álcoois de lanolina (eucerina anidra),sim
34049022,ANVISA,À base de hidroxiestearil cetil éter,sim
34049029,IBAMA,Outras,sim
34049029,ANVISA,Outras,sim
34051000,ANVISA,"- Pomadas, cremes e preparações semelhantes, para calçado ou para couros",sim
34052000,ANVISA,"- Encáusticas e preparações semelhantes, para conservação e limpeza de móveis de madeira, soalhos e de outros artigos de madeira",sim
34054000,ANVISA,"- Pastas, pós e outras preparações para arear",sim
34059000,ANVISA,- OUTROS,sim
34060000,ANVISA,"Velas, pavios, círios e artigos semelhantes.",sim
34070010,INMETRO,Massas ou pastas para modelar,sim
34070090,INMETRO,Outras,sim
35011000,MAPA,- Caseínas,sim
35019011,MAPA,Caseinato de sódio,sim
35019019,MAPA,Outros,sim
35021100,MAPA,-- Seca,sim
35021900,MAPA,-- Outra,sim
35022000,MAPA,"- Lactalbumina, incluindo os concentrados de duas ou mais proteínas de soro de leite",sim
35029010,MAPA,Soroalbumina,sim
35029090,MAPA,Outros,sim
35029090,ANVISA,OUTROS,sim
35030011,MAPA,"De osseína, com grau de pureza igual ou superior a 99,98 %, em peso",sim
35030012,MAPA,"De osseína, com grau de pureza inferior a 99,98 %, em peso",sim
35030019,MAPA,Outros,sim
35030090,MAPA,Outras,sim
35040019,IBAMA,OUTROS,sim
35040090,MAPA,OUTROS,sim
35051000,EXERCITO,- Dextrina e outros amidos e féculas modificados,sim
35051000,MAPA,- Dextrina e outros amidos e féculas modificados,sim
35061090,INMETRO,Outros,sim
35061090,ANVISA,OUTROS,sim
35079049,IBAMA,Outras,sim
36010000,EXERCITO,Pólvoras propulsivas.,sim
36010000,MIN.DEFESA,PÓLVORAS PROPULSIVAS.,sim
36020000,EXERCITO,"Explosivos preparados, exceto pólvoras propulsivas.",sim
36020000,MIN.DEFESA,"EXPLOSIVOS PREPARADOS, EXCETO PÓLVORAS PROPULSIVAS.",sim
36031000,EXERCITO,"- ESTOPINS E RASTILHOS, DE SEGURANÇA",sim
36032000,EXERCITO,- CORDÉIS (CORDÕES) DETONANTES,sim
36033000,EXERCITO,- ESCORVAS FULMINANTES,sim
36034000,MIN.DEFESA,- CÁPSULAS FULMINANTES,sim
36034000,EXERCITO,- CÁPSULAS FULMINANTES,sim
36035000,EXERCITO,- INFLAMADORES,sim
36036000,EXERCITO,- DETONADORES ELÉTRICOS,sim
36041000,EXERCITO,- Fogos de artifício,sim
36041000,INMETRO,- FOGOS DE ARTIFÍCIO,sim
36049010,EXERCITO,Foguetes e cartuchos contra o granizo e semelhantes,sim
36049090,EXERCITO,Outros,sim
36049090,MIN.DEFESA,OUTROS,sim
36050000,INMETRO,"Fósforos, exceto os artigos de pirotecnia da posição 36.04.",sim
36069000,EXERCITO,- Outros,sim
37011010,ANVISA,Sensibilizados em uma face,sim
37011021,ANVISA,Próprios para uso odontológico,sim
37011029,ANVISA,Outros,sim
37013029,ANVISA,Outras,sim
37021010,ANVISA,Sensibilizados em uma face,sim
37021020,ANVISA,Sensibilizados em ambas as faces,sim
38029020,MAPA,BENTONITA,sim
38070000,IBAMA,ALCATRÕES DE MADEIRA; ÓLEOS DE ALCATRÃO DE MADEIRA; CRE,sim
38085200,MAPA,"-- DDT (ISO) (clofenotano (DCI)), acondicionado em embalagens com um conteúdo de peso líquido não superior a 300 g",sim
38085200,IBAMA,"-- DDT (ISO) (clofenotano (DCI)), acondicionado em embalagens com um conteúdo de peso líquido não superior a 300 g",sim
38085200,ANVISA,"-- DDT (ISO) (clofenotano (DCI)), acondicionado em embalagens com um conteúdo de peso líquido não superior a 300 g",sim
38085910,MAPA,Apresentadas em formas ou embalagens exclusivamente para uso direto em aplicações domissanitárias,sim
38085910,ANVISA,Apresentadas em formas ou embalagens exclusivamente para uso direto em aplicações domissanitárias,sim
38085921,MAPA,À base de metamidofós (ISO) ou de monocrotofós (ISO),sim
38085922,MAPA,À base de endossulfan (ISO),sim
38085923,IBAMA,À base de alaclor (ISO),sim
38085923,MAPA,À base de alaclor (ISO),sim
38085924,MAPA,"À BASE DE 1,2,3,4,5,6-HEXACLOROCICLOEXANO (HCH (ISO)),",sim
38085924,ANVISA,"À BASE DE 1,2,3,4,5,6-HEXACLOROCICLOEXANO (HCH (ISO)),",sim
38085925,MAPA,À BASE DE TRICLORFOM (ISO),sim
38085925,ANVISA,À BASE DE TRICLORFOM (ISO),sim
38085926,MAPA,À BASE DE N-ETILPERFLUOROCTANO SULFONAMIDA,sim
38085929,MAPA,Outras,sim
38085929,ANVISA,Outras,sim
38086100,MAPA,-- Acondicionadas em embalagens com um conteúdo de peso líquido não superior a 300 g,sim
38086100,ANVISA,-- Acondicionadas em embalagens com um conteúdo de peso líquido não superior a 300 g,sim
38086210,ANVISA,À base de alfa-cipermetrina (ISO),sim
38086290,MAPA,Outras,sim
38086290,ANVISA,Outras,sim
38086910,MAPA,À base de alfa-cipermetrina (ISO),sim
38086910,ANVISA,À base de alfa-cipermetrina (ISO),sim
38086990,MAPA,Outras,sim
38086990,ANVISA,Outras,sim
38089111,MAPA,Que contenham bromometano (brometo de metila) ou bromoclorometano,sim
38089111,ANVISA,Que contenham bromometano (brometo de metila) ou bromoclorometano,sim
38089119,MAPA,Outros,sim
38089119,ANVISA,Outros,sim
38089120,MAPA,"Apresentados de outro modo, contendo bromometano (brometo de metila) ou bromoclorometano",sim
38089191,MAPA,À base de acefato ou de Bacillus thuringiensis,sim
38089191,ANVISA,À base de acefato ou de Bacillus thuringiensis,sim
38089192,MAPA,À base de cipermetrinas ou de permetrina,sim
38089192,ANVISA,À base de cipermetrinas ou de permetrina,sim
38089193,MAPA,À base de dicrotofós,sim
38089194,MAPA,À base de dissulfoton,sim
38089195,MAPA,À base de fosfeto de alumínio,sim
38089196,MAPA,À base de diclorvós ou de triclorfon,sim
38089196,ANVISA,À base de diclorvós ou de triclorfon,sim
38089197,MAPA,À base de óleo mineral ou de tiometon,sim
38089199,MAPA,Outros,sim
38089199,ANVISA,Outros,sim
38089211,ANVISA,Que contenham bromometano (brometo de metila) ou bromoclorometano,sim
38089219,ANVISA,Outros,sim
38089220,MAPA,"Apresentados de outro modo, contendo bromometano (brometo de metila) ou bromoclorometano",sim
38089291,MAPA,"À base de hidróxido de cobre, de oxicloreto de cobre ou de óxido cuproso",sim
38089292,MAPA,À base de enxofre ou de ziram,sim
38089293,MAPA,À base de mancozeb ou de maneb,sim
38089294,MAPA,À base de sulfiram,sim
38089295,MAPA,"À base de compostos de arsênio, cobre ou cromo, exceto os produtos do subitem 3808.92.91",sim
38089296,MAPA,À base de thiram,sim
38089297,MAPA,À base de propiconazol,sim
38089299,MAPA,Outros,sim
38089299,ANVISA,Outros,sim
38089311,ANVISA,Que contenham bromometano (brometo de metila) ou bromoclorometano,sim
38089319,ANVISA,Outros,sim
38089321,MAPA,Que contenham bromometano (brometo de metila) ou bromoclorometano,sim
38089322,IBAMA,"Outros, à base de ácido 2,4-diclorofenoxiacético (2,4-D), de ácido 4-(2,4-diclorofenoxi)butírico (2,4-DB), de ácido (4-cloro-2-metil)fenoxiacético (MCPA) ou de derivados de 2,4-D ou 2,4-DB",sim
38089322,MAPA,"Outros, à base de ácido 2,4-diclorofenoxiacético (2,4-D), de ácido 4-(2,4-diclorofenoxi)butírico (2,4-DB), de ácido (4-cloro-2-metil)fenoxiacético (MCPA) ou de derivados de 2,4-D ou 2,4-DB",sim
38089323,IBAMA,"Outros, à base de atrazina ou de diuron",sim
38089323,MAPA,"Outros, à base de atrazina ou de diuron",sim
38089324,IBAMA,"Outros, à base de glifosato ou seus sais, de imazaquim ou de lactofen",sim
38089324,MAPA,"Outros, à base de glifosato ou seus sais, de imazaquim ou de lactofen",sim
38089325,IBAMA,"Outros, à base de dicloreto de paraquat, de propanil ou de simazina",sim
38089325,MAPA,"Outros, à base de dicloreto de paraquat, de propanil ou de simazina",sim
38089326,IBAMA,"Outros, à base de trifluralina",sim
38089326,MAPA,"Outros, à base de trifluralina",sim
38089327,MAPA,"Outros, à base de imazetapir",sim
38089328,MAPA,"Outros, à base de ametrina ou de hexazinona",sim
38089329,IBAMA,Outros,sim
38089329,MAPA,Outros,sim
38089331,MAPA,Que contenham bromometano (brometo de metila) ou bromoclorometano,sim
38089331,ANVISA,Que contenham bromometano (brometo de metila) ou bromoclorometano,sim
38089332,ANVISA,"Outros, apresentados em formas ou embalagens exclusivamente para uso direto em aplicações domissanitárias",sim
38089333,IBAMA,OUTROS,sim
38089341,ANVISA,Que contenham bromometano (brometo de metila) ou bromoclorometano,sim
38089349,ANVISA,Outros,sim
38089351,MAPA,Que contenham bromometano (brometo de metila) ou bromoclorometano,sim
38089352,MAPA,"Outros, à base de hidrazida maléica",sim
38089359,MAPA,Outros,sim
38089411,MAPA,Que contenham bromometano (brometo de metila) ou bromoclorometano,sim
38089411,ANVISA,Que contenham bromometano (brometo de metila) ou bromoclorometano,sim
38089419,MAPA,Outros,sim
38089419,ANVISA,Outros,sim
38089421,MAPA,Que contenham bromometano (brometo de metila) ou bromoclorometano,sim
38089422,MAPA,"Outros, à base de 2-(tiocianometiltio) benzotiazol",sim
38089429,MAPA,Outros,sim
38089429,ANVISA,Outros,sim
38089911,ANVISA,Que contenham bromometano (brometo de metila) ou bromoclorometano,sim
38089919,ANVISA,Outros,sim
38089920,MAPA,"Apresentados de outro modo, contendo bromometano (brometo de metila) ou bromoclorometano",sim
38089991,MAPA,"Acaricidas à base de amitraz, de clorfenvinfós ou de propargite",sim
38089992,MAPA,Acaricidas à base de ciexatin ou de óxido de fembutatin (óxido de fenbutatin),sim
38089993,MAPA,Outros acaricidas,sim
38089994,MAPA,Nematicidas à base de metam sódio,sim
38089995,MAPA,Outros nematicidas,sim
38089996,ANVISA,Raticidas,sim
38089999,MAPA,Outros,sim
38089999,ANVISA,Outros,sim
38099110,MCT,APRESTOS PREPARADOS,sim
38123929,IBAMA,OUTROS,sim
38130010,IBAMA,"Que contenham bromoclorodifluorometano, bromotrifluorometano ou dibromotetrafluoroetanos",sim
38130020,IBAMA,"Que contenham hidrobromofluorcarbonetos (HBFC) do metano, do etano ou do propano",sim
38130030,IBAMA,"Que contenham hidroclorofluorcarbonetos (HCFC) do metano, do etano ou do propano",sim
38130040,IBAMA,Que contenham bromoclorometano,sim
38130090,INMETRO,Outros,sim
38140010,IBAMA,"Que contenham clorofluorcarbonetos (CFC) do metano, do etano ou do propano, mesmo que contenham hidroclorofluorcarbonetos (HCFC)",sim
38140020,IBAMA,"Que contenham hidroclorofluorcarbonetos (HCFC) do metano, do etano ou do propano, mas que não contenham clorofluorcarbonetos (CFC)",sim
38140030,IBAMA,"Que contenham tetracloreto de carbono, bromoclorometano ou 1,1,1-tricloroetano (metilclorofórmio)",sim
38140090,ANP,Outros,sim
38140090,IBAMA,Outros,sim
38140090,POLICIA_FEDERAL,Outros,sim
38140090,EXERCITO,OUTROS,sim
38151100,DECEX,-- TENDO COMO SUBSTÂNCIA ATIVA O NÍQUEL OU UM COMPOSTO,sim
38159010,DECEX,PARA CRAQUEAMENTO DE PETRÓLEO,sim
38170010,ANP,Misturas de alquilbenzenos,sim
38170020,ANP,Misturas de alquilnaftalenos,sim
38190000,INMETRO,"Fluidos para freios (travões) hidráulicos e outros líquidos preparados para transmissões hidráulicas, que não contenham óleos de petróleo nem de minerais betuminosos, ou que os contenham em proporção inferior a 70 %, em peso.",sim
38210000,ANVISA,"Meios de cultura preparados para o desenvolvimento e a manutenção de microrganismos (incluindo os vírus e os organismos similares) ou de células vegetais, humanas ou animais.",sim
38221100,ANVISA,-- PARA A MALÁRIA (PALUDISMO),sim
38221200,MAPA,-- PARA A ZIKA E OUTRAS DOENÇAS TRANSMITIDAS POR MOSQUI,sim
38221200,ANVISA,-- PARA A ZIKA E OUTRAS DOENÇAS TRANSMITIDAS POR MOSQUI,sim
38221300,MAPA,-- PARA A DETERMINAÇÃO DOS GRUPOS OU DOS FATORES SANGUÍ,sim
38221300,ANVISA,-- PARA A DETERMINAÇÃO DOS GRUPOS OU DOS FATORES SANGUÍ,sim
38221910,MAPA,REAGENTES PARA DETERMINAÇÃO DE COMPONENTES DO SANGUE OU,sim
38221910,CNEN,REAGENTES PARA DETERMINAÇÃO DE COMPONENTES DO SANGUE OU,sim
38221910,ANVISA,REAGENTES PARA DETERMINAÇÃO DE COMPONENTES DO SANGUE OU,sim
38221920,ANVISA,"REAGENTES PARA DETERMINAÇÃO DE GLICOSE NO SANGUE, SOBRE",sim
38221930,MAPA,REAGENTES DE ORIGEM MICROBIANA PARA DIAGNÓSTICO,sim
38221930,ANVISA,REAGENTES DE ORIGEM MICROBIANA PARA DIAGNÓSTICO,sim
38221940,MAPA,"ANTICORPOS MONOCLONAIS EM SOLUÇÃO TAMPÃO, QUE CONTENHAM",sim
38221940,ANVISA,"ANTICORPOS MONOCLONAIS EM SOLUÇÃO TAMPÃO, QUE CONTENHAM",sim
38221990,MAPA,OUTROS,sim
38221990,CNEN,OUTROS,sim
38221990,ANVISA,OUTROS,sim
38229000,MAPA,- OUTROS,sim
38229000,CNEN,- OUTROS,sim
38229000,ANVISA,- OUTROS,sim
38231100,MAPA,-- Ácido esteárico,sim
38231100,ANVISA,-- Ácido esteárico,sim
38231200,MAPA,-- Ácido oleico,sim
38231200,ANVISA,-- Ácido oleico,sim
38231910,MAPA,Ácido caprílico,sim
38231990,MAPA,Outros,sim
38237010,MAPA,Esteárico,sim
38237020,MAPA,Láurico,sim
38248110,IBAMA,MISTURA DE ÓXIDO DE PROPILENO COM UM CONTEÚDO DE ÓXIDO,sim
38248210,IBAMA,QUE CONTENHAM POLICLOROBIFENILAS (PCB),sim
38248290,IBAMA,OUTRAS,sim
38248300,IBAMA,"-- QUE CONTENHAM FOSFATO DE TRIS(2,3-DIBROMOPROPILA)",sim
38248400,MAPA,"-- Que contenham aldrin (ISO), canfecloro (ISO) (toxafeno), clordano (ISO), clordecona (ISO), DDT (ISO) (clofenotano (DCI), 1,1,1-tricloro-2,2-bis(p-clorofenil)etano), dieldrin (ISO, DCI), endossulfan (ISO), endrin (ISO), heptacloro (ISO) ou mirex (ISO)",sim
38248400,IBAMA,"-- QUE CONTENHAM ALDRIN (ISO), CANFECLORO (ISO) (TOXAFE",sim
38248500,MAPA,"-- Que contenham 1,2,3,4,5,6-hexaclorocicloexano (HCH (ISO)), incluindo o lindano (ISO, DCI)",sim
38248500,IBAMA,"-- QUE CONTENHAM 1,2,3,4,5,6-HEXACLOROCICLOEXANO (HCH (",sim
38248600,MAPA,-- Que contenham pentaclorobenzeno (ISO) ou hexaclorobenzeno (ISO),sim
38248600,IBAMA,-- QUE CONTENHAM PENTACLOROBENZENO (ISO) OU HEXACLOROBE,sim
38248700,MAPA,"-- Que contenham ácido perfluoroctano sulfônico, seus sais, perfluoroctanossulfonamidas, ou fluoreto de perfluoroctanossulfonila",sim
38248700,IBAMA,"-- QUE CONTENHAM ÁCIDO PERFLUOROCTANO SULFÔNICO, SEUS S",sim
38248810,IBAMA,QUE CONTENHAM ÉTERES TETRA- OU PENTABROMODIFENÍLICOS,sim
38248820,IBAMA,"QUE CONTENHAM ÉTERES HEXA-, HEPTA- OU OCTABROMODIFENÍLI",sim
38248900,IBAMA,-- QUE CONTENHAM PARAFINAS CLORADAS DE CADEIA CURTA,sim
38249100,MCT,"-- Misturas e preparações constituídas principalmente por metilfosfonato de (5-etil-2-metil-2-óxido-1,3,2-dioxafosfinan-5-il)metil metila e metilfosfonato de bis[(5-etil-2-metil-2-óxido-1,3,2-dioxafosfinan-5-il)metila]",sim
38249100,MAPA,"-- Misturas e preparações constituídas principalmente por metilfosfonato de (5-etil-2-metil-2-óxido-1,3,2-dioxafosfinan-5-il)metil metila e metilfosfonato de bis[(5-etil-2-metil-2-óxido-1,3,2-dioxafosfinan-5-il)metila]",sim
38249923,ANVISA,PREPARAÇÕES QUE CONTENHAM TRIGLICERÍDIOS DOS ÁCIDOS CAP,sim
38249929,INMETRO,Outros,sim
38249959,MCT,OUTROS,sim
38249961,ANVISA,"À BASE DE GADOBENATO DE DIMEGLUMINA, DE GADOBUTROL, DE",sim
38249962,ANVISA,À BASE DE HEXAFLUORETO DE ENXOFRE,sim
38249969,ANVISA,OUTROS,sim
38249977,MAPA,Adubos (fertilizantes) foliares contendo zinco ou manganês,sim
38249979,MAPA,Outros,sim
38249979,IBAMA,OUTROS,sim
38249979,ANVISA,OUTROS,sim
38249982,MAPA,Halquinol; tetraclorohidroxiglicina de alumínio e zircônio,sim
38249984,MAPA,QUE CONTENHAM ÉTERES DECABROMODIFENÍLICOS,sim
38249984,IBAMA,QUE CONTENHAM ÉTERES DECABROMODIFENÍLICOS,sim
38249986,MAPA,Maneb; mancozeb; cloreto de benzalcônio,sim
38249989,MAPA,Outros,sim
38249989,MCT,Outros,sim
38249989,EXERCITO,Outros,sim
38249989,ANP,Outros,sim
38249989,ANVISA,Outros,sim
38256100,IBAMA,-- Que contenham principalmente constituintes orgânicos,sim
38256900,IBAMA,-- Outros,sim
38259000,IBAMA,- Outros,sim
38260000,ANP,"Biodiesel e suas misturas, que não contenham ou que contenham menos de 70 %, em peso, de óleos de petróleo ou de óleos minerais betuminosos.",sim
38260000,IBAMA,"Biodiesel e suas misturas, que não contenham ou que contenham menos de 70 %, em peso, de óleos de petróleo ou de óleos minerais betuminosos.",sim
38271110,IBAMA,QUE CONTENHAM TRICLOROTRIFLUOROETANOS,sim
38271110,MAPA,QUE CONTENHAM TRICLOROTRIFLUOROETANOS,sim
38271190,MAPA,OUTRAS,sim
38271200,MAPA,-- QUE CONTENHAM HIDROBROMOFLUORCARBONETOS (HBFC),sim
38271300,IBAMA,-- QUE CONTENHAM TETRACLORETO DE CARBONO,sim
38271300,MAPA,-- QUE CONTENHAM TETRACLORETO DE CARBONO,sim
38271400,IBAMA,"-- QUE CONTENHAM 1,1,1-TRICLOROETANO (METILCLOROFÓRMIO)",sim
38271400,MAPA,"-- QUE CONTENHAM 1,1,1-TRICLOROETANO (METILCLOROFÓRMIO)",sim
38272000,MAPA,"- QUE CONTENHAM BROMOCLORODIFLUOROMETANO (HALON-1211),",sim
38273110,MAPA,QUE CONTENHAM CLORODIFLUOROMETANO E PENTAFLUOROETANO,sim
38273190,MAPA,OUTRAS,sim
38273210,MAPA,QUE CONTENHAM CLORODIFLUOROMETANO E CLOROTETRAFLUOROETA,sim
38273290,MAPA,OUTRAS,sim
38273900,MAPA,-- OUTRAS,sim
38274000,MAPA,- QUE CONTENHAM BROMETO DE METILA (BROMOMETANO) OU BROM,sim
38275100,MAPA,-- QUE CONTENHAM TRIFLUOROMETANO (HFC-23),sim
38275900,MAPA,-- OUTRAS,sim
38276100,MAPA,"-- QUE CONTENHAM, EM MASSA, 15 % OU MAIS DE 1,1,1-TRIFL",sim
38276200,MAPA,"-- OUTRAS, NÃO MENCIONADAS NA SUBPOSIÇÃO ACIMA, QUE CON",sim
38276300,MAPA,"-- OUTRAS, NÃO MENCIONADAS NAS SUBPOSIÇÕES ACIMA, QUE C",sim
38276400,MAPA,"-- OUTRAS, NÃO MENCIONADAS NAS SUBPOSIÇÕES ACIMA, QUE C",sim
38276500,MAPA,"-- OUTRAS, NÃO MENCIONADAS NAS SUBPOSIÇÕES ACIMA, QUE C",sim
38276800,MAPA,"-- OUTRAS, NÃO MENCIONADAS NAS SUBPOSIÇÕES ACIMA, QUE C",sim
38276900,MAPA,-- OUTRAS,sim
38279000,MAPA,- OUTRAS,sim
39031120,IBAMA,SEM CARGA,sim
39042200,ANVISA,-- PLASTIFICADO,sim
39059190,ANVISA,Outros,sim
39069064,MAPA,"COPOLÍMERO DE ACRILATO DE POTÁSSIO E ÁCIDO ACRÍLICO, CO",sim
39072100,MCT,-- METILFOSFONATO DE BIS(POLIOXIETILENO),sim
39076100,ANVISA,-- De um índice de viscosidade de 78 ml/g ou mais,sim
39076900,ANVISA,-- OUTROS,sim
39079991,MCT,Nas formas previstas na Nota 6 a) deste Capítulo,sim
39079992,MCT,Poli(epsilon caprolactona),sim
39091000,MAPA,- Resinas ureicas; resinas de tioureia,sim
39100012,ANVISA,"POLIDIMETILSILOXANO, POLIMETILIDROGENOSILOXANO OU MISTU",sim
39100019,ANVISA,Outros,sim
39112000,MCT,"- POLI(1,3-FENILENO METILFOSFONATO)",sim
39122010,EXERCITO,Com carga,sim
39122021,EXERCITO,"Em álcool, com um teor de não voláteis igual ou superior a 65 %, em peso",sim
39122029,EXERCITO,Outros,sim
39129031,MAPA,Em pó,sim
39139019,ANVISA,OUTROS,sim
39139020,MAPA,Goma xantana,sim
39139020,ANVISA,GOMA XANTANA,sim
39139060,MAPA,Sulfato de condroitina,sim
39139060,ANVISA,Sulfato de condroitina,sim
39139090,ANVISA,Outros,sim
39151000,IBAMA,- DE POLÍMEROS DE ETILENO,sim
39152000,IBAMA,- DE POLÍMEROS DE ESTIRENO,sim
39153000,IBAMA,- DE POLÍMEROS DE CLORETO DE VINILA,sim
39159000,IBAMA,- DE OUTRO PLÁSTICO,sim
39172300,INMETRO,-- De polímeros de cloreto de vinila,sim
39172900,ANVISA,-- DE OUTRO PLÁSTICO,sim
39173100,ANVISA,"-- TUBOS FLEXÍVEIS PODENDO SUPORTAR UMA PRESSÃO DE, PEL",sim
39173210,ANVISA,De copolímeros de etileno,sim
39173221,ANVISA,"Tubos capilares, semipermeáveis, próprios para hemodiálise ou para oxigenação sanguínea",sim
39173229,ANVISA,OUTROS,sim
39173230,ANVISA,De poli(tereftalato de etileno),sim
39173240,ANVISA,De silicones,sim
39173251,ANVISA,"Tubos capilares, semipermeáveis, próprios para hemodiálise",sim
39173259,ANVISA,Outros,sim
39173290,ANVISA,Outros,sim
39173300,ANVISA,"-- OUTROS, NÃO REFORÇADOS COM OUTRAS MATÉRIAS, NEM ASSO",sim
39174010,ANVISA,Do tipo utilizado em linhas de sangue para hemodiálise,sim
39174090,ANVISA,Outros,sim
39201099,ANVISA,OUTRAS,sim
39202019,ANVISA,OUTRAS,sim
39204390,ANVISA,OUTRAS,sim
39209990,ANVISA,OUTRAS,sim
39211390,ANVISA,OUTRAS,sim
39219012,EXERCITO,"De polietileno, com reforço de napas de fibras de polietileno paralelizadas, superpostas entre si em ângulo de 90º e impregnadas com resinas",sim
39219013,EXERCITO,"De copolímeros de tetrafluoretileno reforçadas com tecido de fibras de politetrafluoretileno, do tipo utilizado como membranas semipermeáveis em células de eletrólise",sim
39219019,EXERCITO,Outras,sim
39219090,ANVISA,OUTRAS,sim
39221000,INMETRO,"- BANHEIRAS, BOXES PARA CHUVEIROS (POLIBÃS*), PIAS E LA",sim
39231090,ANVISA,Outros,sim
39232110,ANVISA,De capacidade inferior ou igual a 1.000 cm3,sim
39232190,ANVISA,Outros,sim
39232910,ANVISA,De capacidade inferior ou igual a 1.000 cm3,sim
39232990,ANVISA,Outros,sim
39233010,INMETRO,RECIPIENTES PARA GÁS LIQUEFEITO DE PETRÓLEO (GLP),sim
39233090,INMETRO,OUTROS,sim
39233090,ANVISA,Outros,sim
39235000,ANVISA,"- Rolhas, tampas, cápsulas e outros dispositivos para fechar recipientes",sim
39239090,ANVISA,OUTROS,sim
39241000,ANVISA,- SERVIÇOS DE MESA E OUTROS UTENSÍLIOS DE MESA OU DE CO,sim
39249000,ANVISA,- Outros,sim
39261000,INMETRO,- Artigos de escritório e artigos escolares,sim
39262000,ANVISA,"- Vestuário e seus acessórios (incluindo as luvas, mitenes e semelhantes)",sim
39269021,ANVISA,DE TRANSMISSÃO,sim
39269030,ANVISA,Bolsas para uso em medicina (hemodiálise e usos semelhantes),sim
39269040,ANVISA,Artigos de laboratório ou de farmácia,sim
39269090,EXERCITO,Outras,sim
39269090,ANVISA,Outras,sim
40021120,MAPA,De estireno-butadieno carboxilada (XSBR),sim
40025100,EXERCITO,-- Látex,sim
40025900,EXERCITO,-- Outras,sim
40070019,ANVISA,OUTROS,sim
40081100,ANVISA,"-- CHAPAS, FOLHAS E TIRAS",sim
40091100,ANVISA,-- SEM ACESSÓRIOS,sim
40093100,ANVISA,-- SEM ACESSÓRIOS,sim
40093290,ANVISA,OUTROS,sim
40101100,ANVISA,-- REFORÇADAS APENAS COM METAL,sim
40101200,ANVISA,-- REFORÇADAS APENAS COM MATÉRIAS TÊXTEIS,sim
40101900,ANVISA,-- OUTRAS,sim
40103500,ANVISA,"-- CORREIAS DE TRANSMISSÃO SEM FIM, SÍNCRONAS, COM UMA",sim
40103900,ANVISA,-- OUTRAS,sim
40111000,INMETRO,- Do tipo utilizado em automóveis de passageiros (incluindo os veículos de uso misto (station wagons) e os automóveis de corrida),sim
40112010,INMETRO,"De medida 11,00-24",sim
40112090,INMETRO,Outros,sim
40114000,INMETRO,- Do tipo utilizado em motocicletas,sim
40121100,IBAMA,-- Do tipo utilizado em automóveis de passageiros (incluindo os veículos de uso misto (station wagons) e os automóveis de corrida),sim
40121200,IBAMA,-- Do tipo utilizado em ônibus (autocarros*) ou caminhões,sim
40121300,DECEX,-- Do tipo utilizado em veículos aéreos,sim
40121900,DECEX,-- OUTROS,sim
40122000,IBAMA,- Pneumáticos usados,sim
40132000,INMETRO,- DO TIPO UTILIZADO EM BICICLETAS,sim
40141000,ANVISA,- Preservativos,sim
40149090,INMETRO,Outros,sim
40149090,ANVISA,Outros,sim
40151200,ANVISA,"-- DO TIPO UTILIZADO EM MEDICINA, CIRURGIA, ODONTOLOGIA",sim
40151900,ANVISA,-- Outras,sim
40159000,ANVISA,- OUTROS,sim
40161090,ANVISA,OUTRAS,sim
40169200,INMETRO,-- Borrachas de apagar,sim
40169300,ANVISA,"-- JUNTAS, GAXETAS E SEMELHANTES",sim
40169590,ANVISA,Outros,sim
40169910,ANVISA,"TAMPÕES VEDADORES PARA CONDENSADORES, DE EPDM, COM PERF",sim
40169990,ANVISA,Outras,sim
40170000,ANVISA,"BORRACHA ENDURECIDA (EBONITE, POR EXEMPLO) SOB QUALQUER",sim
41032000,MAPA,- De répteis,sim
41152000,IBAMA,"- Aparas e outros desperdícios de couros ou de peles preparados ou de couro reconstituído, não utilizáveis para fabricação de obras de couro; serragem, pó e farinha, de couro",sim
42021210,INMETRO,De plástico,sim
42021210,ANVISA,DE PLÁSTICO,sim
42021900,INMETRO,-- OUTROS,sim
42029100,INMETRO,-- COM A SUPERFÍCIE EXTERIOR DE COURO NATURAL OU RECONS,sim
42029200,INMETRO,-- COM A SUPERFÍCIE EXTERIOR DE FOLHAS DE PLÁSTICO OU D,sim
42029900,INMETRO,-- OUTROS,sim
44011100,IBAMA,-- DE CONÍFERAS,sim
44011200,IBAMA,-- DE NÃO CONÍFERAS,sim
44012100,IBAMA,-- DE CONÍFERAS,sim
44012200,IBAMA,-- DE NÃO CONÍFERAS,sim
44031100,IBAMA,-- DE CONÍFERAS,sim
44031200,IBAMA,-- DE NÃO CONÍFERAS,sim
44032500,IBAMA,"-- OUTRAS, CUJA MENOR DIMENSÃO DA SEÇÃO TRANSVERSAL É I",sim
44032600,IBAMA,-- OUTRAS,sim
44034900,IBAMA,-- OUTRAS,sim
44039900,IBAMA,-- OUTRAS,sim
44072100,MAPA,-- Mahogany (Mogno) (Swietenia spp.),sim
44072200,IBAMA,"-- VIROLA, IMBUIA E BALSA",sim
44072910,MAPA,De cedro,sim
44072920,IBAMA,DE IPÊ,sim
44072990,IBAMA,Outras,sim
44079400,IBAMA,-- DE PRUNÓIDEA (PRUNUSSPP.),sim
44079990,IBAMA,Outras,sim
44081010,IBAMA,Obtidas por corte de madeira estratificada,sim
44081091,IBAMA,DE PINHO BRASIL (ARAUCARIA ANGUSTIFOLIA),sim
44081099,IBAMA,Outras,sim
44083910,IBAMA,Obtidas por corte de madeira estratificada,sim
44083991,IBAMA,De cedro,sim
44083999,IBAMA,Outras,sim
44089010,IBAMA,Obtidas por corte de madeira estratificada,sim
44089090,IBAMA,Outras,sim
44091000,IBAMA,- De coníferas,sim
44092200,IBAMA,-- De madeiras tropicais,sim
44092900,IBAMA,-- Outras,sim
44101121,MAPA,"Em ambas as faces, com película protetora na face superior e trabalho de encaixe nas quatro laterais, do tipo utilizado para pisos (pavimentos)",sim
44111391,MAPA,"Recobertos em ambas as faces com papel impregnado de melamina, película protetora na face superior e trabalho de encaixe nas quatro laterais, do tipo utilizado para pisos (pavimentos)",sim
44123100,IBAMA,"-- Com, pelo menos, uma camada exterior de madeira tropical",sim
44123300,IBAMA,"-- Outras, com, pelo menos, uma camada exterior de madeira não conífera, das espécies amieiro (Alnus spp.), freixo (Fraxinus spp.), faia (Fagus spp.), bétula (vidoeiro) (Betula spp.), prunóidea (Prunus spp.), castanheiro (Castanea spp.), olmo (Ulmus spp.), eucalipto (Eucalyptus spp.), nogueira (Carya spp.), castanheiro-da-índia (Aesculus spp.), tília (Tilia spp.), bordo (ácer) (Acer spp.), carvalho (Quercus spp.), plátano (Platanus spp.), choupo (álamo) (Populus spp.), robínia (falsa-acácia) (Ro",sim
44123400,IBAMA,"-- Outras, com, pelo menos, uma camada exterior de madeira não conífera, não especificadas na subposição 4412.33",sim
44123900,IBAMA,"-- Outras, com ambas as camadas exteriores de madeira de coníferas",sim
44125100,IBAMA,"-- COM, PELO MENOS, UMA CAMADA EXTERIOR DE MADEIRA TROP",sim
44125200,IBAMA,"-- OUTRAS, COM, PELO MENOS, UMA CAMADA EXTERIOR DE MADE",sim
44125900,IBAMA,"-- OUTRAS, COM AMBAS AS CAMADAS EXTERIORES DE MADEIRA D",sim
44129900,IBAMA,-- Outras,sim
44151000,ANVISA,"- CAIXOTES, CAIXAS, ENGRADADOS, BARRICAS E EMBALAGENS S",sim
44181100,IBAMA,-- DE MADEIRA TROPICAL,sim
44181900,IBAMA,-- OUTRAS,sim
44187400,IBAMA,"-- OUTROS, PARA PISOS (PAVIMENTOS) EM MOSAICO",sim
44187900,IBAMA,-- OUTROS,sim
44188200,IBAMA,-- MADEIRA LAMINADA (LAMELADA) CRUZADA (CLT OU X-LAM),sim
44188300,IBAMA,-- VIGAS EM I,sim
44188900,IBAMA,-- OUTROS,sim
44189900,IBAMA,-- OUTRAS,sim
44209000,INMETRO,- Outros,sim
48182000,ANVISA,"- Lenços, incluindo os de desmaquiar, e toalhas de mão",sim
48185000,ANVISA,- Vestuário e seus acessórios,sim
48191000,ANVISA,"- CAIXAS DE PAPEL OU CARTÃO, ONDULADOS (CANELADOS*)",sim
48192000,ANVISA,"- CAIXAS E CARTONAGENS, DOBRÁVEIS, DE PAPEL OU CARTÃO,",sim
48209000,INMETRO,- Outros,sim
48211000,ANVISA,- IMPRESSAS,sim
48232099,ANVISA,OUTROS,sim
48237000,ANVISA,"- ARTIGOS MOLDADOS OU PRENSADOS, DE PASTA DE PAPEL",sim
49030000,INMETRO,"Álbuns ou livros de ilustrações e álbuns para desenhar ou colorir, para crianças.",sim
49089000,INMETRO,- Outras,sim
53011000,MAPA,- Linho em bruto ou macerado,sim
53021000,MAPA,- Cânhamo em bruto ou macerado,sim
53031010,MAPA,Juta,sim
53031090,MAPA,Outras,sim
53039010,MAPA,Juta,sim
53039090,MAPA,Outros,sim
53050010,MAPA,"De abacá, em bruto",sim
53050090,MAPA,Outros,sim
53062000,ANVISA,- RETORCIDOS OU RETORCIDOS MÚLTIPLOS,sim
53101090,MAPA,Outros,sim
54023900,ANVISA,-- Outros,sim
54041911,ANVISA,REABSORVÍVEIS,sim
54041919,ANVISA,Outros,sim
54071011,EXERCITO,De aramidas,sim
54071019,EXERCITO,Outros,sim
54071021,EXERCITO,De aramidas,sim
54071029,EXERCITO,Outros,sim
54077100,EXERCITO,-- Crus ou branqueados,sim
55129110,EXERCITO,De aramidas,sim
55129190,EXERCITO,Outros,sim
55129910,EXERCITO,De aramidas,sim
55129990,EXERCITO,Outros,sim
56012190,ANVISA,Outros artigos de pastas (ouates),sim
56022100,IBAMA,-- DE LÃ OU DE PELOS FINOS,sim
56031310,EXERCITO,De polietileno de alta densidade,sim
56031320,EXERCITO,De aramidas,sim
56031390,EXERCITO,Outros,sim
56031410,EXERCITO,De aramidas,sim
56031490,EXERCITO,Outros,sim
56039310,EXERCITO,De polietileno de alta densidade,sim
56039390,EXERCITO,Outros,sim
56039490,EXERCITO,Outros,sim
56081900,IBAMA,-- Outras,sim
56089000,IBAMA,- Outras,sim
57011011,IBAMA,Feitos à mão,sim
57011012,IBAMA,Feitos a máquina,sim
57011020,IBAMA,De pelos finos,sim
57021000,IBAMA,"- TAPETES DENOMINADOSKELIMOUKILIM,SCHUMACKSOUSOUMAK,KAR",sim
57023100,IBAMA,-- De lã ou de pelos finos,sim
57024100,IBAMA,-- De lã ou de pelos finos,sim
57025010,IBAMA,De lã ou de pelos finos,sim
57029100,IBAMA,-- De lã ou de pelos finos,sim
57031000,IBAMA,- De lã ou de pelos finos,sim
57050000,INMETRO,"OUTROS TAPETES E REVESTIMENTOS PARA PISOS (PAVIMENTOS),",sim
58011000,IBAMA,- DE LÃ OU DE PELOS FINOS,sim
59111000,EXERCITO,"- Tecidos, feltros e tecidos forrados de feltro, combinados com uma ou mais camadas de borracha, couro ou de outras matérias, do tipo utilizado na fabricação de guarnições de cardas, e produtos análogos para outros usos técnicos, incluindo as fitas de veludo, impregnadas de borracha, para recobrimento de cilindros de teares",sim
59114000,EXERCITO,"- Tecidos filtrantes e tecidos espessos, compreendendo os de cabelo, do tipo utilizado em prensas de óleo ou outros usos técnicos análogos",sim
59119000,EXERCITO,- OUTROS,sim
60031000,IBAMA,- De lã ou de pelos finos,sim
60059010,IBAMA,De lã ou de pelos finos,sim
60061000,IBAMA,- De lã ou de pelos finos,sim
61019010,IBAMA,De lã ou de pelos finos,sim
61021000,IBAMA,- De lã ou de pelos finos,sim
61031010,IBAMA,De lã ou de pelos finos,sim
61032910,IBAMA,De lã ou de pelos finos,sim
61033100,IBAMA,-- De lã ou de pelos finos,sim
61034100,IBAMA,-- De lã ou de pelos finos,sim
61041910,IBAMA,De lã ou de pelos finos,sim
61042910,IBAMA,De lã ou de pelos finos,sim
61043100,IBAMA,-- De lã ou de pelos finos,sim
61044100,IBAMA,-- De lã ou de pelos finos,sim
61045100,IBAMA,-- De lã ou de pelos finos,sim
61046100,IBAMA,-- De lã ou de pelos finos,sim
61101100,IBAMA,-- De lã,sim
61101900,IBAMA,-- Outros,sim
61119010,IBAMA,De lã ou de pelos finos,sim
61130000,EXERCITO,"Vestuário confeccionado com tecidos de malha das posições 59.03, 59.06 ou 59.07.",sim
61149010,IBAMA,De lã ou de pelos finos,sim
61151013,IBAMA,De lã ou de pelos finos,sim
61151091,IBAMA,De lã ou de pelos finos,sim
61151093,ANVISA,DE FIBRAS SINTÉTICAS,sim
61152910,IBAMA,De lã ou de pelos finos,sim
61159400,IBAMA,-- De lã ou de pelos finos,sim
61169100,IBAMA,-- De lã ou de pelos finos,sim
62012000,IBAMA,- DE LÃ OU DE PELOS FINOS,sim
62022000,IBAMA,- DE LÃ OU DE PELOS FINOS,sim
62031100,IBAMA,-- De lã ou de pelos finos,sim
62032910,IBAMA,De lã ou de pelos finos,sim
62033100,IBAMA,-- De lã ou de pelos finos,sim
62034100,IBAMA,-- De lã ou de pelos finos,sim
62041100,IBAMA,-- De lã ou de pelos finos,sim
62042100,IBAMA,-- De lã ou de pelos finos,sim
62043100,IBAMA,-- De lã ou de pelos finos,sim
62044100,IBAMA,-- De lã ou de pelos finos,sim
62045100,IBAMA,-- De lã ou de pelos finos,sim
62046100,IBAMA,-- De lã ou de pelos finos,sim
62059010,IBAMA,De lã ou de pelos finos,sim
62062000,IBAMA,- De lã ou de pelos finos,sim
62099010,IBAMA,De lã ou de pelos finos,sim
62113300,EXERCITO,-- De fibras sintéticas ou artificiais,sim
62113910,IBAMA,De lã ou de pelos finos,sim
62114300,EXERCITO,-- De fibras sintéticas ou artificiais,sim
62141000,IBAMA,- DE SEDA OU DE DESPERDÍCIOS DE SEDA,sim
62142000,IBAMA,- De lã ou de pelos finos,sim
63011000,INMETRO,"- Cobertores e mantas, elétricos",sim
63012000,IBAMA,"- Cobertores e mantas (exceto os elétricos), de lã ou de pelos finos",sim
63019000,EXERCITO,- Outros cobertores e mantas,sim
63079010,ANVISA,De falso tecido,sim
63079090,EXERCITO,Outros,sim
63079090,MIN.DEFESA,OUTROS,sim
63079090,ANVISA,OUTROS,sim
63090010,DECEX,"Vestuário, seus acessórios, e suas partes",sim
63090090,DECEX,Outros,sim
65061090,INMETRO,OUTROS,sim
65061090,MIN.DEFESA,OUTROS,sim
68114000,IBAMA,- QUE CONTENHAM AMIANTO,sim
68128000,IBAMA,- DE CROCIDOLITA,sim
68138110,INMETRO,PASTILHAS,sim
68138190,INMETRO,OUTRAS,sim
69120000,INMETRO,"SERVIÇOS DE MESA, ARTIGOS DE COZINHA, OUTROS ARTIGOS DE",sim
69149000,EXERCITO,- OUTRAS,sim
70010000,IBAMA,"Cacos, fragmentos e outros desperdícios e resíduos de vidro; vidro em blocos ou massas.",sim
70071100,EXERCITO,"-- De dimensões e formatos que permitam a sua aplicação em automóveis, veículos aéreos, barcos ou outros veículos",sim
70071900,EXERCITO,-- Outros,sim
70072100,EXERCITO,"-- De dimensões e formatos que permitam a sua aplicação em automóveis, veículos aéreos, barcos ou outros veículos",sim
70072900,EXERCITO,-- Outros,sim
70099100,ANVISA,-- NÃO EMOLDURADOS,sim
70109090,ANVISA,OUTROS,sim
70111010,INMETRO,"Para lâmpadas ou tubos de descarga, incluindo os de luz-relâmpago (flash)",sim
70111090,INMETRO,Outros,sim
71021000,ANM,- Não selecionados,sim
71022100,ANM,"-- Em bruto ou simplesmente serrados, clivados ou desbastados",sim
71023100,ANM,"-- Em bruto ou simplesmente serrados, clivados ou desbastados",sim
71082000,DECEX,- PARA USO MONETÁRIO,sim
71123010,IBAMA,"Que contenham ouro, mas que não contenham outros metais preciosos",sim
71123020,IBAMA,"Que contenham platina, mas que não contenham outros metais preciosos",sim
71123090,IBAMA,Outros,sim
71129100,IBAMA,"-- DE OURO, DE METAIS FOLHEADOS OU CHAPEADOS (PLAQUÊ) D",sim
71129200,IBAMA,"-- DE PLATINA, DE METAIS FOLHEADOS OU CHAPEADOS (PLAQUÊ",sim
71129900,IBAMA,-- OUTROS,sim
72083700,DECEX,"-- DE ESPESSURA IGUAL OU SUPERIOR A 4,75 MM, MAS NÃO SU",sim
72083890,DECEX,OUTROS,sim
72083910,DECEX,COM UM LIMITE MÍNIMO DE ELASTICIDADE DE 275 MPA,sim
72083990,DECEX,OUTROS,sim
72091600,DECEX,"-- DE ESPESSURA SUPERIOR A 1 MM, MAS INFERIOR A 3 MM",sim
72091700,DECEX,"-- DE ESPESSURA IGUAL OU SUPERIOR A 0,5 MM, MAS NÃO SUP",sim
72104910,DECEX,"DE ESPESSURA INFERIOR A 4,75 MM",sim
72106100,DECEX,-- REVESTIDOS DE LIGAS DE ALUMINIOZINCO,sim
72131000,INMETRO,"- Dentados, com nervuras, sulcos ou relevos, obtidos durante a laminagem",sim
72139190,DECEX,OUTROS,sim
72142000,INMETRO,"- Dentadas, com nervuras, sulcos ou relevos, obtidos durante a laminagem, ou torcidas após laminagem",sim
72162100,INMETRO,-- Perfis em L,sim
72163200,DECEX,-- PERFIS EM I,sim
72163300,DECEX,-- PERFIS EM H,sim
72164010,INMETRO,De altura inferior ou igual a 200 mm,sim
72164090,INMETRO,Outros,sim
72171090,INMETRO,OUTROS,sim
72193300,EXERCITO,"-- De espessura superior a 1 mm, mas inferior a 3 mm",sim
72253000,DECEX,"- OUTROS, SIMPLESMENTE LAMINADOS A QUENTE, EM ROLOS",sim
72254090,EXERCITO,OUTROS,sim
72255090,DECEX,OUTROS,sim
72259200,DECEX,-- GALVANIZADOS POR OUTRO PROCESSO,sim
72259990,DECEX,OUTROS,sim
72283000,MIN.DEFESA,"- OUTRAS BARRAS, SIMPLESMENTE LAMINADAS, ESTIRADAS OU E",sim
72287000,INMETRO,- Perfis,sim
73021010,DECEX,"DE AÇO, DE PESO LINEAR IGUAL OU SUPERIOR A 44,5 KG/M",sim
73021090,DECEX,OUTROS,sim
73023000,DECEX,"- AGULHAS, CRÓSSIMAS, ALAVANCAS PARA COMANDO DE AGULHAS",sim
73024000,DECEX,- TALAS DE JUNÇÃO (ECLISSAS*) E PLACAS DE APOIO OU ASSE,sim
73029000,DECEX,- OUTROS,sim
73041900,DECEX,-- OUTROS,sim
73043110,INMETRO,TUBOS NÃO REVESTIDOS,sim
73043190,INMETRO,OUTROS,sim
73043910,INMETRO,"Tubos não revestidos, de diâmetro exterior inferior ou igual a 229 mm",sim
73043920,INMETRO,"TUBOS REVESTIDOS, DE DIÂMETRO EXTERIOR INFERIOR OU IGUA",sim
73043990,INMETRO,Outros,sim
73044900,ANVISA,-- OUTROS,sim
73051100,DECEX,-- SOLDADOS LONGITUDINALMENTE POR ARCO IMERSO,sim
73051200,DECEX,"-- OUTROS, SOLDADOS LONGITUDINALMENTE",sim
73053100,INMETRO,-- SOLDADOS LONGITUDINALMENTE,sim
73053900,INMETRO,-- OUTROS,sim
73061900,DECEX,-- OUTROS,sim
73063010,INMETRO,"DE DIÂMETRO EXTERIOR IGUAL A 22,25 MM, ESPESSURA IGUAL",sim
73063090,INMETRO,OUTROS,sim
73069090,INMETRO,Outros,sim
73071910,INMETRO,"De ferro fundido maleável, de diâmetro interior superior a 50,8 mm",sim
73071990,INMETRO,Outros,sim
73072900,ANVISA,-- OUTROS,sim
73082000,INMETRO,- Torres e pórticos,sim
73089010,INMETRO,"CHAPAS, BARRAS, PERFIS, TUBOS E SEMELHANTES, PRÓPRIOS P",sim
73090010,INMETRO,Para armazenamento de grãos e outras matérias sólidas,sim
73090020,ANVISA,"Recipientes isotérmicos refrigerados a nitrogênio (azoto) líquido, do tipo utilizado para sêmen, sangue, tecidos biológicos e outros produtos similares",sim
73101010,ANVISA,"Recipientes isotérmicos refrigerados a nitrogênio (azoto) líquido, do tipo utilizado para sêmen, sangue, tecidos biológicos e outros produtos similares",sim
73101090,INMETRO,Outros,sim
73102920,ANVISA,"Recipientes isotérmicos refrigerados a nitrogênio (azoto) líquido, do tipo utilizado para sêmen, sangue, tecidos biológicos e outros produtos similares",sim
73110000,INMETRO,"Recipientes para gases comprimidos ou liquefeitos, de ferro fundido, ferro ou aço.",sim
73121090,INMETRO,Outros,sim
73121090,ANVISA,OUTROS,sim
73129000,INMETRO,- Outros,sim
73151210,INMETRO,DE TRANSMISSÃO,sim
73181500,ANVISA,"-- OUTROS PARAFUSOS E PINOS OU PERNOS, MESMO COM AS POR",sim
73182100,ANVISA,-- ARRUELAS (ANILHAS) DE PRESSÃO E OUTRAS ARRUELAS (ANI,sim
73182900,ANVISA,-- OUTROS,sim
73201000,ANVISA,- MOLAS DE FOLHAS E SUAS FOLHAS,sim
73202010,ANVISA,CILÍNDRICAS,sim
73202090,ANVISA,OUTRAS,sim
73209000,ANVISA,- OUTRAS,sim
73211100,INMETRO,"-- A combustíveis gasosos, ou a gás e outros combustíveis",sim
73218100,INMETRO,"-- A COMBUSTÍVEIS GASOSOS, OU A GÁS E OUTROS COMBUSTÍVE",sim
73218200,INMETRO,-- A COMBUSTÍVEIS LÍQUIDOS,sim
73239100,INMETRO,"-- DE FERRO FUNDIDO, NÃO ESMALTADOS",sim
73239200,INMETRO,"-- DE FERRO FUNDIDO, ESMALTADOS",sim
73239300,INMETRO,-- De aço inoxidável,sim
73239400,INMETRO,"-- DE FERRO OU AÇO, ESMALTADOS",sim
73239900,INMETRO,-- OUTROS,sim
73259990,ANVISA,Outras,sim
73261900,ANVISA,-- OUTRAS,sim
73269090,INMETRO,Outras,sim
73269090,ANVISA,Outras,sim
74181000,INMETRO,"- SERVIÇOS DE MESA, ARTIGOS DE COZINHA E OUTROS ARTIGOS",sim
74198030,ANVISA,MOLAS,sim
74198090,INMETRO,OUTRAS,sim
74198090,ANVISA,OUTRAS,sim
76032000,EXERCITO,- Pós de estrutura lamelar; escamas,sim
76110000,INMETRO,"Reservatórios, tonéis, cubas e recipientes semelhantes para quaisquer matérias (exceto gases comprimidos ou liquefeitos), de alumínio, de capacidade superior a 300 l, sem dispositivos mecânicos ou térmicos, mesmo com revestimento interior ou calorífugo.",sim
76129012,ANVISA,"Isotérmicos, refrigerados a nitrogênio (azoto) líquido, do tipo utilizado para sêmen, sangue, tecidos biológicos e outros produtos similares",sim
76129090,INMETRO,Outros,sim
76130000,INMETRO,"RECIPIENTES PARA GASES COMPRIMIDOS OU LIQUEFEITOS, DE A",sim
76151000,INMETRO,"- Serviços de mesa, artigos de cozinha e outros artigos de uso doméstico, e suas partes; esponjas, esfregões, luvas e artigos semelhantes, para limpeza, polimento ou usos semelhantes",sim
76169900,INMETRO,-- Outras,sim
76169900,ANVISA,-- OUTRAS,sim
78020000,IBAMA,"Desperdícios e resíduos, e sucata, de chumbo.",sim
79020000,IBAMA,"Desperdícios e resíduos, e sucata, de zinco.",sim
81043000,EXERCITO,"- Aparas, resíduos de torno e grânulos, calibrados; pós",sim
81049000,EXERCITO,- Outros,sim
81089000,INMETRO,- OUTROS,sim
81089000,ANVISA,- OUTROS,sim
81092100,CNEN,-- QUE CONTENHAM MENOS DE UMA PARTE DE HÁFNIO PARA 500,sim
81092900,CNEN,-- OUTROS,sim
81093100,CNEN,-- QUE CONTENHAM MENOS DE UMA PARTE DE HÁFNIO PARA 500,sim
81093900,CNEN,-- OUTROS,sim
81099100,CNEN,-- QUE CONTENHAM MENOS DE UMA PARTE DE HÁFNIO PARA 500,sim
81099900,CNEN,-- OUTROS,sim
81102000,IBAMA,"- Desperdícios e resíduos, e sucata",sim
81109000,IBAMA,- OUTROS,sim
81121200,CNEN,-- Em formas brutas; pós,sim
81121300,IBAMA,"-- Desperdícios e resíduos, e sucata",sim
81122200,IBAMA,"-- Desperdícios e resíduos, e sucata",sim
81122900,IBAMA,-- OUTROS,sim
81125200,IBAMA,"-- Desperdícios e resíduos, e sucata",sim
81125900,IBAMA,-- OUTROS,sim
81126100,IBAMA,"-- DESPERDÍCIOS E RESÍDUOS, E SUCATA",sim
81126900,IBAMA,-- OUTROS,sim
81129200,CNEN,"-- Em formas brutas; desperdícios e resíduos, e sucata; pós",sim
81129200,IBAMA,"-- Em formas brutas; desperdícios e resíduos, e sucata; pós",sim
81129900,IBAMA,-- Outros,sim
81130090,IBAMA,Outros,sim
82032010,ANVISA,ALICATES (MESMO CORTANTES),sim
82051000,ANVISA,- FERRAMENTAS DE FURAR OU DE ROSCAR,sim
82054000,ANVISA,- CHAVES DE FENDA,sim
82055900,ANVISA,-- OUTRAS,sim
82072000,ANVISA,"- FIEIRAS DE ESTIRAMENTO OU DE EXTRUSÃO, PARA METAIS",sim
82073000,ANVISA,"- FERRAMENTAS DE EMBUTIR, DE ESTAMPAR OU DE PUNCIONAR",sim
82079000,ANVISA,- OUTRAS FERRAMENTAS INTERCAMBIÁVEIS,sim
82089000,ANVISA,- OUTRAS,sim
82130000,INMETRO,Tesouras e suas lâminas.,sim
82141000,INMETRO,"- Espátulas (corta-papéis), abre-cartas, raspadeiras, apontadores de lápis (apara-lápis*) e suas lâminas",sim
82149010,INMETRO,Máquinas de tosquiar e suas partes,sim
83014000,ANVISA,- OUTRAS FECHADURAS; FERROLHOS,sim
83015000,ANVISA,"- FECHOS E ARMAÇÕES COM FECHO, COM FECHADURA",sim
83022000,ANVISA,- RODÍZIOS,sim
83024900,ANVISA,-- OUTROS,sim
83025000,ANVISA,"- PATERAS, PORTA-CHAPÉUS, CABIDES E ARTIGOS SEMELHANTES",sim
83026000,ANVISA,- FECHOS AUTOMÁTICOS PARA PORTAS,sim
83111000,ANVISA,- ELETRODOS REVESTIDOS EXTERIORMENTE PARA SOLDAR A ARCO,sim
84011000,MIN.DEFESA,- REATORES NUCLEARES,sim
84012000,MIN.DEFESA,"- MÁQUINAS E APARELHOS PARA A SEPARAÇÃO DE ISÓTOPOS, E",sim
84012000,INMETRO,"- MÁQUINAS E APARELHOS PARA A SEPARAÇÃO DE ISÓTOPOS, E",sim
84013000,MIN.DEFESA,- ELEMENTOS COMBUSTÍVEIS (CARTUCHOS) NÃO IRRADIADOS,sim
84014000,MIN.DEFESA,- PARTES DE REATORES NUCLEARES,sim
84021100,INMETRO,-- CALDEIRAS AQUATUBULARES COM PRODUÇÃO DE VAPOR SUPERI,sim
84021200,INMETRO,-- CALDEIRAS AQUATUBULARES COM PRODUÇÃO DE VAPOR NÃO SU,sim
84021900,INMETRO,"-- OUTRAS CALDEIRAS PARA PRODUÇÃO DE VAPOR, INCLUINDO A",sim
84029000,INMETRO,- PARTES,sim
84031010,INMETRO,COM CAPACIDADE INFERIOR OU IGUAL A 200.000 KCAL/HORA,sim
84031090,INMETRO,OUTRAS,sim
84039000,INMETRO,- PARTES,sim
84041010,INMETRO,DA POSIÇÃO 84.02,sim
84041020,INMETRO,DA POSIÇÃO 84.03,sim
84071000,MIN.DEFESA,- MOTORES PARA AVIAÇÃO,sim
84099116,INMETRO,Anéis de segmento,sim
84099120,INMETRO,Pistões ou êmbolos,sim
84099190,INMETRO,Outras,sim
84099921,INMETRO,De diâmetro igual ou superior a 200 mm,sim
84099929,INMETRO,Outros,sim
84099971,INMETRO,De diâmetro igual ou superior a 200 mm,sim
84099979,INMETRO,Outros,sim
84099999,INMETRO,Outras,sim
84121000,EXERCITO,"- Propulsores a reação, excluindo os turborreatores",sim
84122110,ANVISA,CILINDROS HIDRÁULICOS,sim
84122190,EXERCITO,Outros,sim
84123110,ANVISA,CILINDROS PNEUMÁTICOS,sim
84129010,EXERCITO,De propulsores a reação,sim
84129090,ANVISA,OUTRAS,sim
84131900,ANVISA,-- OUTRAS,sim
84133010,INMETRO,Para gasolina ou álcool,sim
84135010,INMETRO,"De potência superior a 3,73 kW (5 HP), mas não superior a 447,42 kW (600 HP), excluídas as para oxigênio líquido",sim
84135090,INMETRO,Outras,sim
84135090,ANVISA,OUTRAS,sim
84136011,INMETRO,De engrenagem,sim
84136011,ANVISA,DE ENGRENAGEM,sim
84136019,INMETRO,Outras,sim
84136019,ANVISA,OUTRAS,sim
84137080,INMETRO,"Outras, de vazão inferior ou igual a 300 l/min",sim
84137090,INMETRO,Outras,sim
84138100,INMETRO,-- Bombas,sim
84138100,ANVISA,-- BOMBAS,sim
84139190,ANVISA,OUTRAS,sim
84141000,ANVISA,- BOMBAS DE VÁCUO,sim
84143011,INMETRO,Com capacidade inferior a 4.700 frigorias/hora,sim
84143019,INMETRO,Outros,sim
84143091,INMETRO,Com capacidade inferior ou igual a 16.000 frigorias/hora,sim
84143099,INMETRO,Outros,sim
84144010,INMETRO,DE DESLOCAMENTO ALTERNATIVO,sim
84144020,INMETRO,DE PARAFUSO,sim
84145110,INMETRO,De mesa,sim
84145120,INMETRO,De teto,sim
84145190,INMETRO,Outros,sim
84145910,ANVISA,MICROVENTILADORES COM ÁREA DE CARCAÇA INFERIOR A 90 CM2,sim
84145990,INMETRO,Outros,sim
84145990,ANVISA,OUTROS,sim
84146000,INMETRO,- Coifas aspirantes (Exaustores*) com dimensão horizontal máxima não superior a 120 cm,sim
84147000,ANVISA,- CABINAS (CÂMARAS) DE SEGURANÇA BIOLÓGICA ESTANQUES AO,sim
84148011,INMETRO,"Estacionários, de pistão",sim
84148012,INMETRO,De parafuso,sim
84148012,ANVISA,DE PARAFUSO,sim
84148013,INMETRO,De lóbulos paralelos (tipo Roots),sim
84148019,INMETRO,Outros,sim
84148019,ANVISA,OUTROS,sim
84148031,INMETRO,DE PISTÃO,sim
84148032,INMETRO,DE PARAFUSO,sim
84148033,INMETRO,"CENTRÍFUGOS, DE VAZÃO MÁXIMA INFERIOR A 22.000 M3/H",sim
84148038,INMETRO,OUTROS COMPRESSORES CENTRÍFUGOS,sim
84148039,INMETRO,OUTROS,sim
84148090,INMETRO,Outros,sim
84148090,ANVISA,OUTROS,sim
84149039,INMETRO,OUTRAS,sim
84149039,ANVISA,OUTRAS,sim
84151011,INMETRO,Do tipo split-system (sistema com elementos separados),sim
84151019,INMETRO,Outros,sim
84158110,INMETRO,Com capacidade inferior ou igual a 30.000 frigorias/hora,sim
84158210,INMETRO,Com capacidade inferior ou igual a 30.000 frigorias/hora,sim
84158300,INMETRO,-- Sem dispositivo de refrigeração,sim
84159010,INMETRO,"Unidades evaporadoras (internas) de aparelho de ar-condicionado do tipo split-system (sistema com elementos separados), com capacidade inferior ou igual a 30.000 frigorias/hora",sim
84159020,INMETRO,"Unidades condensadoras (externas) de aparelho de ar-condicionado do tipo split-system (sistema com elementos separados), com capacidade inferior ou igual a 30.000 frigorias/hora",sim
84181000,INMETRO,"- Combinações de refrigeradores e congeladores (freezers), munidos de portas exteriores separadas",sim
84182100,INMETRO,-- De compressão,sim
84182900,INMETRO,-- Outros,sim
84183000,INMETRO,"- Congeladores (freezers) horizontais tipo arca, de capacidade não superior a 800 l",sim
84184000,INMETRO,"- Congeladores (freezers) verticais tipo armário, de capacidade não superior a 900 l",sim
84184000,ANVISA,"- CONGELADORES (FREEZERS) VERTICAIS, DE CAPACIDADE NÃO",sim
84185010,INMETRO,Congeladores (freezers),sim
84185010,ANVISA,Congeladores (freezers),sim
84185090,INMETRO,Outros,sim
84185090,ANVISA,Outros,sim
84186100,INMETRO,"-- Bombas de calor, exceto as máquinas e aparelhos de ar-condicionado da posição 84.15",sim
84186910,INMETRO,Máquinas não domésticas para preparação de sorvetes,sim
84186931,INMETRO,De água ou sucos,sim
84186932,INMETRO,De bebidas carbonatadas,sim
84186940,INMETRO,Grupos frigoríficos de compressão com capacidade inferior ou igual a 30.000 frigorias/hora,sim
84186991,INMETRO,"Resfriadores de água, de absorção por brometo de lítio",sim
84186999,INMETRO,Outros,sim
84186999,ANVISA,OUTROS,sim
84189900,INMETRO,-- Outras,sim
84191100,INMETRO,"-- De aquecimento instantâneo, a gás",sim
84191200,INMETRO,-- AQUECEDORES DE ÁGUA SOLARES,sim
84191900,INMETRO,-- OUTROS,sim
84192000,ANVISA,- Esterilizadores médico-cirúrgicos ou de laboratório,sim
84194010,ANVISA,DE DESTILAÇÃO DE ÁGUA,sim
84195090,ANVISA,OUTROS,sim
84198190,INMETRO,Outros,sim
84198919,INMETRO,OUTROS,sim
84198920,INMETRO,ESTUFAS,sim
84198930,INMETRO,Torrefadores,sim
84198940,INMETRO,Evaporadores,sim
84198999,ANVISA,Outros,sim
84199040,ANVISA,DE APARELHOS OU DISPOSITIVOS DAS SUBPOSIÇÕES 8419.81 OU,sim
84199090,INMETRO,OUTRAS,sim
84211210,INMETRO,COM TAMBOR DE CAPACIDADE INFERIOR OU IGUAL A 23 L,sim
84211290,INMETRO,Outros,sim
84211910,ANVISA,"Centrifugadores para laboratórios de análises, ensaios ou pesquisas científicas",sim
84211990,ANVISA,Outros,sim
84212100,INMETRO,-- Para filtrar ou depurar água,sim
84212100,ANVISA,-- PARA FILTRAR OU DEPURAR ÁGUA,sim
84212200,INMETRO,"-- PARA FILTRAR OU DEPURAR BEBIDAS, EXCETO ÁGUA",sim
84212911,ANVISA,Capilares,sim
84212919,ANVISA,Outros,sim
84212990,INMETRO,OUTROS,sim
84212990,ANVISA,OUTROS,sim
84213910,INMETRO,FILTROS ELETROSTÁTICOS,sim
84213990,INMETRO,OUTROS,sim
84213990,ANVISA,Outros,sim
84219199,ANVISA,OUTRAS,sim
84219920,ANVISA,Do tipo utilizado em linhas de sangue para hemodiálise,sim
84219999,ANVISA,OUTRAS,sim
84221100,INMETRO,-- Do tipo doméstico,sim
84221900,INMETRO,-- OUTRAS,sim
84222000,ANVISA,- MÁQUINAS E APARELHOS PARA LIMPAR OU SECAR GARRAFAS OU,sim
84223029,EXERCITO,Outros,sim
84223029,ANVISA,OUTROS,sim
84224090,INMETRO,Outros,sim
84224090,ANVISA,OUTROS,sim
84229090,ANVISA,OUTRAS,sim
84231000,INMETRO,"- Balanças para pessoas, incluindo as balanças para bebês; balanças de uso doméstico",sim
84238110,INMETRO,"De mesa, com dipositivo registrador ou impressor de etiquetas",sim
84238190,INMETRO,Outros,sim
84238190,ANVISA,OUTROS,sim
84238200,DECEX,"-- DE CAPACIDADE SUPERIOR A 30 KG, MAS NÃO SUPERIOR A 5",sim
84238200,INMETRO,"-- De capacidade superior a 30 kg, mas não superior a 5.000 kg",sim
84238900,DECEX,-- OUTROS,sim
84238900,INMETRO,-- Outros,sim
84239010,INMETRO,Pesos,sim
84239010,ANVISA,PESOS,sim
84241000,INMETRO,"- Extintores, mesmo carregados",sim
84241000,IBAMA,"- Extintores, mesmo carregados",sim
84243010,INMETRO,"Máquinas e aparelhos de desobstrução de tubulação ou de limpeza, por jato de água",sim
84243090,INMETRO,Outros,sim
84244900,IBAMA,-- Outros,sim
84248990,INMETRO,OUTROS,sim
84251100,DECEX,-- DE MOTOR ELÉTRICO,sim
84251990,DECEX,OUTROS,sim
84253110,DECEX,COM CAPACIDADE INFERIOR OU IGUAL A 100 T,sim
84253190,DECEX,OUTROS,sim
84253910,DECEX,COM CAPACIDADE INFERIOR OU IGUAL A 100 T,sim
84253990,DECEX,OUTROS,sim
84254200,ANVISA,"-- OUTROS MACACOS, HIDRÁULICOS",sim
84261100,DECEX,"-- PONTES E VIGAS, ROLANTES, DE SUPORTES FIXOS",sim
84261200,DECEX,-- PÓRTICOS MÓVEIS DE PNEUMÁTICOS E CARROS-PÓRTICOS,sim
84261900,DECEX,-- OUTROS,sim
84262000,DECEX,- GUINDASTES DE TORRE,sim
84263000,DECEX,- GUINDASTES DE PÓRTICO,sim
84264110,DECEX,"COM DESLOCAMENTO EM SENTIDO LONGITUDINAL, TRANSVERSAL E",sim
84264190,DECEX,OUTROS,sim
84264910,DECEX,"DE LAGARTAS (ESTEIRAS), COM CAPACIDADE DE ELEVAÇÃO IGUA",sim
84264990,DECEX,OUTROS,sim
84269100,DECEX,-- PRÓPRIOS PARA SEREM MONTADOS EM VEÍCULOS RODOVIÁRIOS,sim
84269900,DECEX,-- OUTROS,sim
84271011,DECEX,"DE CAPACIDADE DE CARGA SUPERIOR A 6,5 T",sim
84271019,DECEX,OUTRAS,sim
84272010,DECEX,"EMPILHADEIRAS COM CAPACIDADE DE CARGA SUPERIOR A 6,5 T",sim
84272010,INMETRO,"Empilhadeiras com capacidade de carga superior a 6,5 t",sim
84272090,DECEX,OUTROS,sim
84272090,INMETRO,Outros,sim
84279000,DECEX,- OUTROS,sim
84281000,DECEX,- ELEVADORES E MONTA-CARGAS,sim
84281000,INMETRO,- ELEVADORES E MONTA-CARGAS,sim
84282010,DECEX,"TRANSPORTADORES TUBULARES (TRANSVASADORES) MÓVEIS, ACIO",sim
84282090,DECEX,OUTROS,sim
84283200,DECEX,"-- OUTROS, DE CAÇAMBA (BALDE*)",sim
84283300,DECEX,"-- OUTROS, DE CORREIA",sim
84283910,DECEX,DE CORRENTES,sim
84283920,DECEX,DE ROLOS MOTORES,sim
84283990,DECEX,OUTROS,sim
84283990,INMETRO,Outros,sim
84289020,DECEX,TRANSPORTADORES-ELEVADORES (TRANSELEVADORES) AUTOMÁTICO,sim
84289090,DECEX,OUTROS,sim
84289090,INMETRO,Outros,sim
84289090,ANVISA,Outros,sim
84291110,IBAMA,"De potência no volante igual ou superior a 387,76 kW (520 HP)",sim
84291190,IBAMA,Outros,sim
84291910,IBAMA,"Bulldozers de potência no volante igual ou superior a 234,90 kW (315 HP)",sim
84291990,IBAMA,Outros,sim
84292010,IBAMA,"Motoniveladores articulados, de potência no volante igual ou superior a 205,07 kW (275 HP)",sim
84292090,IBAMA,Outros,sim
84293000,IBAMA,- Raspo-transportadores (scrapers),sim
84294000,IBAMA,- Compactadores e rolos ou cilindros compressores,sim
84295111,IBAMA,Do tipo das utilizadas em minas subterrâneas,sim
84295119,IBAMA,Outras,sim
84295121,IBAMA,"De potência no volante igual ou superior a 454,13 kW (609 HP)",sim
84295129,IBAMA,Outras,sim
84295191,IBAMA,"De potência no volante igual ou superior a 297,5 kW (399 HP)",sim
84295192,IBAMA,"De potência no volante inferior ou igual a 43,99 kW (59 HP)",sim
84295199,IBAMA,Outras,sim
84295211,IBAMA,"De potência no volante igual ou superior a 484,7 kW (650 HP)",sim
84295212,IBAMA,"De potência no volante inferior ou igual a 40,3 kW (54 HP)",sim
84295219,IBAMA,Outras,sim
84295220,IBAMA,"Infraestruturas motoras, próprias para receber equipamentos das subposições 8430.49, 8430.61 ou 8430.69, mesmo com dispositivo de deslocamento sobre trilhos",sim
84295290,IBAMA,Outras,sim
84295900,IBAMA,-- Outros,sim
84301000,MAPA,- BATE-ESTACAS E ARRANCA-ESTACAS,sim
84304190,MAPA,OUTRAS,sim
84304990,MAPA,OUTRAS,sim
84305000,IBAMA,"- Outras máquinas e aparelhos, autopropulsados",sim
84305000,MAPA,"- OUTRAS MÁQUINAS E APARELHOS, AUTOPROPULSADOS",sim
84306100,MAPA,-- MÁQUINAS DE COMPRIMIR OU DE COMPACTAR,sim
84306990,MAPA,OUTROS,sim
84313900,ANVISA,-- Outras,sim
84324100,IBAMA,-- Espalhadores de estrume,sim
84324200,IBAMA,-- Distribuidores de adubos (fertilizantes),sim
84331100,INMETRO,"-- Motorizados, cujo dispositivo de corte gira num plano horizontal",sim
84331900,INMETRO,-- Outros,sim
84333000,IBAMA,- Outras máquinas e aparelhos para colher e dispor o feno,sim
84335100,IBAMA,-- Colheitadeiras combinadas com debulhadoras (Ceifeiras-debulhadoras*),sim
84335200,IBAMA,-- Outras máquinas e aparelhos para debulha,sim
84335300,IBAMA,-- Máquinas para colheita de raízes ou tubérculos,sim
84335911,IBAMA,"Com capacidade para trabalhar até dois sulcos de colheita e potência no volante inferior ou igual a 59,7 kW (80 HP)",sim
84335919,IBAMA,Outras,sim
84335990,IBAMA,Outros,sim
84351000,INMETRO,- Máquinas e aparelhos,sim
84368000,IBAMA,- Outras máquinas e aparelhos,sim
84369900,MAPA,-- OUTRAS,sim
84378010,INMETRO,Para trituração ou moagem de grãos,sim
84378090,INMETRO,Outros,sim
84381000,INMETRO,"- Máquinas e aparelhos para as indústrias de panificação, pastelaria, bolachas e biscoitos e de massas alimentícias",sim
84382011,INMETRO,"Para fabricar bombons de chocolate por moldagem, de capacidade de produção igual ou superior a 150 kg/h",sim
84382019,INMETRO,Outros,sim
84382090,INMETRO,Outros,sim
84385000,INMETRO,- Máquinas e aparelhos para preparação de carnes,sim
84386000,INMETRO,- MÁQUINAS E APARELHOS PARA PREPARAÇÃO DE FRUTA OU DE P,sim
84388090,INMETRO,OUTROS,sim
84433221,INMETRO,De linha,sim
84433229,INMETRO,Outras,sim
84433233,ANVISA,"A LASER, LED (DIODOS EMISSORES DE LUZ) OU LCS (SISTEMA",sim
84433299,ANVISA,OUTROS,sim
84501100,INMETRO,-- Máquinas inteiramente automáticas,sim
84501200,INMETRO,"-- Outras máquinas, com secador centrífugo incorporado",sim
84501900,INMETRO,-- Outras,sim
84502090,INMETRO,Outras,sim
84511000,INMETRO,- Máquinas para lavar a seco,sim
84512100,INMETRO,"-- De capacidade, expressa em peso de roupa seca, não superior a 10 kg",sim
84513010,INMETRO,Automáticas,sim
84513091,INMETRO,Prensas para passar de peso inferior ou igual a 14 kg,sim
84513099,INMETRO,Outras,sim
84521000,INMETRO,- Máquinas de costura de uso doméstico,sim
84522922,INMETRO,Para casear,sim
84522923,INMETRO,Tipo zigue-zague para inserir elástico,sim
84522924,INMETRO,De costura reta,sim
84561190,ANVISA,OUTRAS,sim
84581990,EXERCITO,Outros,sim
84591000,INMETRO,- Unidades com cabeça deslizante,sim
84592900,INMETRO,-- Outras,sim
84629000,EXERCITO,- OUTRAS,sim
84659390,INMETRO,OUTRAS,sim
84659400,ANVISA,-- MÁQUINAS PARA ARQUEAR OU REUNIR,sim
84672910,INMETRO,TESOURAS,sim
84672999,ANVISA,OUTRAS,sim
84679900,ANVISA,-- OUTRAS,sim
84709010,ECT,Máquinas de franquear correspondência,sim
84713019,ANVISA,OUTRAS,sim
84714900,MIN.DEFESA,"-- OUTRAS, APRESENTADAS SOB A FORMA DE SISTEMAS",sim
84714900,ANVISA,"-- OUTRAS, APRESENTADAS SOB A FORMA DE SISTEMAS",sim
84715010,ANVISA,"DE PEQUENA CAPACIDADE, BASEADAS EM MICROPROCESSADORES,",sim
84716052,DECEX,TECLADOS,sim
84716090,ANVISA,OUTRAS,sim
84718000,ANVISA,- OUTRAS UNIDADES DE MÁQUINAS AUTOMÁTICAS PARA PROCESSA,sim
84719011,INMETRO,DE CARTÕES MAGNÉTICOS,sim
84719012,ANVISA,LEITORES DE CÓDIGOS DE BARRAS,sim
84719090,ANVISA,OUTROS,sim
84729030,INMETRO,MÁQUINAS PARA SELECIONAR E CONTAR MOEDAS OU NOTAS (PAPÉ,sim
84729099,INMETRO,OUTROS,sim
84732990,ECT,Outros,sim
84733011,DECEX,"COM FONTE DE ALIMENTAÇÃO, MESMO COM MÓDULODISPLAYNUMÉRI",sim
84733019,DECEX,OUTROS,sim
84733019,ANVISA,OUTROS,sim
84733049,ANVISA,OUTROS,sim
84742090,INMETRO,Outros,sim
84762100,INMETRO,-- Com dispositivo de aquecimento ou de refrigeração incorporado,sim
84762900,INMETRO,-- Outras,sim
84768100,INMETRO,-- Com dispositivo de aquecimento ou de refrigeração incorporado,sim
84768990,INMETRO,OUTRAS,sim
84778090,ANVISA,OUTRAS,sim
84779000,ANVISA,- PARTES,sim
84791010,IBAMA,Automotrizes para espalhar e calcar pisos (pavimentos) betuminosos,sim
84791090,IBAMA,Outros,sim
84798190,EXERCITO,Outros,sim
84798911,EXERCITO,Prensas,sim
84798912,ANVISA,DISTRIBUIDORES E DOSEADORES DE SÓLIDOS OU DE LÍQUIDOS,sim
84798991,ANVISA,Aparelhos para limpar peças por ultrassom,sim
84798999,INMETRO,OUTROS,sim
84798999,EXERCITO,Outros,sim
84798999,ANVISA,Outros,sim
84799090,ANVISA,Outras,sim
84811000,INMETRO,- VÁLVULAS REDUTORAS DE PRESSÃO,sim
84811000,ANVISA,- VÁLVULAS REDUTORAS DE PRESSÃO,sim
84812090,ANVISA,OUTRAS,sim
84813000,ANVISA,- VÁLVULAS DE RETENÇÃO,sim
84818092,ANVISA,VÁLVULAS SOLENOIDES,sim
84818099,ANVISA,OUTROS,sim
84821010,ANVISA,DE CARGA RADIAL,sim
84821090,ANVISA,OUTROS,sim
84824000,ANVISA,"- ROLAMENTOS DE AGULHAS, INCLUINDO AS MONTAGENS DE GAIO",sim
84831090,ANVISA,OUTRAS,sim
84833021,INMETRO,De diâmetro interno igual ou superior a 200 mm,sim
84833029,INMETRO,Outros,sim
84834010,ANVISA,"REDUTORES, MULTIPLICADORES, CAIXAS DE TRANSMISSÃO E VAR",sim
84834090,ANVISA,OUTROS,sim
84836090,ANVISA,OUTROS,sim
84879000,ANVISA,- OUTRAS,sim
85011011,ANVISA,"DE PASSO NÃO SUPERIOR A 1,8°",sim
85011019,ANVISA,OUTROS,sim
85011029,ANVISA,OUTROS,sim
85011030,ANVISA,UNIVERSAIS,sim
85013110,ANVISA,MOTORES,sim
85013120,INMETRO,Geradores,sim
85014011,INMETRO,Síncronos,sim
85015110,INMETRO,"Trifásicos, com rotor de gaiola",sim
85015120,INMETRO,"Trifásicos, com rotor de anéis",sim
85015190,ANVISA,OUTROS,sim
85015210,INMETRO,"Trifásicos, com rotor de gaiola",sim
85015220,ANVISA,"TRIFÁSICOS, COM ROTOR DE ANÉIS",sim
85015290,INMETRO,Outros,sim
85015310,INMETRO,"Trifásicos, de potência inferior ou igual a 7.500 kW",sim
85030090,ANVISA,OUTRAS,sim
85041000,INMETRO,- Reatores (Balastros*) para lâmpadas ou tubos de descarga,sim
85041000,ANVISA,- REATORES (BALASTROS*) PARA LÂMPADAS OU TUBOS DE DESCA,sim
85042100,INMETRO,-- De potência não superior a 650 kVA,sim
85043199,ANVISA,OUTROS,sim
85044010,INMETRO,Carregadores de acumuladores,sim
85044021,ANVISA,DE CRISTAL (SEMICONDUTORES),sim
85044029,ANVISA,OUTROS,sim
85044040,ANVISA,EQUIPAMENTO DE ALIMENTAÇÃO ININTERRUPTA DE ENERGIA (UPS,sim
85044090,INMETRO,OUTROS,sim
85044090,ANVISA,OUTROS,sim
85045090,ANVISA,OUTRAS,sim
85049090,ANVISA,OUTRAS,sim
85063010,IBAMA,Com volume exterior não superior a 300 cm3,sim
85065010,ANVISA,COM VOLUME EXTERIOR NÃO SUPERIOR A 300 CM3,sim
85071010,INMETRO,De capacidade inferior ou igual a 20 Ah e tensão inferior ou igual a 12 V,sim
85071090,INMETRO,Outros,sim
85072010,INMETRO,DE PESO INFERIOR OU IGUAL A 1.000 KG,sim
85072010,ANVISA,DE PESO INFERIOR OU IGUAL A 1.000 KG,sim
85072090,INMETRO,OUTROS,sim
85073011,ANVISA,DE CAPACIDADE INFERIOR OU IGUAL A 15 AH,sim
85073019,INMETRO,OUTROS,sim
85075090,INMETRO,OUTROS,sim
85076000,INMETRO,- DE ÍON DE LÍTIO,sim
85076000,ANVISA,- DE ÍON DE LÍTIO,sim
85078000,INMETRO,- OUTROS ACUMULADORES,sim
85081100,INMETRO,-- De potência não superior a 1.500 W e cujo volume do reservatório não exceda 20 l,sim
85081900,INMETRO,-- Outros,sim
85086000,INMETRO,- Outros aspiradores,sim
85094010,INMETRO,Liquidificadores,sim
85094020,INMETRO,Batedeiras,sim
85094030,INMETRO,Moedores de carne,sim
85094040,INMETRO,Extratores centrífugos de sucos,sim
85094050,INMETRO,"Aparelhos de funções múltiplas, providos de acessórios intercambiáveis, para processar alimentos",sim
85094090,INMETRO,Outros,sim
85098010,INMETRO,Enceradeiras de pisos,sim
85098090,INMETRO,Outros,sim
85101000,INMETRO,- Aparelhos ou máquinas de barbear,sim
85102000,INMETRO,- Máquinas de cortar o cabelo ou de tosquiar,sim
85103000,INMETRO,- Aparelhos de depilar,sim
85122011,INMETRO,FARÓIS,sim
85122019,INMETRO,OUTROS,sim
85122021,INMETRO,LUZES FIXAS,sim
85122022,INMETRO,LUZES INDICADORAS DE MANOBRAS,sim
85123000,INMETRO,- Aparelhos de sinalização acústica,sim
85131010,INMETRO,MANUAIS,sim
85144000,EXERCITO,- Outros aparelhos para tratamento térmico de matérias por indução ou por perdas dielétricas,sim
85151100,INMETRO,-- Ferros e pistolas,sim
85151900,INMETRO,-- Outros,sim
85158090,INMETRO,Outros,sim
85158090,ANVISA,OUTROS,sim
85159000,ANVISA,- PARTES,sim
85161000,INMETRO,"- Aquecedores elétricos de água, incluindo os de imersão",sim
85162100,INMETRO,-- Radiadores de acumulação,sim
85162900,INMETRO,-- Outros,sim
85163100,INMETRO,-- Secadores de cabelo,sim
85163200,INMETRO,-- Outros aparelhos para arranjos do cabelo,sim
85163300,INMETRO,-- Aparelhos para secar as mãos,sim
85164000,INMETRO,- Ferros elétricos de passar,sim
85165000,INMETRO,- Fornos de micro-ondas,sim
85166000,INMETRO,"- Outros fornos; fogões de cozinha, fogareiros (incluindo as chapas de cocção), grelhas e assadeiras",sim
85167100,INMETRO,-- Aparelhos para preparação de café ou de chá,sim
85167200,INMETRO,-- Torradeiras de pão,sim
85167910,INMETRO,Panelas,sim
85167920,INMETRO,Fritadoras,sim
85167990,INMETRO,Outros,sim
85168010,INMETRO,PARA APARELHOS DA PRESENTE POSIÇÃO,sim
85168090,ANVISA,OUTRAS,sim
85171410,INMETRO,"DE RADIOTELEFONIA, ANALÓGICOS",sim
85176241,ANVISA,COM CAPACIDADE DE CONEXÃO SEM FIO,sim
85176249,ANVISA,OUTROS,sim
85176254,ANVISA,DISTRIBUIDORES DE CONEXÕES PARA REDES (HUBS),sim
85176259,ANVISA,OUTROS,sim
85176277,ANVISA,"OUTROS, DE FREQUÊNCIA INFERIOR A 15 GHZ",sim
85176299,MIN.DEFESA,OUTROS,sim
85176299,ANVISA,OUTROS,sim
85181010,INMETRO,Piezelétricos próprios para aparelhos telefônicos,sim
85181090,INMETRO,Outros,sim
85182100,ANVISA,-- ALTO-FALANTE (ALTIFALANTE) ÚNICO MONTADO NA SUA CAIX,sim
85183000,MIN.DEFESA,"- FONES DE OUVIDO (AUSCULTADORES E AURICULARES*), MESMO",sim
85198110,INMETRO,Com sistema de leitura óptica por laser (leitores de discos compactos),sim
85198190,INMETRO,Outros,sim
85234920,ANVISA,PARA REPRODUÇÃO DE FENÔMENOS DIFERENTES DO SOM OU DA IM,sim
85235110,ANVISA,CARTÕES DE MEMÓRIA (MEMORY CARDS),sim
85235190,ANVISA,OUTROS,sim
85235290,ANVISA,OUTROS,sim
85258100,ANVISA,"-- ULTRARRÁPIDAS, MENCIONADAS NA NOTA DE SUBPOSIÇÕES 1",sim
85258912,EXERCITO,"COM SENSOR DE IMAGEM A SEMICONDUTOR TIPO CCD, DE MAIS D",sim
85258913,EXERCITO,"COM SENSOR DE IMAGEM A SEMICONDUTOR TIPO CMOS, DE MAIS",sim
85258914,EXERCITO,"OUTRAS, PRÓPRIAS PARA CAPTAR IMAGENS EXCLUSIVAMENTE NO",sim
85258914,MIN.DEFESA,"OUTRAS, PRÓPRIAS PARA CAPTAR IMAGENS EXCLUSIVAMENTE NO",sim
85258919,EXERCITO,OUTRAS,sim
85258921,EXERCITO,COM TRÊS OU MAIS CAPTADORES DE IMAGEM,sim
85258922,EXERCITO,"OUTRAS, PRÓPRIAS PARA CAPTAR IMAGENS EXCLUSIVAMENTE NO",sim
85258922,MIN.DEFESA,"OUTRAS, PRÓPRIAS PARA CAPTAR IMAGENS EXCLUSIVAMENTE NO",sim
85258929,EXERCITO,OUTRAS,sim
85258929,ANVISA,OUTRAS,sim
85261000,INMETRO,- Aparelhos de radiodetecção e de radiossondagem (radar),sim
85261000,EXERCITO,- Aparelhos de radiodetecção e de radiossondagem (radar),sim
85261000,MIN.DEFESA,- APARELHOS DE RADIODETECÇÃO E DE RADIOSSONDAGEM (RADAR,sim
85271200,INMETRO,-- Rádios toca-fitas (Rádios-leitores de cassetes*) de bolso,sim
85271900,INMETRO,-- OUTROS,sim
85284200,ANVISA,-- CAPAZES DE SEREM CONECTADOS DIRETAMENTE A UMA MÁQUIN,sim
85284930,ANVISA,"POLICROMÁTICOS, COM DISPOSITIVOS DE SELEÇÃO DE VARREDUR",sim
85284990,ANVISA,OUTROS,sim
85285200,ANVISA,-- CAPAZES DE SEREM CONECTADOS DIRETAMENTE A UMA MÁQUIN,sim
85285900,ANVISA,-- OUTROS,sim
85287190,INMETRO,Outros,sim
85287200,INMETRO,"-- Outros, a cores",sim
85287300,INMETRO,"-- Outros, a preto e branco ou outros monocromos",sim
85299030,INMETRO,De aparelhos da subposição 8526.10,sim
85299090,ANVISA,Outras,sim
85311010,CNEN,Alarmes contra incêndio ou sobreaquecimento,sim
85311090,CNEN,Outros,sim
85318000,ANVISA,- OUTROS APARELHOS,sim
85319000,CNEN,- Partes,sim
85322200,ANVISA,-- ELETROLÍTICOS DE ALUMÍNIO,sim
85334011,ANVISA,TERMISTORES,sim
85340011,ANVISA,COM ISOLANTE DE RESINA FENÓLICA E PAPEL CELULÓSICO,sim
85340019,ANVISA,OUTROS,sim
85352100,ANVISA,"-- PARA UMA TENSÃO INFERIOR A 72,5 KV",sim
85361000,ANVISA,- FUSÍVEIS E CORTA-CIRCUITOS DE FUSÍVEIS,sim
85362000,INMETRO,- DISJUNTORES,sim
85364100,ANVISA,-- PARA UMA TENSÃO NÃO SUPERIOR A 60 V,sim
85364900,ANVISA,-- OUTROS,sim
85365090,INMETRO,Outros,sim
85365090,ANVISA,OUTROS,sim
85366910,INMETRO,TOMADA POLARIZADA E TOMADA BLINDADA,sim
85366910,ANVISA,TOMADA POLARIZADA E TOMADA BLINDADA,sim
85366990,INMETRO,Outros,sim
85366990,ANVISA,OUTROS,sim
85369010,ANVISA,CONECTORES PARA CABOS PLANOS CONSTITUÍDOS POR CONDUTORE,sim
85369090,ANVISA,OUTROS,sim
85389090,ANVISA,OUTRAS,sim
85392110,INMETRO,PARA UMA TENSÃO INFERIOR OU IGUAL A 15 V,sim
85392110,ANVISA,PARA UMA TENSÃO INFERIOR OU IGUAL A 15 V,sim
85392190,INMETRO,OUTROS,sim
85392190,ANVISA,OUTROS,sim
85392200,INMETRO,"-- Outros, de potência não superior a 200 W e uma tensão superior a 100 V",sim
85392910,INMETRO,Para uma tensão inferior ou igual a 15 V,sim
85392990,INMETRO,Outros,sim
85392990,ANVISA,OUTROS,sim
85393111,INMETRO,QUE CONTENHAM MAIS DE 5 MG DE MERCÚRIO POR CADA INVÓLUC,sim
85393111,IBAMA,QUE CONTENHAM MAIS DE 5 MG DE MERCÚRIO POR CADA INVÓLUC,sim
85393119,INMETRO,OUTRAS,sim
85393120,INMETRO,OUTRAS LÂMPADAS,sim
85393131,IBAMA,COM FÓSFORO TRIBANDA E QUE CONTENHAM MAIS DE 5 MG DE ME,sim
85393132,IBAMA,COM FÓSFORO EM HALOFOSFATO E QUE CONTENHAM MAIS DE 10 M,sim
85393139,ANVISA,OUTROS,sim
85393210,IBAMA,DE VAPOR DE MERCÚRIO,sim
85393220,INMETRO,DE VAPOR DE SÓDIO,sim
85393230,INMETRO,DE HALOGENETO METÁLICO,sim
85393911,IBAMA,DE COMPRIMENTO NÃO SUPERIOR A 500 MM E QUE CONTENHAM MA,sim
85393912,IBAMA,"DE COMPRIMENTO SUPERIOR A 500 MM, MAS NÃO SUPERIOR A 1.",sim
85393913,IBAMA,DE COMPRIMENTO SUPERIOR A 1.500 MM E QUE CONTENHAM MAIS,sim
85393990,INMETRO,OUTROS,sim
85394190,ANVISA,Outras,sim
85394900,INMETRO,-- Outros,sim
85394900,ANVISA,-- OUTROS,sim
85395100,ANVISA,-- MÓDULOS DE DIODOS EMISSORES DE LUZ (LED),sim
85395200,INMETRO,-- LÂMPADAS E TUBOS DE DIODOS EMISSORES DE LUZ (LED),sim
85401100,IBAMA,-- A CORES,sim
85401200,IBAMA,-- A PRETO E BRANCO OU OUTROS MONOCROMOS,sim
85402020,IBAMA,"TUBOS CONVERSORES OU INTENSIFICADORES DE IMAGENS, DE RA",sim
85402020,ANVISA,"Tubos conversores ou intensificadores de imagens, de raios X",sim
85402090,IBAMA,OUTROS,sim
85404000,IBAMA,"- TUBOS DE VISUALIZAÇÃO DE DADOS GRÁFICOS, EM MONOCROMO",sim
85406010,IBAMA,"TUBOS DE VISUALIZAÇÃO DE DADOS GRÁFICOS, EM CORES, COM",sim
85406090,IBAMA,OUTROS,sim
85408990,ANVISA,OUTROS,sim
85412120,ANVISA,"MONTADOS, PRÓPRIOS PARA MONTAGEM EM SUPERFÍCIE (SMD -SU",sim
85414121,ANVISA,"DIODOS EMISSORES DE LUZ (LED), EXCETO DIODOS LASER, PRÓ",sim
85414290,ANVISA,OUTRAS,sim
85414300,INMETRO,-- CÉLULAS FOTOVOLTAICAS MONTADAS EM MÓDULOS OU EM PAIN,sim
85423221,ANVISA,DOS TIPOS RAM ESTÁTICAS (SRAM) COM TEMPO DE ACESSO INFE,sim
85431000,CNEN,- Aceleradores de partículas,sim
85432000,ANVISA,- GERADORES DE SINAIS,sim
85437020,INMETRO,Aparelhos para eletrocutar insetos,sim
85437092,INMETRO,Eletrificadores de cercas,sim
85437099,ANVISA,OUTROS,sim
85439010,ANVISA,Das máquinas ou aparelhos da subposição 8543.70,sim
85439090,CNEN,Outras,sim
85439090,ANVISA,OUTRAS,sim
85441990,ANVISA,Outros,sim
85442000,ANVISA,- Cabos coaxiais e outros condutores elétricos coaxiais,sim
85443000,ANVISA,- Jogos de fios para velas de ignição e outros jogos de fios do tipo utilizado em quaisquer veículos,sim
85444200,INMETRO,-- Munidos de peças de conexão,sim
85444200,ANVISA,-- Munidos de peças de conexão,sim
85444900,INMETRO,-- Outros,sim
85444900,ANVISA,-- Outros,sim
85446000,ANVISA,"- Outros condutores elétricos, para uma tensão superior a 1.000 V",sim
85447030,ANVISA,COM REVESTIMENTO EXTERNO DE ALUMÍNIO,sim
85447090,ANVISA,OUTROS,sim
85452000,ANVISA,- ESCOVAS,sim
85469000,ANVISA,- OUTROS,sim
85491100,IBAMA,"-- DESPERDÍCIOS E RESÍDUOS, E SUCATA, DE ACUMULADORES D",sim
85491200,IBAMA,"-- OUTROS, QUE CONTENHAM CHUMBO, CÁDMIO OU MERCÚRIO",sim
85491300,IBAMA,-- SELECIONADOS POR TIPO DE COMPONENTE QUÍMICO E QUE NÃ,sim
85491400,IBAMA,"-- NÃO SELECIONADOS E QUE NÃO CONTENHAM CHUMBO, CÁDMIO",sim
85491900,IBAMA,-- OUTROS,sim
85492100,IBAMA,"-- QUE CONTENHAM PILHAS, BATERIAS DE PILHAS OU ACUMULAD",sim
85492900,IBAMA,-- OUTROS,sim
85493100,IBAMA,"-- QUE CONTENHAM PILHAS, BATERIAS DE PILHAS OU ACUMULAD",sim
85493900,IBAMA,-- OUTRAS,sim
85499100,IBAMA,"-- QUE CONTENHAM PILHAS, BATERIAS DE PILHAS OU ACUMULAD",sim
85499900,IBAMA,-- OUTROS,sim
86011000,DECEX,- DE FONTE EXTERNA DE ELETRICIDADE,sim
86012000,DECEX,- DE ACUMULADORES ELÉTRICOS,sim
86021000,DECEX,- LOCOMOTIVAS DIESEL-ELÉTRICAS,sim
86029000,DECEX,- OUTROS,sim
86061000,DECEX,- VAGÕES-TANQUE (VAGÕES-CISTERNA) E SEMELHANTES,sim
86063000,DECEX,"- VAGÕES DE DESCARGA AUTOMÁTICA, EXCETO OS DA SUBPOSIÇÃ",sim
86069100,DECEX,-- COBERTOS E FECHADOS,sim
86069200,DECEX,"-- ABERTOS, COM PAREDES FIXAS DE ALTURA SUPERIOR A 60 C",sim
86069900,DECEX,-- OUTROS,sim
87011000,IBAMA,- Tratores de eixo único,sim
87012100,DECEX,-- UNICAMENTE COM MOTOR DE PISTÃO DE IGNIÇÃO POR COMPRE,sim
87012100,IBAMA,-- UNICAMENTE COM MOTOR DE PISTÃO DE IGNIÇÃO POR COMPRE,sim
87012200,DECEX,"-- EQUIPADOS PARA PROPULSÃO, SIMULTANEAMENTE, COM MOTOR",sim
87012200,IBAMA,"-- EQUIPADOS PARA PROPULSÃO, SIMULTANEAMENTE, COM MOTOR",sim
87012300,DECEX,"-- EQUIPADOS PARA PROPULSÃO, SIMULTANEAMENTE, COM MOTOR",sim
87012300,IBAMA,"-- EQUIPADOS PARA PROPULSÃO, SIMULTANEAMENTE, COM MOTOR",sim
87012400,DECEX,-- UNICAMENTE COM MOTOR ELÉTRICO PARA PROPULSÃO,sim
87012900,DECEX,-- OUTROS,sim
87012900,IBAMA,-- OUTROS,sim
87013000,IBAMA,- TRATORES DE LAGARTAS (ESTEIRAS),sim
87019200,IBAMA,"-- Superior a 18 kW, mas não superior a 37 kW",sim
87019300,IBAMA,"-- Superior a 37 kW, mas não superior a 75 kW",sim
87019410,IBAMA,Tratores especialmente concebidos para arrastar troncos (log skidders),sim
87019490,IBAMA,Outros,sim
87019510,IBAMA,Tratores especialmente concebidos para arrastar troncos (log skidders),sim
87019590,IBAMA,Outros,sim
87021000,DECEX,- UNICAMENTE COM MOTOR DE PISTÃO DE IGNIÇÃO POR COMPRES,sim
87022000,EXERCITO,"- Equipados para propulsão, simultaneamente, com um motor de pistão de ignição por compressão (diesel ou semidiesel) e um motor elétrico",sim
87023000,EXERCITO,"- Equipados para propulsão, simultaneamente, com um motor de pistão alternativo de ignição por centelha (faísca*) e um motor elétrico",sim
87024090,EXERCITO,Outros,sim
87029000,EXERCITO,- Outros,sim
87029000,ANVISA,- OUTROS,sim
87032100,EXERCITO,-- De cilindrada não superior a 1.000 cm3,sim
87032210,EXERCITO,"Com capacidade de transporte de pessoas sentadas inferior ou igual a seis, incluindo o motorista",sim
87032210,MIN.DEFESA,COM CAPACIDADE DE TRANSPORTE DE PESSOAS SENTADAS INFERI,sim
87032290,EXERCITO,Outros,sim
87032290,MIN.DEFESA,OUTROS,sim
87032310,EXERCITO,"Com capacidade de transporte de pessoas sentadas inferior ou igual a seis, incluindo o motorista",sim
87032310,MIN.DEFESA,COM CAPACIDADE DE TRANSPORTE DE PESSOAS SENTADAS INFERI,sim
87032390,EXERCITO,Outros,sim
87032390,MIN.DEFESA,OUTROS,sim
87032410,EXERCITO,"Com capacidade de transporte de pessoas sentadas inferior ou igual a seis, incluindo o motorista",sim
87032410,MIN.DEFESA,COM CAPACIDADE DE TRANSPORTE DE PESSOAS SENTADAS INFERI,sim
87032490,EXERCITO,Outros,sim
87032490,MIN.DEFESA,OUTROS,sim
87033110,EXERCITO,"Com capacidade de transporte de pessoas sentadas inferior ou igual a seis, incluindo o motorista",sim
87033110,MIN.DEFESA,COM CAPACIDADE DE TRANSPORTE DE PESSOAS SENTADAS INFERI,sim
87033190,EXERCITO,Outros,sim
87033190,MIN.DEFESA,OUTROS,sim
87033210,EXERCITO,"Com capacidade de transporte de pessoas sentadas inferior ou igual a seis, incluindo o motorista",sim
87033290,EXERCITO,Outros,sim
87033290,MIN.DEFESA,OUTROS,sim
87033310,MIN.DEFESA,COM CAPACIDADE DE TRANSPORTE DE PESSOAS SENTADAS INFERI,sim
87033310,EXERCITO,"Com capacidade de transporte de pessoas sentadas inferior ou igual a seis, incluindo o motorista",sim
87033390,EXERCITO,Outros,sim
87034000,EXERCITO,"- Outros veículos, equipados para propulsão, simultaneamente, com um motor de pistão alternativo de ignição por centelha (faísca*) e um motor elétrico, exceto os suscetíveis de serem carregados por conexão a uma fonte externa de energia elétrica",sim
87035000,EXERCITO,"- Outros veículos, equipados para propulsão, simultaneamente, com um motor de pistão de ignição por compressão (diesel ou semidiesel) e um motor elétrico, exceto os suscetíveis de serem carregados por conexão a uma fonte externa de energia elétrica",sim
87036000,EXERCITO,"- Outros veículos, equipados para propulsão, simultaneamente, com um motor de pistão alternativo de ignição por centelha (faísca*) e um motor elétrico, suscetíveis de serem carregados por conexão a uma fonte externa de energia elétrica",sim
87037000,EXERCITO,"- Outros veículos, equipados para propulsão, simultaneamente, com um motor de pistão de ignição por compressão (diesel ou semidiesel) e um motor elétrico, suscetíveis de serem carregados por conexão a uma fonte externa de energia elétrica",sim
87038000,EXERCITO,"- Outros veículos, equipados unicamente com motor elétrico para propulsão",sim
87039000,EXERCITO,- Outros,sim
87042190,EXERCITO,Outros,sim
87042190,MIN.DEFESA,OUTROS,sim
87042190,DECEX,OUTROS,sim
87042210,DECEX,Chassis com motor e cabina,sim
87042290,DECEX,Outros,sim
87042310,DECEX,Chassis com motor e cabina,sim
87042390,DECEX,Outros,sim
87049000,DECEX,- Outros,sim
87059090,CNEN,Outros,sim
87059090,EXERCITO,Outros,sim
87071000,EXERCITO,- Para os veículos da posição 87.03,sim
87079090,INMETRO,Outras,sim
87079090,EXERCITO,Outras,sim
87082200,EXERCITO,"-- PARA-BRISAS, VIDROS TRASEIROS E OUTROS VIDROS ESPECI",sim
87082999,EXERCITO,Outros,sim
87083019,INMETRO,OUTRAS,sim
87085099,INMETRO,Outras,sim
87087090,INMETRO,Outros,sim
87088000,INMETRO,- Sistemas de suspensão e suas partes (incluindo os amortecedores de suspensão),sim
87089490,INMETRO,PARTES,sim
87089990,INMETRO,Outros,sim
87091100,DECEX,-- Elétricos,sim
87091900,DECEX,-- Outros,sim
87100000,EXERCITO,"Veículos e carros blindados de combate, armados ou não, e suas partes.",sim
87100000,MIN.DEFESA,"TANQUES E OUTROS VEÍCULOS BLINDADOS DE COMBATE, ARMADOS",sim
87120010,INMETRO,Bicicletas,sim
87141000,INMETRO,- DE MOTOCICLETAS (INCLUINDO OS CICLOMOTORES),sim
87149100,INMETRO,"-- QUADROS E GARFOS, E SUAS PARTES",sim
87149200,INMETRO,-- AROS E RAIOS,sim
87149410,INMETRO,CUBOS DE FREIOS (TRAVÕES),sim
87149490,INMETRO,OUTROS,sim
87149611,INMETRO,PEDALEIROS COM PEDIVELAS DE PEÇA ÚNICA (MONOBLOCO),sim
87149612,INMETRO,PEDIVELAS DE PEÇA ÚNICA (MONOBLOCO),sim
87149619,INMETRO,OUTROS,sim
87149690,INMETRO,OUTROS,sim
87149990,INMETRO,OUTROS,sim
87150000,INMETRO,"Carrinhos e veículos semelhantes para transporte de crianças, e suas partes.",sim
87163100,INMETRO,-- Cisternas,sim
87163900,DECEX,-- Outros,sim
87163900,INMETRO,-- Outros,sim
87164000,DECEX,- Outros reboques e semirreboques,sim
87164000,INMETRO,- Outros reboques e semirreboques,sim
87168000,DECEX,- Outros veículos,sim
87168000,ANVISA,- OUTROS VEÍCULOS,sim
87169090,INMETRO,Outras,sim
87169090,ANVISA,OUTRAS,sim
88010000,MIN.DEFESA,"BALÕES E DIRIGÍVEIS; PLANADORES, ASAS VOADORAS E OUTROS",sim
88021100,EXERCITO,"-- DE PESO NÃO SUPERIOR A 2.000 KG, VAZIOS (SEM CARGA)",sim
88021100,MIN.DEFESA,"-- DE PESO NÃO SUPERIOR A 2.000 KG, VAZIOS (SEM CARGA)",sim
88021210,MIN.DEFESA,DE PESO NÃO SUPERIOR A 3.500 KG,sim
88021290,MIN.DEFESA,OUTROS,sim
88022010,MIN.DEFESA,A HÉLICE,sim
88022021,MIN.DEFESA,MONOMOTORES,sim
88022022,MIN.DEFESA,MULTIMOTORES,sim
88022090,MIN.DEFESA,OUTROS,sim
88023010,MIN.DEFESA,A HÉLICE,sim
88023021,MIN.DEFESA,"MULTIMOTORES, DE PESO NÃO SUPERIOR A 7.000 KG, VAZIOS (",sim
88023029,MIN.DEFESA,OUTROS,sim
88023031,MIN.DEFESA,"DE PESO NÃO SUPERIOR A 7.000 KG, VAZIOS (SEM CARGA)",sim
88023039,MIN.DEFESA,OUTROS,sim
88023090,MIN.DEFESA,OUTROS,sim
88024010,MIN.DEFESA,A TURBOÉLICE,sim
88024090,MIN.DEFESA,OUTROS,sim
88026000,MIN.DEFESA,- VEÍCULOS ESPACIAIS (INCLUINDO OS SATÉLITES) E SEUS VE,sim
88040000,MIN.DEFESA,PARAQUEDAS (INCLUINDO OS PARAQUEDAS DIRIGÍVEIS E OS PAR,sim
88052100,MIN.DEFESA,-- SIMULADORES DE COMBATE AÉREO E SUAS PARTES,sim
88052900,MIN.DEFESA,-- OUTROS,sim
88062100,INMETRO,-- DE PESO MÁXIMO DE DECOLAGEM NÃO SUPERIOR A 250 G,sim
88069900,MIN.DEFESA,-- OUTROS,sim
88071000,MIN.DEFESA,"- HÉLICES E ROTORES, E SUAS PARTES",sim
88072000,MIN.DEFESA,- TRENS DE ATERRISSAGEM (ATERRAGEM) E SUAS PARTES,sim
88073000,MIN.DEFESA,"- OUTRAS PARTES DE AVIÕES, DE HELICÓPTEROS OU DE VEÍCUL",sim
88079000,MIN.DEFESA,- OUTRAS,sim
89061000,MIN.DEFESA,- NAVIOS DE GUERRA,sim
89069000,MIN.DEFESA,- OUTRAS,sim
89071000,MIN.DEFESA,- BALSAS INFLÁVEIS,sim
89079000,MIN.DEFESA,- OUTRAS,sim
90011020,ANVISA,Feixes e cabos de fibras ópticas,sim
90012000,ANVISA,- MATÉRIAS POLARIZANTES EM FOLHAS OU EM PLACAS,sim
90013000,ANVISA,- Lentes de contato,sim
90022090,ANVISA,OUTROS,sim
90029010,ANVISA,"COMUTADORES (SWITCHES) OPTOMECÂNICOS, DO TIPO UTILIZADO",sim
90029090,ANVISA,OUTROS,sim
90049090,EXERCITO,Outros,sim
90058000,EXERCITO,- Outros instrumentos,sim
90131010,EXERCITO,Miras telescópicas para armas,sim
90131090,EXERCITO,OUTROS,sim
90132000,ANVISA,"- LASERS, EXCETO DIODOS LASER",sim
90138000,EXERCITO,"- OUTROS DISPOSITIVOS, APARELHOS E INSTRUMENTOS",sim
90142010,MIN.DEFESA,ALTÍMETROS,sim
90142020,MIN.DEFESA,PILOTOS AUTOMÁTICOS,sim
90142090,MIN.DEFESA,OUTROS,sim
90172000,INMETRO,"- Outros instrumentos de desenho, de traçado ou de cálculo",sim
90173010,ANVISA,MICRÔMETROS,sim
90178010,INMETRO,Metros,sim
90178090,INMETRO,Outros,sim
90189010,ANVISA,Para transfusão de sangue ou infusão intravenosa,sim
90189061,INMETRO,QUE CONTENHAM MERCÚRIO,sim
90189069,INMETRO,OUTROS,sim
90191000,INMETRO,- Aparelhos de mecanoterapia; aparelhos de massagem; aparelhos de psicotécnica,sim
90200010,EXERCITO,Máscaras contra gases,sim
90221419,ANVISA,Outros,sim
90221490,CNEN,Outros,sim
90221910,CNEN,Espectrômetros ou espectrógrafos de raios X,sim
90221910,DECEX,Espectrômetros ou espectrógrafos de raios X,sim
90221991,CNEN,"Do tipo utilizado para inspeção de bagagens, com túnel de altura inferior ou igual a 0,4 m, largura inferior ou igual a 0,6 m e comprimento inferior ou igual a 1,2 m",sim
90221991,DECEX,"Do tipo utilizado para inspeção de bagagens, com túnel de altura inferior ou igual a 0,4 m, largura inferior ou igual a 0,6 m e comprimento inferior ou igual a 1,2 m",sim
90221999,CNEN,Outros,sim
90221999,DECEX,Outros,sim
90222110,CNEN,Aparelhos de radiocobalto (bombas de cobalto),sim
90222120,CNEN,"OUTROS, PARA GAMATERAPIA",sim
90222190,CNEN,OUTROS,sim
90222910,CNEN,"Para detecção do nível de enchimento ou tampas faltantes, em latas de bebidas, por meio de raios gama",sim
90222990,CNEN,Outros,sim
90223000,CNEN,- Tubos de raios X,sim
90229080,CNEN,Outros,sim
90229091,CNEN,DE APARELHOS DE RAIOS X,sim
90229099,CNEN,OUTROS,sim
90230000,ANVISA,"INSTRUMENTOS, APARELHOS E MODELOS, CONCEBIDOS PARA DEMO",sim
90248090,ANVISA,OUTROS,sim
90251111,INMETRO,QUE CONTENHAM MERCÚRIO,sim
90251191,INMETRO,QUE CONTENHAM MERCÚRIO,sim
90251199,INMETRO,OUTROS,sim
90251990,ANVISA,Outros,sim
90258000,INMETRO,- Outros instrumentos,sim
90261019,CNEN,OUTROS,sim
90261019,ANVISA,OUTROS,sim
90261029,DECEX,Outros,sim
90261029,CNEN,Outros,sim
90261029,ANVISA,OUTROS,sim
90262010,INMETRO,Manômetros,sim
90262010,ANVISA,Manômetros,sim
90262090,ANVISA,OUTROS,sim
90269010,CNEN,De instrumentos e aparelhos para medida ou controle do nível,sim
90269020,ANVISA,DE MANÔMETROS,sim
90269090,ANVISA,OUTROS,sim
90271000,CNEN,- Analisadores de gases ou de fumaça (fumos*),sim
90271000,INMETRO,- Analisadores de gases ou de fumaça (fumos*),sim
90272011,CNEN,De fase gasosa,sim
90272012,CNEN,De fase líquida,sim
90272012,ANVISA,DE FASE LÍQUIDA,sim
90272019,CNEN,Outros,sim
90272021,ANVISA,Sequenciadores automáticos de ADN mediante eletroforese capilar,sim
90272029,ANVISA,Outros,sim
90273019,ANVISA,OUTROS,sim
90273020,ANVISA,Espectrofotômetros,sim
90275010,ANVISA,Colorímetros,sim
90275020,ANVISA,Fotômetros,sim
90275030,ANVISA,Refratômetros,sim
90275040,ANVISA,Sacarímetros,sim
90275050,ANVISA,Citômetro de fluxo,sim
90275090,ANVISA,Outros,sim
90278100,ANVISA,-- ESPECTRÔMETROS DE MASSA,sim
90278999,CNEN,OUTROS,sim
90278999,INMETRO,OUTROS,sim
90278999,ANVISA,OUTROS,sim
90279010,ANVISA,Micrótomos,sim
90279091,ANVISA,"DE ESPECTRÔMETROS E ESPECTRÓGRAFOS, DE EMISSÃO ATÔMICA",sim
90279099,ANVISA,Outros,sim
90281011,INMETRO,Do tipo utilizado em postos (estações) de serviço ou garagens,sim
90281019,INMETRO,Outros,sim
90281090,INMETRO,Outros,sim
90282010,INMETRO,De peso inferior ou igual a 50 kg,sim
90282020,INMETRO,De peso superior a 50 kg,sim
90283019,INMETRO,Outros,sim
90283029,INMETRO,Outros,sim
90283039,INMETRO,Outros,sim
90291010,INMETRO,"Contadores de voltas, contadores de produção ou de horas de trabalho",sim
90291090,INMETRO,Outros,sim
90292010,INMETRO,Indicadores de velocidade e tacômetros,sim
90292020,ANVISA,ESTROBOSCÓPIOS,sim
90299010,INMETRO,De indicadores de velocidade e tacômetros,sim
90318011,ANVISA,DINAMÔMETROS,sim
90318060,ANVISA,CÉLULAS DE CARGA,sim
90318091,CNEN,"Para controle dimensional de pneumáticos, em condições de carga",sim
90318099,EXERCITO,Outros,sim
90318099,CNEN,Outros,sim
90318099,ANVISA,Outros,sim
90319090,ANVISA,Outros,sim
90322000,ANVISA,- MANOSTATOS (PRESSOSTATOS),sim
90328911,INMETRO,ELETRÔNICOS,sim
90328919,INMETRO,Outros,sim
90328921,INMETRO,De sistemas antibloqueantes de freio (travão) (ABS),sim
90328981,ANVISA,DE PRESSÃO,sim
90330000,ANVISA,PARTES E ACESSÓRIOS NÃO ESPECIFICADOS NEM COMPREENDIDOS,sim
91011100,IBAMA,-- De mostrador exclusivamente mecânico,sim
91011900,IBAMA,-- Outros,sim
91012100,IBAMA,-- De corda automática,sim
91012900,IBAMA,-- Outros,sim
91019100,IBAMA,-- FUNCIONANDO ELETRICAMENTE,sim
91019900,IBAMA,-- OUTROS,sim
91021110,IBAMA,Com caixa de metal comum,sim
91021190,IBAMA,Outros,sim
91021210,IBAMA,Com caixa de metal comum,sim
91021220,IBAMA,"Com caixa de plástico, exceto as reforçadas com fibra de vidro",sim
91021290,IBAMA,Outros,sim
91021900,IBAMA,-- Outros,sim
91022100,IBAMA,-- De corda automática,sim
91022900,IBAMA,-- Outros,sim
91029100,IBAMA,-- FUNCIONANDO ELETRICAMENTE,sim
91029900,IBAMA,-- OUTROS,sim
91031000,INMETRO,- FUNCIONANDO ELETRICAMENTE,sim
91031000,ANVISA,- Funcionando eletricamente,sim
91039000,ANVISA,- Outros,sim
91139000,IBAMA,- Outras,sim
92079010,IBAMA,Guitarras e contrabaixos,sim
92081000,INMETRO,- CAIXAS DE MÚSICA,sim
92099200,IBAMA,-- Partes e acessórios de instrumentos musicais da posição 92.02,sim
92099400,IBAMA,-- Partes e acessórios de instrumentos musicais da posição 92.07,sim
92099900,IBAMA,-- Outros,sim
93011000,EXERCITO,"- Peças de artilharia (por exemplo, canhões, obuses e morteiros)",sim
93011000,MIN.DEFESA,"- PEÇAS DE ARTILHARIA (POR EXEMPLO, CANHÕES, OBUSES E M",sim
93012000,EXERCITO,- Lança-mísseis; lança-chamas; lança-granadas; lança-torpedos e lançadores semelhantes,sim
93012000,MIN.DEFESA,- LANÇA-MÍSSEIS; LANÇA-CHAMAS; LANÇA-GRANADAS; LANÇA-TO,sim
93019000,EXERCITO,- Outras,sim
93019000,MIN.DEFESA,- OUTRAS,sim
93020000,EXERCITO,"Revólveres e pistolas, exceto os das posições 93.03 ou 93.04.",sim
93020000,MIN.DEFESA,"REVÓLVERES E PISTOLAS, EXCETO OS DAS POSIÇÕES 93.03 OU",sim
93031000,EXERCITO,- Armas de fogo carregáveis exclusivamente pela boca,sim
93032000,EXERCITO,"- Outras espingardas e carabinas de caça ou de tiro ao alvo, com pelo menos um cano liso",sim
93033000,EXERCITO,- Outras espingardas e carabinas de caça ou de tiro ao alvo,sim
93039010,EXERCITO,"Lançadores do tipo utilizado com cartuchos dos itens 9306.21.10, 9306.21.20 ou 9306.21.30",sim
93039010,MIN.DEFESA,LANÇADORES DO TIPO UTILIZADO COM CARTUCHOS DOS ITENS 93,sim
93039090,EXERCITO,Outros,sim
93040010,EXERCITO,"Recipientes do tipo aerossol que contenham produtos químicos ou oleorresina de Capsicum, com fins irritantes",sim
93040010,MIN.DEFESA,RECIPIENTES DO TIPO AEROSSOL QUE CONTENHAM PRODUTOS QUÍ,sim
93040090,EXERCITO,Outras,sim
93040090,MIN.DEFESA,OUTRAS,sim
93051000,EXERCITO,- De revólveres ou pistolas,sim
93052000,EXERCITO,- De espingardas ou carabinas da posição 93.03,sim
93059100,EXERCITO,-- De armas de guerra da posição 93.01,sim
93059100,MIN.DEFESA,-- DE ARMAS DE GUERRA DA POSIÇÃO 93.01,sim
93059900,EXERCITO,-- Outros,sim
93062110,MIN.DEFESA,QUE CONTENHAM PRODUTOS QUÍMICOS OU OLEORRESINA DECAPSIC,sim
93062110,EXERCITO,"Que contenham produtos químicos ou oleorresina de Capsicum, com fins irritantes",sim
93062120,EXERCITO,"Outros, que produzem efeitos fumígenos, de iluminação, de som ou de identificação mediante tintas ou corantes",sim
93062130,EXERCITO,"Outros, com um ou mais projéteis de elastômeros",sim
93062190,EXERCITO,Outros,sim
93063000,EXERCITO,- Outros cartuchos e suas partes,sim
93063000,MIN.DEFESA,- OUTROS CARTUCHOS E SUAS PARTES,sim
93069010,EXERCITO,"Granadas que contenham produtos químicos ou oleorresina de Capsicum, com fins irritantes",sim
93069020,EXERCITO,"Outras granadas, que produzem efeitos fumígenos, de iluminação, de som ou de identificação mediante tintas ou corantes",sim
93069090,EXERCITO,Outros,sim
93069090,MIN.DEFESA,OUTROS,sim
94011010,MIN.DEFESA,EJETÁVEIS,sim
94011090,MIN.DEFESA,OUTROS,sim
94012000,INMETRO,- ASSENTOS DO TIPO UTILIZADO EM VEÍCULOS AUTOMÓVEIS,sim
94016100,INMETRO,-- Estofados,sim
94016900,INMETRO,-- Outros,sim
94017100,INMETRO,-- Estofados,sim
94017900,INMETRO,-- Outros,sim
94018000,INMETRO,- Outros assentos,sim
94019100,IBAMA,-- DE MADEIRA,sim
94019900,INMETRO,-- OUTRAS,sim
94021000,ANVISA,"- Cadeiras de dentista, cadeiras para salões de cabeleireiro e cadeiras semelhantes, e suas partes",sim
94029010,ANVISA,Mesas de operação,sim
94029020,ANVISA,Camas dotadas de mecanismos para usos clínicos,sim
94029090,ANVISA,OUTROS,sim
94032090,INMETRO,OUTROS,sim
94035000,INMETRO,"- Móveis de madeira, do tipo utilizado em quartos de dormir",sim
94037000,INMETRO,- Móveis de plástico,sim
94038200,INMETRO,-- De bambu,sim
94038300,INMETRO,-- De rotim,sim
94038900,INMETRO,-- Outros,sim
94039100,IBAMA,-- DE MADEIRA,sim
94042100,INMETRO,"-- DE BORRACHA ALVEOLAR OU DE PLÁSTICO ALVEOLAR, MESMO",sim
94042900,INMETRO,-- DE OUTRAS MATÉRIAS,sim
94051110,ANVISA,"FOCOS CIRÚRGICOS (LUZES SEM SOMBRA, DO TIPO UTILIZADO E",sim
94051910,ANVISA,"FOCOS CIRÚRGICOS (LUZES SEM SOMBRA, DO TIPO UTILIZADO E",sim
94054200,INMETRO,"-- OUTROS, CONCEBIDOS PARA SEREM UTILIZADOS UNICAMENTE",sim
94054900,INMETRO,-- OUTROS,sim
94054900,ANVISA,-- OUTROS,sim
94059900,ANVISA,-- OUTRAS,sim
94061010,MAPA,Estufas,sim
94061090,MAPA,Outras,sim
95030010,INMETRO,"TRICICLOS, PATINETES, CARROS DE PEDAIS E OUTROS BRINQUE",sim
95030099,EXERCITO,Outros,sim
95042000,INMETRO,- BILHARES DE QUALQUER ESPÉCIE E SEUS ACESSÓRIOS,sim
95043000,DECEX,"- Outros jogos que funcionem por introdução de moedas, notas, cartões de banco, fichas ou por outros meios de pagamento, exceto os jogos de balizas (pinos*) automáticos (boliche)",sim
95043000,INMETRO,"- OUTROS JOGOS QUE FUNCIONEM POR INTRODUÇÃO DE MOEDAS,",sim
95044000,INMETRO,- Cartas de jogar,sim
95045000,DECEX,"- Consoles e máquinas de jogos de vídeo, exceto os classificados na subposição 9504.30",sim
95045000,INMETRO,"- CONSOLES E MÁQUINAS DE JOGOS DE VÍDEO, EXCETO OS CLAS",sim
95049010,INMETRO,JOGOS DE BALIZAS (PINOS) AUTOMÁTICOS (BOLICHE),sim
95049090,DECEX,Outros,sim
95049090,INMETRO,OUTROS,sim
95051000,INMETRO,- ARTIGOS PARA FESTAS DE NATAL,sim
95059000,INMETRO,- OUTROS,sim
95062900,INMETRO,-- OUTROS,sim
95064000,INMETRO,- ARTIGOS E EQUIPAMENTOS PARA TÊNIS DE MESA,sim
95066200,INMETRO,-- Infláveis,sim
95066900,INMETRO,-- OUTRAS,sim
95067000,INMETRO,"- PATINS PARA GELO E PATINS DE RODAS, INCLUINDO OS FIXA",sim
95069100,INMETRO,"-- ARTIGOS E EQUIPAMENTOS PARA CULTURA FÍSICA, GINÁSTIC",sim
95069100,ANVISA,"-- Artigos e equipamentos para cultura física, ginástica ou atletismo",sim
95069900,INMETRO,-- Outros,sim
95081000,IBAMA,- Circos ambulantes e coleções de animais ambulantes,sim
96011000,IBAMA,- Marfim trabalhado e obras de marfim,sim
96019000,IBAMA,- Outros,sim
96020010,ANVISA,Cápsulas de gelatinas digeríveis,sim
96032100,ANVISA,"-- Escovas de dentes, incluindo as escovas para dentaduras",sim
96032900,IBAMA,-- OUTROS,sim
96033000,IBAMA,"- PINCÉIS E ESCOVAS, PARA ARTISTAS, PINCÉIS DE ESCREVER",sim
96034010,IBAMA,ROLOS,sim
96034090,IBAMA,OUTROS,sim
96035000,IBAMA,"- OUTRAS ESCOVAS QUE CONSTITUAM PARTES DE MÁQUINAS, DE",sim
96035000,ANVISA,"- OUTRAS ESCOVAS QUE CONSTITUAM PARTES DE MÁQUINAS, DE",sim
96039000,IBAMA,- OUTROS,sim
96062100,ANVISA,"-- DE PLÁSTICO, NÃO RECOBERTOS DE MATÉRIAS TÊXTEIS",sim
96062900,ANVISA,-- OUTROS,sim
96081000,INMETRO,- Canetas esferográficas,sim
96082000,INMETRO,"- Canetas e marcadores, com ponta de feltro ou com outras pontas porosas",sim
96084000,INMETRO,- Lapiseiras,sim
96085000,INMETRO,"- SORTIDOS DE ARTIGOS DE, PELO MENOS, DUAS DAS SUBPOSIÇ",sim
96091000,INMETRO,- Lápis,sim
96099000,INMETRO,- Outros,sim
96100000,INMETRO,"Lousas e quadros para escrever ou desenhar, mesmo emoldurados.",sim
96110000,INMETRO,"Carimbos, incluindo os datadores e numeradores, sinetes e artigos semelhantes (incluindo os aparelhos para impressão de etiquetas), manuais; dispositivos manuais de composição tipográfica e jogos de impressão manuais que contenham tais dispositivos.",sim
96121000,ANVISA,- FITAS IMPRESSORAS,sim
96131000,INMETRO,"- ISQUEIROS DE BOLSO, A GÁS, NÃO RECARREGÁVEIS",sim
96190000,ANVISA,"Absorventes (Pensos*) e tampões higiênicos, cueiros e fraldas para bebês e artigos higiênicos semelhantes, de qualquer matéria.",sim
96200000,DECEX,"Monopés, bipés, tripés e artigos semelhantes.",sim
97031000,MAPA,- COM MAIS DE 100 ANOS,sim
97039000,MAPA,- OUTRAS,sim
97051000,EXERCITO,- COLEÇÕES E PEÇAS DE COLEÇÃO QUE APRESENTEM UM INTERES,sim
97052200,MAPA,"-- ESPÉCIES EXTINTAS OU AMEAÇADAS DE EXTINÇÃO, E SUAS P",sim
97052200,IBAMA,"-- ESPÉCIES EXTINTAS OU AMEAÇADAS DE EXTINÇÃO, E SUAS P",sim
97052900,MAPA,-- OUTRAS,sim
97052900,IBAMA,-- OUTRAS,sim
97053100,IBAMA,-- COM MAIS DE 100 ANOS,sim
97053900,IBAMA,-- OUTRAS,sim
09,ANVISA,"Café, chá, mate e especiarias.",sim
16,ANVISA,"Preparações de carne, de peixes ou de crustáceos, de moluscos ou de outros invertebrados aquáticos.",sim
44,MAPA,"Madeira, carvão vegetal e obras de madeira.",sim
0712,MAPA,"Produtos hortícolas secos, mesmo cortados em pedaços ou fatias, ou ainda triturados ou em pó, mas sem qualquer outro preparo.",sim
1504,MAPA,"Gorduras, óleos e respectivas frações, de peixes ou de mamíferos marinhos, mesmo refinados, mas não quimicamente modificados.",sim
1517,MAPA,"Margarina; misturas ou preparações alimentícias de gorduras ou de óleos animais ou vegetais ou de frações das diferentes gorduras ou óleos do presente Capítulo, exceto as gorduras e óleos alimentícios e respectivas frações da posição 15.16.",sim
2002,ANVISA,"Tomates preparados ou conservados, exceto em vinagre ou em ácido acético.",sim
2003,ANVISA,"Cogumelos e trufas, preparados ou conservados, exceto em vinagre ou em ácido acético.",sim
2004,ANVISA,"Outros produtos hortícolas preparados ou conservados, exceto em vinagre ou em ácido acético, congelados, com exceção dos produtos da posição 20.06.",sim
2005,ANVISA,"Outros produtos hortícolas preparados ou conservados, exceto em vinagre ou em ácido acético, não congelados, com exceção dos produtos da posição 20.06.",sim
2007,ANVISA,"Doces, geleias, marmelades, purês e pastas de fruta, obtidos por cozimento, mesmo com adição de açúcar ou de outros edulcorantes.",sim
2008,ANVISA,"Fruta e outras partes comestíveis de plantas, preparadas ou conservadas de outro modo, mesmo com adição de açúcar ou de outros edulcorantes ou de álcool, não especificadas nem compreendidas noutras posições.",sim
2524,IBAMA,Amianto.,sim
5302,ANVISA,"Cânhamo (Cannabis sativa L.), em bruto ou trabalhado, mas não fiado; estopas e desperdícios de cânhamo (incluindo os desperdícios de fios e os fiapos).",sim
8701,DECEX,Tratores (exceto os carros-tratores da posição 87.09).,sim
9402,ANVISA,"Mobiliário para medicina, cirurgia, odontologia ou veterinária (por exemplo, mesas de operação, mesas de exames, camas dotadas de mecanismos para usos clínicos, cadeiras de dentista); cadeiras para salões de cabeleireiro e cadeiras semelhantes, com dispositivos de orientação e de elevação; suas partes.",sim
120400,MAPA,"Linhaça (sementes de linho), mesmo triturada.",sim
120600,MAPA,"Sementes de girassol, mesmo trituradas.",sim
150500,MAPA,"Suarda e substâncias gordas dela derivadas, incluindo a lanolina.",sim
151800,MAPA,"Gorduras e óleos animais ou vegetais e respectivas frações, cozidos, oxidados, desidratados, sulfurados, aerados (soprados*), estandolizados ou modificados quimicamente por qualquer outro processo, com exclusão dos da posição 15.16; misturas ou preparações não alimentícias, de gorduras ou de óleos animais ou vegetais ou de frações de diferentes gorduras ou óleos do presente Capítulo, não especificadas nem compreendidas noutras posições.",sim
220600,MAPA,"Outras bebidas fermentadas (por exemplo, sidra, perada, hidromel, saquê); misturas de bebidas fermentadas e misturas de bebidas fermentadas com bebidas não alcoólicas, não especificadas nem compreendidas noutras posições.",sim
250300,MAPA,"Enxofre de qualquer espécie, exceto o enxofre sublimado, o precipitado e o coloidal.",sim
350300,ANVISA,"Gelatinas (incluindo as apresentadas em folhas de forma quadrada ou retangular, mesmo trabalhadas na superfície ou coradas) e seus derivados; ictiocola; outras colas de origem animal, exceto colas de caseína da posição 35.01.",sim
350400,ANVISA,"Peptonas e seus derivados; outras matérias proteicas e seus derivados, não especificados nem compreendidos noutras posições; pó de peles, tratado ou não pelo cromo.",sim
360300,EXERCITO,"Estopins e rastilhos, de segurança; cordéis (cordões) detonantes; escorvas e cápsulas fulminantes; inflamadores; detonadores elétricos.",sim
380400,IBAMA,"Lixívias residuais da fabricação das pastas de celulose, mesmo concentradas, desaçucaradas ou tratadas quimicamente, incluindo os lignossulfonatos, mas excluindo o tall oil da posição 38.03.",sim
381400,ANP,"Solventes e diluentes orgânicos compostos, não especificados nem compreendidos noutras posições; preparações concebidas para remover tintas ou vernizes.",sim
511300,IBAMA,Tecidos de pelos grosseiros ou de crina.,sim
520100,MAPA,Algodão não cardado nem penteado.,sim
870600,IBAMA,Chassis com motor para os veículos automóveis das posições 87.01 a 87.05.,sim
950300,INMETRO,"Triciclos, patinetes (trotinetas*), carros de pedais e outros brinquedos semelhantes de rodas; carrinhos para bonecos; bonecos; outros brinquedos; modelos reduzidos e modelos semelhantes para divertimento, mesmo animados; quebra-cabeças (puzzles) de qualquer tipo.",sim
03029100,IBAMA,"-- Fígados, ovas e gônadas masculinas",sim
03035300,DECEX,"-- Sardinhas (Sardina pilchardus, Sardinops spp., Sardinella spp.) (Sardinha (Sardina pilchardus) e sardinelas (Sardinops spp., Sardinella spp.)*), anchoveta (espadilha*) (Sprattus sprattus)",sim
03039100,IBAMA,"-- Fígados, ovas e gônadas masculinas",sim
03051000,IBAMA,"- Farinhas, pós e pellets, de peixe, próprios para alimentação humana",sim
03052000,IBAMA,"- Fígados, ovas e gônadas masculinas, de peixes, secos, defumados (fumados), salgados ou em salmoura",sim
04072100,ANVISA,-- De aves da espécie Gallus domesticus,sim
04072900,ANVISA,-- Outros,sim
04100000,ANVISA,"Produtos comestíveis de origem animal, não especificados nem compreendidos noutras posições.",sim
04100000,MAPA,"Produtos comestíveis de origem animal, não especificados nem compreendidos noutras posições.",sim
08029000,MAPA,- Outra,sim
09041100,DECEX,-- Não triturada nem em pó,sim
09041200,DECEX,-- Triturada ou em pó,sim
10011900,DECEX,-- Outros,sim
10019900,DECEX,-- Outros,sim
10061010,DECEX,Para semeadura,sim
10064000,DECEX,- Arroz quebrado (Trincas de arroz*),sim
11071010,DECEX,Inteiro ou partido,sim
15030000,MAPA,"Estearina solar, óleo de banha de porco, óleo-estearina, óleo-margarina e óleo de sebo, não emulsionados nem misturados, nem preparados de outro modo.",sim
15091000,MAPA,- Virgens,sim
15100000,MAPA,"Outros óleos e respectivas frações, obtidos exclusivamente a partir de azeitonas, mesmo refinados, mas não quimicamente modificados, e misturas desses óleos ou frações com óleos ou frações da posição 15.09.",sim
15132910,DECEX,De amêndoa de palma (palmiste) (coconote),sim
15161000,MAPA,- Gorduras e óleos animais e respectivas frações,sim
15220000,MAPA,Dégras; resíduos provenientes do tratamento das substâncias gordas ou das ceras animais ou vegetais.,sim
16043100,ANVISA,-- Caviar,sim
16043200,ANVISA,-- Sucedâneos de caviar,sim
16052100,ANVISA,-- Não acondicionados em recipientes hermeticamente fechados,sim
16052900,ANVISA,-- Outros,sim
18040000,ANVISA,"Manteiga, gordura e óleo, de cacau.",sim
18050000,ANVISA,"Cacau em pó, sem adição de açúcar ou de outros edulcorantes.",sim
19011030,ANVISA,"À base de farinha, grumos, sêmola ou amido",sim
19012000,ANVISA,"- Misturas e pastas para a preparação de produtos de padaria, pastelaria e da indústria de bolachas e biscoitos, da posição 19.05",sim
19019020,ANVISA,Doce de leite,sim
20029010,ANVISA,Sucos,sim
20029090,ANVISA,Outros,sim
20031000,ANVISA,- Cogumelos do gênero Agaricus,sim
20041000,ANVISA,- Batatas,sim
20059100,ANVISA,-- Brotos (Rebentos*) de bambu,sim
20059900,ANVISA,-- Outros,sim
20060000,ANVISA,"Produtos hortícolas, fruta, cascas de fruta e outras partes de plantas, conservados com açúcar (passados por calda, glaceados ou cristalizados).",sim
20081100,ANVISA,-- Amendoins,sim
20087010,DECEX,"Em água edulcorada, incluindo os xaropes",sim
20087020,ANVISA,Polpa com valor Brix igual ou superior a 20,sim
20087090,DECEX,Outros,sim
21011110,ANVISA,"Café solúvel, mesmo descafeinado",sim
21011190,ANVISA,Outros,sim
21012020,ANVISA,De mate,sim
21013000,ANVISA,"- Chicória torrada e outros sucedâneos torrados do café e respectivos extratos, essências e concentrados",sim
21023000,ANVISA,"- Pós para levedar, preparados",sim
21031010,ANVISA,Em embalagens imediatas de conteúdo inferior ou igual a 1 kg,sim
21031090,ANVISA,Outros,sim
21032010,ANVISA,Em embalagens imediatas de conteúdo inferior ou igual a 1 kg,sim
21032090,ANVISA,Outros,sim
21033010,ANVISA,Farinha de mostarda,sim
21033021,ANVISA,Em embalagens imediatas de conteúdo inferior ou igual a 1 kg,sim
21033029,ANVISA,Outras,sim
21039011,ANVISA,Em embalagens imediatas de conteúdo inferior ou igual a 1 kg,sim
21039019,ANVISA,Outra,sim
21039021,ANVISA,Em embalagens imediatas de conteúdo inferior ou igual a 1 kg,sim
21039029,ANVISA,Outros,sim
21039091,ANVISA,Em embalagens imediatas de conteúdo inferior ou igual a 1 kg,sim
21039099,ANVISA,Outros,sim
21041011,ANVISA,Em embalagens imediatas de conteúdo inferior ou igual a 1 kg,sim
21041019,ANVISA,Outras,sim
21041021,ANVISA,Em embalagens imediatas de conteúdo inferior ou igual a 1 kg,sim
21041029,ANVISA,Outros,sim
21042000,ANVISA,- Preparações alimentícias compostas homogeneizadas,sim
21050010,ANVISA,Em embalagens imediatas de conteúdo inferior ou igual a 2 kg,sim
21050090,ANVISA,Outros,sim
21061000,ANVISA,- Concentrados de proteínas e substâncias proteicas texturizadas,sim
21069021,ANVISA,"Para a fabricação de pudins, em embalagens imediatas de conteúdo inferior ou igual a 1 kg",sim
21069029,ANVISA,Outros,sim
21069040,ANVISA,Misturas à base de ascorbato de sódio e glucose próprias para embutidos,sim
21069050,ANVISA,"Gomas de mascar, sem açúcar",sim
21069060,ANVISA,"Caramelos, confeitos, pastilhas e produtos semelhantes, sem açúcar",sim
21069090,DECEX,Outras,sim
22071010,DECEX,Com um teor de água inferior ou igual a 1 % vol,sim
22072011,DECEX,Com um teor de água inferior ou igual a 1 % vol,sim
25249000,ANM,- Outros,sim
25309010,CNEN,Espodumênio,sim
27101999,CNEN,Outros,sim
27109100,IBAMA,"-- Que contenham difenilas policloradas (PCB), terfenilas policloradas (PCT) ou difenilas polibromadas (PBB)",sim
28012010,POLICIA_FEDERAL,Sublimado,sim
28051990,CNEN,Outros,sim
28112990,IBAMA,Outros,sim
28151200,DECEX,-- Em solução aquosa (lixívia de soda cáustica),sim
28152000,POLICIA_FEDERAL,- Hidróxido de potássio (potassa cáustica),sim
28230010,DECEX,Tipo anatase,sim
28252010,CNEN,Óxido,sim
28252020,CNEN,Hidróxido,sim
28321010,DECEX,De dissódio,sim
28331110,DECEX,Anidro,sim
28332920,ANVISA,De lítio,sim
28332960,DECEX,De cromo,sim
28364000,POLICIA_FEDERAL,- Carbonatos de potássio,sim
28402000,CNEN,- Outros boratos,sim
28413000,IBAMA,- Dicromato de sódio,sim
28444010,CNEN,"Molibdênio 99 absorvido em alumina, apto para a obtenção de Tecnécio 99 (reativo de diagnóstico para medicina nuclear)",sim
28444020,CNEN,Cobalto 60,sim
28444030,CNEN,Iodo 131,sim
28444090,MCT,Outros,sim
28444090,CNEN,Outros,sim
28500020,MD,Silicieto de cálcio,sim
29024300,DECEX,-- p-Xileno,sim
29031500,DECEX,"-- Dicloreto de etileno (ISO) (1,2-dicloroetano)",sim
29032900,ANVISA,-- Outros,sim
29033911,IBAMA,"1,1,1,2-Tetrafluoroetano",sim
29033912,EXERCITO,"1,1,3,3,3-Pentafluoro-2-(trifluorometil)prop-1-eno",sim
29033919,ANVISA,Outros,sim
29033919,IBAMA,Outros,sim
29033921,IBAMA,Bromometano,sim
29033929,IBAMA,Outros,sim
29038900,IBAMA,-- Outros,sim
29071200,IBAMA,-- Cresóis e seus sais,sim
29081921,IBAMA,"2,4,6-Tribromofenol",sim
29091990,ANVISA,Outros,sim
29093029,ANVISA,Outros,sim
29094990,ANVISA,Outros,sim
29159042,MAPA,Sais e ésteres,sim
29173700,DECEX,-- Tereftalato de dimetila,sim
29181400,DECEX,-- Ácido cítrico,sim
29181500,DECEX,-- Sais e ésteres do ácido cítrico,sim
29181943,EXERCITO,Ésteres,sim
29211121,DECEX,Dimetilamina,sim
29214322,IBAMA,Trifluralina,sim
29215133,DECEX,"N-(1,3-Dimetilbutil)-N'-fenil-p-fenilenodiamina",sim
29224990,IBAMA,Outros,sim
29242961,MAPA,Propanil,sim
29242993,MAPA,Metalaxil,sim
29252930,MAPA,Amitraz,sim
29269093,MAPA,Closantel,sim
29269099,IBAMA,Outros,sim
29299021,MAPA,"Dialogenetos de N,N-dialquilfosforoamidatos, com grupos alquila de C1 a C3",sim
29299021,MCT,"Dialogenetos de N,N-dialquilfosforoamidatos, com grupos alquila de C1 a C3",sim
29299022,MAPA,"N,N-Dialquilfosforoamidatos de dialquila, com grupos alquila de C1 a C3",sim
29299022,EXERCITO,"N,N-Dialquilfosforoamidatos de dialquila, com grupos alquila de C1 a C3",sim
29299022,MCT,"N,N-Dialquilfosforoamidatos de dialquila, com grupos alquila de C1 a C3",sim
29299029,MAPA,Outros,sim
29311000,CNEN,- Tetrametila de chumbo e tetraetila de chumbo,sim
29311000,MCT,- Tetrametila de chumbo e tetraetila de chumbo,sim
29313100,EXERCITO,-- Metilfosfonato de dimetila,sim
29313200,EXERCITO,-- Propilfosfonato de dimetila,sim
29313300,EXERCITO,-- Etilfosfonato de dietila,sim
29313400,EXERCITO,-- Metilfosfonato de sódio 3-(triidroxisilil)propila,sim
29313500,EXERCITO,"-- 2,4,6-trióxido de 2,4,6-tripropil-1,3,5,2,4,6-trioxatrifosfinano",sim
29313600,EXERCITO,"-- Metilfosfonato de (5-etil-2-metil-2-óxido-1,3,2-dioxafosfinan-5-il)metil metila",sim
29313700,EXERCITO,"-- Metilfosfonato de bis[(5-etil-2-metil-2-óxido-1,3,2-dioxafosfinan-5-il)metila]",sim
29313800,MAPA,-- Sal do ácido metilfosfônico e de (aminoiminometil)ureia (1:1),sim
29313911,MAPA,"Etefon; difenilfosfonato(4,4'-bis((dimetoxifosfinil)metil)difenila)",sim
29313911,IBAMA,"Etefon; difenilfosfonato(4,4'-bis((dimetoxifosfinil)metil)difenila)",sim
29313912,MAPA,Glifosato e seu sal de monoisopropilamina,sim
29313912,IBAMA,Glifosato e seu sal de monoisopropilamina,sim
29313914,MAPA,Triclorfon,sim
29313915,MAPA,Glufosinato de amônio,sim
29313916,MAPA,Hidrogenofosfonato de bis(2-etilexilo),sim
29313917,MAPA,Ácido fosfonometiliminodiacético; ácido trimetilfosfônico,sim
29313918,MAPA,Ácido clodrônico e seu sal dissódico; fotemustina,sim
29313991,EXERCITO,"Alquil(de C1 a C3)fosfonofluoridatos de O-alquila (de até C10, incluindo os cicloalquila)",sim
29313992,MCT,Metilfosfonocloridato de O-isopropila,sim
29313993,MCT,Metilfosfonocloridato de O-pinacolila,sim
29313994,EXERCITO,"Difluoreto de alquilfosfonila, com grupo alquila de C1 a C3",sim
29313995,EXERCITO,"Hidrogênio alquil(de C1 a C3)fosfonitos de [O-2-(dialquil(de C1 a C3)amino)etila], seus ésteres de O-alquila (de até C10, incluindo os cicloalquila); sais alquilados ou protonados destes produtos",sim
29313996,EXERCITO,"Outros compostos que contenham um átomo de fósforo ligado a um grupo alquila (de C1 a C3), sem outros átomos de carbono",sim
29313997,EXERCITO,"N,N-Dialquil(de C1 a C3)fosforoamidocianidatos de O-alquila (de até C10, incluindo os cicloalquila)",sim
29313999,MAPA,Outros,sim
29319046,IBAMA,"Sais de dimetil-estanho, de dibutil-estanho e de dioctil-estanho, dos ácidos carboxílicos ou tioglicólicos e de seus ésteres",sim
29319090,IBAMA,Outros,sim
29319090,CNEN,Outros,sim
29321100,POLICIA_FEDERAL,-- Tetraidrofurano,sim
29329914,MAPA,Carbofurano,sim
29333330,MAPA,Cetobemidona e seus sais,sim
29333330,ANVISA,Cetobemidona e seus sais,sim
29333922,IBAMA,Clorpirifós,sim
29333929,IBAMA,Outros,sim
29333936,EXERCITO,Quinuclidin-3-ol,sim
29333947,EXERCITO,Benzilato de 3-quinuclidinila,sim
29336991,DECEX,Ametrina,sim
29337100,DECEX,-- 6-Hexanolactama (epsilon-caprolactama),sim
29339952,ANP,Oxifendazol,sim
29342040,IBAMA,2-(Tiocianometiltio)benzotiazol (TCMTB),sim
29359097,MAPA,Sulfluramida,sim
29391900,ANVISA,-- Outros,sim
29393020,ANVISA,Sais,sim
29394900,ANVISA,-- Outros,sim
29395910,ANVISA,Teofilina,sim
29395920,ANVISA,Aminofilina,sim
29395990,ANVISA,Outros,sim
29396100,ANVISA,-- Ergometrina (DCI) e seus sais,sim
29396200,ANVISA,-- Ergotamina (DCI) e seus sais,sim
29396300,ANVISA,-- Ácido lisérgico e seus sais,sim
29396911,ANVISA,Maleato de metilergometrina,sim
29396919,ANVISA,Outros,sim
29396921,ANVISA,Mesilato de diidroergotamina,sim
29396929,ANVISA,Outros,sim
29396990,ANVISA,Outros,sim
29397111,ANVISA,Cocaína e seus sais,sim
29397112,ANVISA,Ecgonina e seus sais,sim
29397119,ANVISA,Outros,sim
29397120,MAPA,"Levometanfetamina, seus sais, ésteres e outros derivados",sim
29397120,ANVISA,"Levometanfetamina, seus sais, ésteres e outros derivados",sim
29397130,MAPA,"Metanfetamina, seus sais, ésteres e outros derivados",sim
29397130,ANVISA,"Metanfetamina, seus sais, ésteres e outros derivados",sim
29397140,MAPA,"Racemato de metanfetamina, seus sais, ésteres e outros derivados",sim
29397140,ANVISA,"Racemato de metanfetamina, seus sais, ésteres e outros derivados",sim
29397920,ANVISA,Teobromina e seus derivados; sais destes produtos,sim
29397931,ANVISA,"Pilocarpina, seu nitrato e seu cloridrato",sim
30019039,ANVISA,Outros,sim
30021100,MAPA,-- Estojos de diagnóstico da malária (paludismo),sim
30021100,ANVISA,-- Estojos de diagnóstico da malária (paludismo),sim
30021211,ANVISA,Antiofídicos e outros antivenenosos,sim
30021212,ANVISA,Antitetânico,sim
30021213,ANVISA,Anticatarral,sim
30021214,ANVISA,Antipiogênico,sim
30021215,ANVISA,Antidiftérico,sim
30021216,ANVISA,Polivalentes,sim
30021219,ANVISA,Outros,sim
30021221,ANVISA,Imunoglobulina anti-Rh,sim
30021222,ANVISA,Outras imunoglobulinas séricas,sim
30021223,ANVISA,Concentrado de fator VIII,sim
30021231,ANVISA,"Soroalbumina, exceto a humana",sim
30021232,ANVISA,Plasmina (fibrinolisina),sim
30021233,ANVISA,Uroquinase,sim
30021234,ANVISA,"Imunoglobulina e cloridrato de histamina, associados",sim
30021235,ANVISA,"Imunoglobulina G, liofilizada ou em solução",sim
30021236,ANVISA,Soroalbumina humana,sim
30021239,ANVISA,Outros,sim
30021410,MAPA,"Anticorpos monoclonais em solução tampão, contendo albumina bovina",sim
30021490,ANVISA,Outros,sim
30021510,ANVISA,Interferon beta; peg interferon alfa-2-a,sim
30021520,ANVISA,Basiliximab (DCI); bevacizumab (DCI); daclizumab (DCI); etanercept (DCI); gemtuzumab ozogamicin (DCI); oprelvekin (DCI); rituximab (DCI); trastuzumab (DCI),sim
30021590,ANVISA,Outros,sim
30021900,MAPA,-- Outros,sim
30021900,ANVISA,-- Outros,sim
30022011,ANVISA,Contra a gripe,sim
30022012,ANVISA,Contra a poliomielite,sim
30022013,ANVISA,Contra a hepatite B,sim
30022014,ANVISA,Contra o sarampo,sim
30022015,ANVISA,Contra a meningite,sim
30022016,ANVISA,"Contra a rubéola, sarampo e caxumba (tríplice)",sim
30022017,ANVISA,Outras tríplices,sim
30022018,ANVISA,Anticatarral e antipiogênico,sim
30022019,ANVISA,Outras,sim
30022021,DECEX,Contra a gripe,sim
30022021,ANVISA,Contra a gripe,sim
30022022,ANVISA,Contra a poliomielite,sim
30022023,DECEX,Contra a hepatite B,sim
30022023,ANVISA,Contra a hepatite B,sim
30022024,ANVISA,Contra o sarampo,sim
30022025,ANVISA,Contra a meningite,sim
30022026,ANVISA,"Contra a rubéola, sarampo e caxumba (tríplice)",sim
30022027,DECEX,Outras tríplices,sim
30022027,ANVISA,Outras tríplices,sim
30022028,ANVISA,Anticatarral e antipiogênico,sim
30022029,DECEX,Outras,sim
30022029,ANVISA,Outras,sim
30023010,MAPA,Contra a raiva,sim
30023020,MAPA,Contra a coccidiose,sim
30023030,MAPA,Contra a querato-conjuntivite,sim
30023040,MAPA,Contra a cinomose,sim
30023050,MAPA,Contra a leptospirose,sim
30023060,MAPA,Contra a febre aftosa,sim
30023070,MAPA,"Contra as seguintes enfermidades: de Newcastle, a vírus vivo ou vírus inativo; de Gumboro, a vírus vivo ou vírus inativo; bronquite, a vírus vivo ou vírus inativo; difteroviruela, a vírus vivo; síndrome de queda de postura (EDS); salmonelose aviária, elaborada com cepa 9R; cólera de aves, inativadas",sim
30023080,MAPA,Vacinas combinadas contra as enfermidades citadas no item 3002.30.70,sim
30023090,MAPA,Outras,sim
30029010,MAPA,Reagentes de origem microbiana para diagnóstico,sim
30029010,ANVISA,Reagentes de origem microbiana para diagnóstico,sim
30029020,ANVISA,Antitoxinas de origem microbiana,sim
30029020,MAPA,Antitoxinas de origem microbiana,sim
30029030,MAPA,Tuberculinas,sim
30029030,ANVISA,Tuberculinas,sim
30029091,MAPA,Para a saúde animal,sim
30029092,ANVISA,Para a saúde humana,sim
30029093,ANVISA,Saxitoxina,sim
30029094,ANVISA,Ricina,sim
30029094,EXERCITO,Ricina,sim
30029099,MAPA,Outros,sim
30029099,IBAMA,Outros,sim
30029099,ANVISA,Outros,sim
30031019,ANVISA,Outros,sim
30031020,ANVISA,Que contenham estreptomicinas ou seus derivados,sim
30033925,ANVISA,Octreotida,sim
30033931,ANVISA,Hemissuccinato de estradiol,sim
30033935,ANVISA,Linestrenol,sim
30039058,ANVISA,"Aminoglutetimida; carmustina; deferoxamina (desferrioxamina B) ou seus sais, derivados destes produtos; lomustina",sim
30039095,ANVISA,Bussulfano; dexormaplatina; dietilestilbestrol ou seu dipropionato; enloplatina; iproplatina; lobaplatina; miboplatina; miltefosina; mitotano; ormaplatina; procarbazina ou seu cloridrato; propofol; sebriplatina; zeniplatina,sim
30062000,ANVISA,- Reagentes destinados à determinação dos grupos ou dos fatores sanguíneos,sim
31021090,INMETRO,Outra,sim
32041911,MAPA,Carotenóides,sim
32041912,MAPA,"Preparações contendo beta-caroteno, ésteres metílico ou etílico do ácido 8'-apo-beta-carotenóico ou cantaxantina, com óleos vegetais, amido, gelatina, sacarose ou dextrina, próprias para colorir alimentos",sim
32061110,DECEX,Pigmentos tipo rutilo,sim
32091010,INMETRO,Tintas,sim
32151100,DECEX,-- Pretas,sim
32151900,DECEX,-- Outras,sim
33012912,IBAMA,De cedro,sim
33029090,DECEX,Outras,sim
33062000,ANVISA,- Fios utilizados para limpar os espaços interdentais (fios dentais),sim
34011110,ANVISA,Sabões medicinais,sim
34011190,ANVISA,Outros,sim
34011900,ANVISA,-- Outros,sim
34012010,ANVISA,De toucador,sim
34021300,MAPA,-- Não iônicos,sim
34021900,MAPA,-- Outros,sim
34021900,ANVISA,-- Outros,sim
34022000,ANVISA,- Preparações acondicionadas para venda a retalho,sim
34070010,ANVISA,Massas ou pastas para modelar,sim
34070020,ANVISA,"Ceras para dentistas""""",sim
34070090,ANVISA,Outras,sim
35011000,ANVISA,- Caseínas,sim
35019011,ANVISA,Caseinato de sódio,sim
35019019,ANVISA,Outros,sim
35022000,ANVISA,"- Lactalbumina, incluindo os concentrados de duas ou mais proteínas de soro de leite",sim
35069110,INMETRO,À base de borracha,sim
35069120,INMETRO,"À base de polímeros das posições 39.01 a 39.13, dispersos ou para dispersar em meio aquoso",sim
35069190,INMETRO,Outros,sim
36030010,EXERCITO,"Estopins e rastilhos, de segurança",sim
36030020,EXERCITO,Cordéis (cordões) detonantes,sim
36030030,EXERCITO,Escorvas,sim
36030040,EXERCITO,Cápsulas fulminantes,sim
36030050,EXERCITO,Inflamadores,sim
36030060,EXERCITO,Detonadores elétricos,sim
37061000,ANCINE,- De largura igual ou superior a 35 mm,sim
37069000,ANCINE,- Outros,sim
37079021,DECEX,"À base de negro de fumo ou de um corante e resinas termoplásticas, para a reprodução de documentos por processo eletrostático",sim
38040020,DECEX,Lignossulfonatos,sim
38089195,DECEX,À base de fosfeto de alumínio,sim
38089198,MAPA,À base de sulfluramida,sim
38089321,IBAMA,Que contenham bromometano (brometo de metila) ou bromoclorometano,sim
38099190,CNEN,Outros,sim
38220010,CNEN,"Reagentes para determinação de componentes do sangue ou da urina, sobre suporte de papel, em rolos, sem suporte adicional hidrófobo, impróprios para uso direto",sim
38220010,ANVISA,"Reagentes para determinação de componentes do sangue ou da urina, sobre suporte de papel, em rolos, sem suporte adicional hidrófobo, impróprios para uso direto",sim
38220090,CNEN,Outros,sim
38220090,ANVISA,Outros,sim
38220090,IBAMA,Outros,sim
38220090,MAPA,Outros,sim
38247110,IBAMA,Que contenham triclorotrifluoroetanos,sim
38247190,IBAMA,Outras,sim
38247200,IBAMA,"-- Que contenham bromoclorodifluorometano, bromotrifluorometano ou dibromotetrafluoroetanos",sim
38247300,IBAMA,-- Que contenham hidrobromofluorcarbonetos (HBFC),sim
38247410,IBAMA,Que contenham clorodifluorometano e pentafluoroetano,sim
38247420,IBAMA,Que contenham clorodifluorometano e clorotetrafluoroetano,sim
38247490,IBAMA,Outras,sim
38247500,IBAMA,-- Que contenham tetracloreto de carbono,sim
38247600,IBAMA,"-- Que contenham 1,1,1-tricloroetano (metilclorofórmio)",sim
38247700,IBAMA,-- Que contenham bromometano (brometo de metila) ou bromoclorometano,sim
38247810,IBAMA,Que contenham tetrafluoroetano e pentafluoroetano,sim
38247890,IBAMA,Outras,sim
38247900,IBAMA,-- Outras,sim
38248200,IBAMA,"-- Que contenham polibromobifenilas (PBB), policloroterfenilas (PCT) ou policlorobifenilas (PCB)",sim
38248800,MAPA,"-- Que contenham éteres tetra-, penta-, hexa-, hepta- ou octabromodifenílicos",sim
39041010,DECEX,Obtido por processo de suspensão,sim
39041020,DECEX,Obtido por processo de emulsão,sim
39069045,MAPA,"Copolímero de poli(acrilato de potássio) e poli(acrilamida), com capacidade de absorção de água destilada de até quatrocentas vezes seu próprio peso",sim
39069049,DECEX,Outros,sim
39072039,DECEX,Outros,sim
39074090,DECEX,Outros,sim
39076100,DECEX,-- De um índice de viscosidade de 78 ml/g ou mais,sim
39081024,DECEX,"Poliamida-6 ou poliamida-6,6, sem carga",sim
39093100,DECEX,"-- Poli(isocianato de fenil metileno) (MDI bruto, MDI polimérico)",sim
39129090,DECEX,Outros,sim
39139040,MAPA,Proteínas endurecidas,sim
39139050,MAPA,"Quitosan (Chitosan), seus sais ou seus derivados",sim
39139090,MAPA,Outros,sim
39191010,ANVISA,De polipropileno,sim
39191020,ANVISA,De poli(cloreto de vinila),sim
39191090,ANVISA,Outras,sim
39199010,ANVISA,De polipropileno,sim
39199020,ANVISA,De poli(cloreto de vinila),sim
39199090,ANVISA,Outras,sim
39199090,DECEX,Outras,sim
39202019,DECEX,Outras,sim
39219019,DECEX,Outras,sim
39239000,ANVISA,- Outros,sim
39259090,INMETRO,Outros,sim
40119090,INMETRO,Outros,sim
40121900,IBAMA,-- Outros,sim
40151100,ANVISA,-- Para cirurgia,sim
42023100,INMETRO,-- Com a superfície exterior de couro natural ou reconstituído,sim
44129400,IBAMA,"-- Com alma aglomerada, alveolada ou lamelada",sim
45020000,MAPA,"Cortiça natural, sem a crosta ou simplesmente esquadriada, ou em cubos, chapas, folhas ou tiras, de forma quadrada ou retangular (incluindo os esboços com arestas vivas, para rolhas).",sim
48059290,DECEX,Outros,sim
48119090,DECEX,Outros,sim
51040000,IBAMA,Fiapos de lã ou de pelos finos ou grosseiros.,sim
51100000,MAPA,"Fios de pelos grosseiros ou de crina (incluindo os fios de crina revestidos por enrolamento), mesmo acondicionados para venda a retalho.",sim
51100000,IBAMA,"Fios de pelos grosseiros ou de crina (incluindo os fios de crina revestidos por enrolamento), mesmo acondicionados para venda a retalho.",sim
52030000,MAPA,Algodão cardado ou penteado.,sim
53012110,MAPA,Quebrado,sim
53012120,MAPA,Espadelado,sim
53012910,MAPA,Penteado,sim
53012990,MAPA,Outro,sim
53013000,MAPA,- Estopas e desperdícios de linho,sim
53029000,MAPA,- Outros,sim
53031010,DECEX,Juta,sim
53101010,MAPA,Aniagem de juta,sim
53110000,MAPA,Tecidos de outras fibras têxteis vegetais; tecidos de fios de papel.,sim
54022000,DECEX,"- Fios de alta tenacidade, de poliésteres, mesmo texturizados",sim
54023111,DECEX,Tintos,sim
54024520,DECEX,De náilon,sim
54024600,DECEX,"-- Outros, de poliésteres, parcialmente orientados",sim
54024710,DECEX,Crus,sim
55013000,DECEX,- Acrílicos ou modacrílicos,sim
55033000,DECEX,- Acrílicas ou modacrílicas,sim
59039000,EXERCITO,- Outros,sim
60019200,DECEX,-- De fibras sintéticas ou artificiais,sim
60041041,DECEX,Crus ou branqueados,sim
60041042,DECEX,Tintos,sim
60041043,DECEX,De fios de diversas cores,sim
60041044,DECEX,Estampados,sim
60049040,DECEX,De fibras artificiais,sim
60064100,DECEX,-- Crus ou branqueados,sim
60064200,DECEX,-- Tintos,sim
60064300,DECEX,-- De fios de diversas cores,sim
60064400,DECEX,-- Estampados,sim
62011100,IBAMA,-- De lã ou de pelos finos,sim
62019100,IBAMA,-- De lã ou de pelos finos,sim
62021100,IBAMA,-- De lã ou de pelos finos,sim
62029100,IBAMA,-- De lã ou de pelos finos,sim
64029190,DECEX,Outro,sim
64029990,DECEX,Outro,sim
64039990,DECEX,Outro,sim
64041100,DECEX,"-- Calçado para esporte; calçado para tênis, basquetebol, ginástica, treino e semelhantes",sim
64041900,DECEX,-- Outro,sim
65061000,INMETRO,"- Capacetes e artigos de uso semelhante, de proteção",sim
65061000,EXERCITO,"- Capacetes e artigos de uso semelhante, de proteção",sim
69039091,DECEX,De carboneto de silício,sim
69039099,DECEX,Outros,sim
69111010,DECEX,"Conjunto (jogo ou aparelho) para jantar, café ou chá, apresentado em embalagem comum",sim
69111090,DECEX,Outros,sim
69119000,DECEX,- Outros,sim
69120000,DECEX,"Serviços de mesa, artigos de cozinha, outros artigos de uso doméstico e artigos de higiene ou de toucador, de cerâmica, exceto de porcelana.",sim
70132800,DECEX,-- Outros,sim
70133700,DECEX,-- Outros,sim
70134900,DECEX,-- Outros,sim
70171000,ANVISA,"- De quartzo ou de outras sílicas, fundidos",sim
70172000,ANVISA,"- De outro vidro com um coeficiente de dilatação linear não superior a 5 x 10-6 por Kelvin, entre 0 °C e 300 °C",sim
70179000,ANVISA,- Outros,sim
72193200,DECEX,"-- De espessura igual ou superior a 3 mm, mas inferior a 4,75 mm",sim
72193300,DECEX,"-- De espessura superior a 1 mm, mas inferior a 3 mm",sim
72193400,DECEX,"-- De espessura igual ou superior a 0,5 mm, mas não superior a 1 mm",sim
72193500,DECEX,"-- De espessura inferior a 0,5 mm",sim
72202090,DECEX,Outros,sim
73063000,INMETRO,"- Outros, soldados, de seção circular, de ferro ou aço não ligado",sim
74199990,INMETRO,Outras,sim
75021010,DECEX,Catodos,sim
75062000,DECEX,- De ligas de níquel,sim
75071200,DECEX,-- De ligas de níquel,sim
76011000,DECEX,- Alumínio não ligado,sim
76061290,DECEX,Outras,sim
76071190,DECEX,Outras,sim
81041100,DECEX,"-- Que contenha pelo menos 99,8 %, em peso, de magnésio",sim
81041900,DECEX,-- Outros,sim
81043000,DECEX,"- Aparas, resíduos de torno e grânulos, calibrados; pós",sim
81049000,DECEX,- Outros,sim
81073000,IBAMA,"- Desperdícios e resíduos, e sucata",sim
81079000,IBAMA,- Outros,sim
81092000,CNEN,- Zircônio em formas brutas; pós,sim
81093000,CNEN,"- Desperdícios e resíduos, e sucata",sim
81099000,CNEN,- Outros,sim
82055900,EXERCITO,-- Outras,sim
84191910,INMETRO,Aquecedores solares de água,sim
84191990,INMETRO,Outros,sim
84211990,INMETRO,Outros,sim
84341000,INMETRO,- Máquinas de ordenhar,sim
84521000,DECEX,- Máquinas de costura de uso doméstico,sim
84629990,EXERCITO,Outras,sim
84768910,ECT,Máquinas automáticas de venda de selos postais,sim
84769000,ECT,- Partes,sim
84818099,INMETRO,Outros,sim
85051100,DECEX,-- De metal,sim
85051910,DECEX,De ferrita (cerâmicos),sim
85171211,INMETRO,"Portáteis (por exemplo, walkie talkie e handle talkie)",sim
85182100,DECEX,-- Alto-falante (altifalante) único montado na sua caixa (coluna),sim
85182200,DECEX,-- Alto-falantes (altifalantes) múltiplos montados na mesma caixa (coluna),sim
85182990,DECEX,Outros,sim
85258013,EXERCITO,"Outras, próprias para captar imagens exclusivamente no espectro infravermelho de comprimento de onda igual ou superior a 2 micrômetros (mícrons), mas não superior a 14 micrômetros (mícrons)",sim
85258022,EXERCITO,"Outras, próprias para captar imagens exclusivamente no espectro infravermelho de comprimento de onda igual ou superior a 2 micrômetros (mícrons), mas não superior a 14 micrômetros (mícrons)",sim
85258029,EXERCITO,Outras,sim
85258029,ANVISA,Outras,sim
85271910,INMETRO,Combinado com relógio,sim
85271990,INMETRO,Outros,sim
85284210,ANVISA,Monocromáticos,sim
85284220,ANVISA,Policromáticos,sim
85284910,ANVISA,Monocromáticos,sim
85284921,ANVISA,Com dispositivos de seleção de varredura (underscanning) e de retardo de sincronismo horizontal e vertical (H/V delay ou pulse cross),sim
85284929,ANVISA,Outros,sim
85285210,ANVISA,Monocromáticos,sim
85285220,ANVISA,Policromáticos,sim
85285910,ANVISA,Monocromáticos,sim
85285920,ANVISA,Policromáticos,sim
85359000,DECEX,- Outros,sim
85372090,DECEX,Outros,sim
85393100,INMETRO,"-- Fluorescentes, de cátodo quente",sim
85393200,INMETRO,-- Lâmpadas de vapor de mercúrio ou de sódio; lâmpadas de halogeneto metálico,sim
85393900,INMETRO,-- Outros,sim
85395000,INMETRO,- Lâmpadas e tubos de diodos emissores de luz (LED),sim
85414032,INMETRO,Células solares,sim
85481010,IBAMA,"Desperdícios e resíduos de acumuladores elétricos de chumbo; acumuladores elétricos de chumbo, inservíveis",sim
85481090,IBAMA,Outros,sim
87012000,DECEX,- Tratores rodoviários para semirreboques,sim
87012000,IBAMA,- Tratores rodoviários para semirreboques,sim
87013000,MAPA,- Tratores de lagartas (esteiras),sim
87019100,IBAMA,-- Não superior a 18 kW,sim
87032100,DECEX,-- De cilindrada não superior a 1.000 cm3,sim
87051010,IBAMA,"Com haste telescópica de altura máxima igual ou superior a 42 m, capacidade máxima de elevação igual ou superior a 60 toneladas, segundo a Norma DIN 15019, Parte 2, e com 2 ou mais eixos de rodas direcionáveis",sim
87089910,INMETRO,"Dispositivos para comando de acelerador, freio (travão), embreagem, direção ou caixa de marchas mesmo os de adaptação dos preexistentes, do tipo utilizado por pessoas incapacitadas",sim
87141000,EXERCITO,- De motocicletas (incluindo os ciclomotores),sim
88031000,MD,"- Hélices e rotores, e suas partes",sim
88033000,MD,- Outras partes de aviões ou de helicópteros,sim
90013000,DECEX,- Lentes de contato,sim
90029000,ANVISA,- Outros,sim
90138090,EXERCITO,Outros,sim
90181100,ANVISA,-- Eletrocardiógrafos,sim
90181210,ANVISA,Ecógrafos com análise espectral Doppler,sim
90181290,ANVISA,Outros,sim
90181300,ANVISA,-- Aparelhos de diagnóstico de imagem por ressonância magnética,sim
90181410,ANVISA,Scanner de tomografia por emissão de posítrons (PET - Positron Emission Tomography),sim
90181420,ANVISA,Câmaras gama,sim
90181490,ANVISA,Outros,sim
90181910,ANVISA,Endoscópios,sim
90181920,ANVISA,Audiômetros,sim
90181980,ANVISA,Outros,sim
90181990,ANVISA,Partes,sim
90182010,ANVISA,"Para cirurgia, que operem por laser",sim
90182020,ANVISA,"Outros, para tratamento bucal, que operem por laser",sim
90182090,ANVISA,Outros,sim
90183111,ANVISA,De capacidade inferior ou igual a 2 cm3,sim
90183119,ANVISA,Outras,sim
90183190,ANVISA,Outras,sim
90183211,ANVISA,Gengivais,sim
90183212,ANVISA,"De aço cromo-níquel, bisel trifacetado e diâmetro exterior igual ou superior a 1,6 mm, do tipo das utilizadas com bolsas de sangue",sim
90183219,ANVISA,Outras,sim
90183220,ANVISA,Para suturas,sim
90183910,ANVISA,Agulhas,sim
90183921,ANVISA,De borracha,sim
90183922,ANVISA,"Cateteres de poli(cloreto de vinila), para embolectomia arterial",sim
90183923,ANVISA,"Cateteres de poli(cloreto de vinila), para termodiluição",sim
90183924,ANVISA,"Cateteres intravenosos periféricos, de poliuretano ou de copolímero de etileno-tetrafluoretileno (ETFE)",sim
90183929,ANVISA,Outros,sim
90183930,ANVISA,Lancetas para vacinação e cautérios,sim
90183991,ANVISA,"Artigo para fístula arteriovenosa, composto de agulha, base de fixação tipo borboleta, tubo plástico com conector e obturador",sim
90183999,ANVISA,Outros,sim
90184100,ANVISA,"-- Aparelhos dentários de brocar, mesmo combinados numa base comum com outros equipamentos dentários",sim
90184911,ANVISA,De carboneto de tungstênio (volfrâmio),sim
90184912,ANVISA,De aço-vanádio,sim
90184919,ANVISA,Outras,sim
90184920,ANVISA,Limas,sim
90184940,ANVISA,"Para tratamento bucal, que operem por projeção cinética de partículas",sim
90184991,ANVISA,"Para desenho e construção de peças cerâmicas para restaurações dentárias, computadorizados",sim
90184999,ANVISA,Outros,sim
90185010,ANVISA,"Microscópios binoculares, do tipo utilizado em cirurgia oftalmológica",sim
90185090,ANVISA,Outros,sim
90189021,ANVISA,Elétricos,sim
90189029,ANVISA,Outros,sim
90189031,ANVISA,Litotritores por onda de choque,sim
90189039,ANVISA,Outros,sim
90189040,ANVISA,Rins artificiais,sim
90189050,ANVISA,Aparelhos de diatermia,sim
90189091,ANVISA,Incubadoras para bebês,sim
90189092,INMETRO,Aparelhos para medida da pressão arterial,sim
90189092,ANVISA,Aparelhos para medida da pressão arterial,sim
90189092,DECEX,Aparelhos para medida da pressão arterial,sim
90189093,ANVISA,"Aparelhos para terapia intra-uretral por micro-ondas (TUMT), próprios para o tratamento de afecções prostáticas, computadorizados",sim
90189094,ANVISA,Endoscópios,sim
90189095,ANVISA,"Grampos e clipes, seus aplicadores e extratores",sim
90189096,ANVISA,Desfibriladores externos que operem unicamente em modo automático (AED - Automatic External Defibrillator),sim
90189099,ANVISA,Outros,sim
90191000,ANVISA,- Aparelhos de mecanoterapia; aparelhos de massagem; aparelhos de psicotécnica,sim
90192010,ANVISA,De oxigenoterapia,sim
90192020,ANVISA,De aerossolterapia,sim
90192030,ANVISA,Respiratórios de reanimação,sim
90192040,ANVISA,Respiradores automáticos (pulmões de aço),sim
90192090,ANVISA,Outros,sim
90200010,ANVISA,Máscaras contra gases,sim
90200090,ANVISA,Outros,sim
90221200,ANVISA,-- Aparelhos de tomografia computadorizada,sim
90221311,ANVISA,De tomadas maxilares panorâmicas,sim
90221319,ANVISA,Outros,sim
90221390,ANVISA,Outros,sim
90221411,ANVISA,Para mamografia,sim
90221412,ANVISA,Para angiografia,sim
90221413,ANVISA,"Para densitometria óssea, computadorizados",sim
90221490,ANVISA,Outros,sim
90222110,ANVISA,Aparelhos de radiocobalto (bombas de cobalto),sim
90222120,ANVISA,"Outros, para gamaterapia",sim
90222190,ANVISA,Outros,sim
90223000,ANVISA,- Tubos de raios X,sim
90229011,ANVISA,Geradores de tensão,sim
90229012,ANVISA,Telas radiológicas,sim
90229019,CNEN,Outros,sim
90229019,ANVISA,Outros,sim
90229080,ANVISA,Outros,sim
90229090,CNEN,Partes e acessórios de aparelhos de raios X,sim
90229090,ANVISA,Partes e acessórios de aparelhos de raios X,sim
90251110,INMETRO,Termômetros clínicos,sim
90251190,INMETRO,Outros,sim
90278099,ANVISA,Outros,sim
90278099,CNEN,Outros,sim
90278099,INMETRO,Outros,sim
90301090,ANVISA,Outros,sim
90303390,ANVISA,Outros,sim
90308990,ANVISA,Outros,sim
94013010,MAPA,De madeira,sim
94015200,INMETRO,-- De bambu,sim
94015200,MAPA,-- De bambu,sim
94015300,INMETRO,-- De rotim,sim
94015300,MAPA,-- De rotim,sim
94015900,INMETRO,-- Outros,sim
94019010,IBAMA,De madeira,sim
94019090,INMETRO,Outros,sim
94032000,INMETRO,- Outros móveis de metal,sim
94036000,IBAMA,- Outros móveis de madeira,sim
94039010,IBAMA,De madeira,sim
96032900,DECEX,-- Outros,sim
96081000,DECEX,- Canetas esferográficas,sim
96200000,EXERCITO,"Monopés, bipés, tripés e artigos semelhantes.",sim
97030000,MAPA,"Produções originais de arte estatuária ou de escultura, de quaisquer matérias.",sim
97050000,MAPA,"Coleções e espécimes para coleções, de zoologia, botânica, mineralogia, anatomia, ou apresentando interesse histórico, arqueológico, paleontológico, etnográfico ou numismático.",sim
97050000,EXERCITO,"Coleções e espécimes para coleções, de zoologia, botânica, mineralogia, anatomia, ou apresentando interesse histórico, arqueológico, paleontológico, etnográfico ou numismático.",sim
97060000,IBAMA,Antiguidades com mais de 100 anos.,sim