ncm,ii_aliq
01012100,0
01012900,0
01013000,3.6
01019000,3.6
01022110,0
01022190,0
01022911,0
01022919,0
01022990,0
01023110,0
01023190,0
01023911,0
01023919,0
01023990,0
01029000,0
01031000,0
01039100,0
01039200,0
01041011,0
01041019,0
01041090,0
01042010,0
01042090,0
01051110,0
01051190,0
01051200,0
01051300,0
01051400,0
01051500,0
01059400,3.6
01059900,3.6
01061100,3.6
01061200,3.6
01061300,3.6
01061400,3.6
01061900,3.6
01062000,3.6
01063100,3.6
01063200,3.6
01063310,0
01063390,3.6
01063900,3.6
01064100,3.6
01064900,3.6
01069000,3.6
02011000,9
02012010,9
02012020,9
02012090,9
02013000,10.8
02021000,9
02022010,9
02022020,9
02022090,9
02023000,0
02031100,9
02031200,9
02031900,9
02032100,9
02032200,9
02032900,9
02041000,9
02042100,9
02042200,9
02042300,9
02043000,9
02044100,9
02044200,9
02044300,9
02045000,9
02050000,9
02061000,9
02062100,9
02062200,9
02062910,9
02062990,9
02063000,9
02064100,9
02064900,9
02068000,9
02069000,9
02071100,9
02071210,9
02071220,9
02071300,9
02072400,9
02072500,9
02072600,9
02072700,9
02074100,9
02074200,9
02074300,9
02074400,9
02074500,9
02075100,9
02075200,9
02075300,9
02075400,9
02075500,9
02076000,9
02081000,9
02083000,9
02084000,9
02085000,9
02086000,9
02089000,9
02091011,5.4
02091019,5.4
02091021,5.4
02091029,5.4
02099000,5.4
02101100,9
02101200,9
02101900,9
02102000,9
02109100,9
02109200,9
02109300,9
02109911,9
02109919,9
02109920,9
02109930,9
02109940,9
02109990,9
03011110,9
03011190,9
03011900,9
03019110,0
03019190,9
03019210,0
03019290,9
03019310,0
03019390,9
03019410,0
03019490,9
03019510,0
03019590,9
03019911,0
03019912,0
03019919,0
03019991,9
03019992,9
03019999,9
03021100,9
03021300,9
03021400,9
03021900,9
03022100,9
03022200,9
03022300,9
03022400,9
03022900,9
03023100,9
03023200,9
03023300,9
03023400,9
03023500,9
03023600,9
03023900,9
03024100,9
03024210,9
03024290,9
03024300,9
03024400,9
03024500,9
03024600,9
03024700,9
03024910,9
03024990,9
03025100,0
03025200,9
03025300,9
03025400,9
03025500,9
03025600,9
03025900,9
03027100,9
03027210,9
03027290,9
03027300,9
03027400,9
03027900,9
03028100,9
03028200,9
03028310,9
03028320,9
03028400,9
03028500,9
03028910,9
03028921,9
03028922,9
03028923,9
03028924,9
03028931,9
03028932,9
03028933,9
03028934,9
03028935,9
03028936,9
03028937,9
03028938,9
03028941,9
03028942,9
03028943,9
03028944,9
03028945,9
03028990,9
03029110,9
03029190,9
03029200,9
03029900,9
03031100,9
03031200,9
03031300,9
03031400,9
03031900,9
03032300,9
03032410,9
03032490,9
03032500,9
03032600,9
03032900,9
03033100,9
03033200,9
03033300,9
03033400,9
03033900,9
03034100,9
03034200,9
03034300,9
03034400,9
03034500,9
03034600,9
03034900,9
03035100,9
03035300,0
03035400,9
03035500,9
03035600,9
03035700,9
03035910,9
03035920,9
03035990,9
03036300,0
03036400,9
03036500,9
03036600,9
03036700,9
03036800,9
03036910,9
03036990,9
03038111,9
03038112,9
03038113,9
03038114,9
03038119,9
03038190,9
03038200,9
03038311,9
03038319,9
03038321,9
03038329,9
03038400,9
03038910,9
03038920,9
03038932,9
03038933,9
03038941,9
03038942,9
03038943,9
03038944,9
03038945,9
03038946,9
03038951,9
03038952,9
03038953,9
03038954,9
03038955,9
03038956,9
03038961,9
03038962,9
03038963,9
03038964,9
03038965,9
03038990,9
03039110,9
03039190,9
03039200,9
03039910,9
03039920,9
03039990,9
03043100,9
03043210,9
03043290,9
03043300,9
03043900,9
03044100,9
03044200,9
03044300,9
03044400,9
03044500,9
03044600,9
03044700,9
03044800,9
03044910,9
03044920,9
03044990,9
03045100,9
03045200,9
03045300,9
03045400,9
03045500,9
03045600,9
03045700,9
03045900,9
03046100,9
03046210,9
03046290,9
03046300,9
03046900,9
03047100,9
03047200,9
03047300,9
03047400,9
03047500,9
03047900,9
03048100,9
03048200,9
03048300,9
03048400,9
03048510,9
03048520,9
03048600,9
03048700,9
03048810,9
03048890,9
03048910,9
03048920,9
03048930,9
03048990,9
03049100,9
03049211,9
03049212,9
03049219,9
03049221,9
03049222,9
03049229,9
03049300,9
03049400,9
03049500,9
03049600,9
03049700,9
03049900,9
03052010,9
03052090,9
03053100,9
03053210,0
03053220,9
03053230,9
03053290,9
03053900,9
03054100,9
03054200,9
03054300,9
03054400,9
03054910,0
03054920,9
03054990,9
03055100,0
03055200,9
03055310,0
03055390,9
03055400,9
03055900,9
03056100,9
03056200,0
03056300,9
03056400,9
03056910,9
03056990,9
03057100,9
03057200,9
03057900,9
03061110,9
03061190,9
03061200,9
03061400,9
03061500,9
03061610,9
03061690,9
03061710,9
03061790,9
03061910,9
03061990,9
03063100,9
03063200,9
03063300,9
03063400,9
03063500,9
03063600,9
03063910,9
03063990,9
03069100,9
03069200,9
03069300,9
03069400,9
03069500,9
03069910,9
03069990,9
03071100,9
03071200,9
03071900,9
03072100,9
03072200,9
03072900,9
03073100,9
03073200,9
03073900,9
03074200,9
03074310,9
03074320,9
03074900,9
03075100,9
03075200,9
03075900,9
03076000,9
03077100,9
03077200,9
03077900,9
03078100,9
03078200,9
03078300,9
03078400,9
03078700,9
03078800,9
03079100,9
03079200,9
03079900,9
03081100,9
03081200,9
03081900,9
03082100,9
03082200,9
03082900,9
03083000,9
03089000,9
03091000,9
03099000,9
04021010,28
04021090,28
04022110,28
04022120,28
04022910,28
04022920,28
04029900,28
04041000,28
04061010,28
04069010,28
04069020,28
04071100,0
04071900,0
04072100,7.2
04072900,7.2
04079000,7.2
04081100,9
04081900,9
04089100,9
04089900,9
04090000,14.4
04101000,12.6
04109000,12.6
05010000,7.2
05021011,7.2
05021019,7.2
05021090,7.2
05029010,7.2
05029020,7.2
05040011,7.2
05040012,7.2
05040013,7.2
05040019,7.2
05040090,3.6
05051000,7.2
05059000,7.2
05061000,7.2
05069000,7.2
05071000,7.2
05079000,7.2
05080000,7.2
05100010,0
05100090,0
05111000,0
05119110,0
05119190,7.2
05119910,0
05119920,0
05119930,0
05119991,7.2
05119999,7.2
06011000,0
06012000,0
06021000,0
06022000,0
06023000,0
06024000,0
06029010,0
06029021,0
06029029,0
06029081,0
06029082,0
06029083,0
06029089,0
06029090,0
06031100,9
06031200,9
06031300,9
06031400,9
06031500,9
06031900,9
06039000,9
06042000,7.2
06049000,7.2
07011000,0
07019000,9
07020000,9
07031011,0
07031019,9
07031021,0
07031029,9
07032010,0
07032090,35
07039010,0
07039090,9
07041000,9
07042000,9
07049000,9
07051100,9
07051900,9
07052100,9
07052900,9
07061000,9
07069000,9
07070000,9
07081000,9
07082000,9
07089000,9
07092000,9
07093000,9
07094000,9
07095100,9
07095200,9
07095300,9
07095400,9
07095500,9
07095600,9
07095900,9
07096000,9
07097000,9
07099100,9
07099200,9
07099300,9
07099911,0
07099919,9
07099990,9
07101000,9
07102100,9
07102200,9
07102900,9
07103000,9
07104000,9
07108000,9
07109000,9
07112010,9
07112020,9
07112090,9
07114000,9
07115100,9
07115900,9
07119000,9
07122000,9
07123100,9
07123200,9
07123300,9
07123400,9
07123900,9
07129020,9
07129090,9
07131010,0
07131090,9
07132010,0
07132090,9
07133110,0
07133190,9
07133210,0
07133290,9
07133311,0
07133319,9
07133321,0
07133329,9
07133391,0
07133399,9
07133410,0
07133490,9
07133510,0
07133590,9
07133910,0
07133990,9
07134010,0
07134090,9
07135010,0
07135090,9
07136010,0
07136090,9
07139010,0
07139090,9
07141000,9
07142000,9
07143000,9
07144000,9
07145000,9
07149000,9
08011100,55
08011200,9
08011900,9
08012100,9
08012200,9
08013100,9
08013200,9
08021100,9
08021200,9
08022100,5.4
08022200,0
08023100,9
08023200,9
08024100,9
08024200,9
08025100,9
08025200,9
08026100,9
08026200,9
08027000,9
08028000,9
08029100,9
08029200,9
08029900,9
08031000,9
08039000,9
08041010,9
08041020,9
08042010,9
08042020,9
08043000,9
08044000,9
08045010,9
08045020,9
08045030,9
08051000,9
08052100,9
08052200,9
08052900,9
08054000,9
08055000,9
08059000,9
08061000,9
08062000,9
08071100,9
08071900,9
08072000,9
08081000,9
08083000,9
08084000,9
08091000,9
08092100,9
08092900,9
08093010,9
08093020,9
08094000,9
08101000,9
08102000,9
08103000,9
08104000,9
08105000,9
08106000,9
08107000,9
08109011,9
08109012,9
08109013,9
08109014,9
08109015,9
08109016,9
08109017,9
08109090,9
08111000,9
08112000,9
08119000,9
08121000,9
08129000,9
08131000,9
08132010,9
08132020,9
08133000,9
08134010,9
08134090,9
08135000,9
08140000,9
09011110,0
09011190,9
09011200,9
09012100,0
09012200,9
09019000,9
09021000,9
09022000,9
09023000,9
09024000,9
09030010,9
09030090,9
09041100,9
09041200,9
09042100,9
09042200,9
09051000,9
09052000,9
09061100,9
09061900,9
09062000,9
09071000,9
09072000,9
09081100,9
09081200,9
09082100,9
09082200,9
09083100,9
09083200,9
09092100,9
09092200,9
09093100,9
09093200,9
09096110,9
09096120,9
09096190,9
09096210,9
09096220,9
09096290,9
09101100,9
09101200,9
09102000,9
09103000,9
09109100,9
09109900,9
10011100,0
10011900,9
10019100,0
10019900,9
10021000,0
10029000,7.2
10031000,0
10039010,9
10039080,9
10039090,9
10041000,0
10049000,7.2
10051000,0
10059010,0
10059090,7.2
10061010,0
10061091,9
10061092,9
10062010,9
10062020,9
10063011,10.8
10063019,9
10063021,10.8
10063029,9
10064000,9
10071000,0
10079000,7.2
10081010,0
10081090,7.2
10082110,0
10082190,0
10082910,7.2
10082990,7.2
10083010,0
10083090,7.2
10084010,0
10084090,7.2
10085010,0
10085090,7.2
10086010,0
10086090,7.2
10089010,0
10089090,7.2
11010010,10.8
11010020,10.8
11022000,9
11029000,9
11031100,9
11031300,9
11031900,9
11032000,9
11041200,9
11041900,9
11042200,9
11042300,9
11042900,9
11043000,9
11051000,10.8
11052000,10.8
11061000,9
11062000,9
11063000,9
11071010,9
11071020,12.6
11072010,9
11072020,12.6
11081100,9
11081200,9
11081300,9
11081400,9
11081900,9
11082000,9
11090000,9
12011000,0
12019000,7.2
12023000,0
12024100,7.2
12024200,9
12030000,7.2
12040010,0
12040090,7.2
12051010,0
12051090,7.2
12059010,0
12059090,7.2
12060010,0
12060090,7.2
12071010,0
12071090,7.2
12072100,0
12072900,7.2
12073010,0
12073090,7.2
12074010,0
12074090,7.2
12075010,0
12075090,7.2
12076010,0
12076090,7.2
12077010,0
12077090,7.2
12079110,0
12079190,7.2
12079910,0
12079990,7.2
12081000,9
12089000,9
12091000,0
12092100,0
12092200,0
12092300,0
12092400,0
12092500,0
12092900,0
12093000,0
12099100,0
12099900,0
12101000,7.2
12102010,7.2
12102020,7.2
12112000,7.2
12113000,7.2
12114000,7.2
12115000,7.2
12116000,7.2
12119010,7.2
12119090,7.2
12122100,5.4
12122900,5.4
12129100,7.2
12129200,7.2
12129300,7.2
12129400,7.2
12129910,7.2
12129990,7.2
12130000,7.2
12141000,7.2
12149000,7.2
13012000,3.6
13019010,3.6
13019090,7.2
13021110,7.2
13021190,7.2
13021200,7.2
13021300,7.2
13021400,7.2
13021910,7.2
13021920,7.2
13021930,0
13021940,0
13021950,0
13021960,12.6
13021991,0
13021999,7.2
13022010,7.2
13022090,7.2
13023100,9
13023211,7.2
13023219,7.2
13023220,0
13023910,9
13023990,7.2
14011000,5.4
14012000,5.4
14019000,5.4
14042010,5.4
14042090,5.4
14049010,5.4
14049090,5.4
15011000,7.2
15012000,7.2
15019000,7.2
15021011,5.4
15021012,5.4
15021019,5.4
15021090,5.4
15029000,5.4
15030000,7.2
15041011,3.6
15041019,3.6
15041090,9
15042000,9
15043000,9
15050010,7.2
15050090,5.4
15060000,5.4
15071000,9
15079011,10.8
15079019,10.8
15079090,9
15081000,9
15089000,10.8
15092000,0
15093000,9
15094000,9
15099010,9
15099090,9
15101000,9
15109000,9
15111000,9
15119000,0
15121110,0
15121120,9
15121911,10.8
15121919,10.8
15121920,9
15122100,9
15122910,9
15122990,9
15131100,9
15131900,9
15132111,9
15132119,9
15132120,9
15132911,9
15132919,9
15132920,9
15141100,9
15141910,9
15141990,9
15149100,9
15149910,9
15149990,9
15151100,9
15151900,9
15152100,9
15152910,9
15152990,9
15153000,9
15155000,9
15156000,9
15159010,9
15159021,9
15159022,9
15159090,9
15161000,9
15162000,9
15163000,9
15171000,10.8
15179010,10.8
15179090,10.8
15180010,9
15180090,9
15200010,7.2
15200020,9
15211000,9
15219011,9
15219019,9
15219090,9
15220000,9
16010000,14.4
16021000,14.4
16022000,14.4
16023100,14.4
16023210,14.4
16023220,14.4
16023230,14.4
16023290,14.4
16023900,14.4
16024100,14.4
16024200,14.4
16024900,14.4
16025000,14.4
16029000,14.4
16030000,14.4
16041100,14.4
16041200,14.4
16041310,32
16041390,14.4
16041410,14.4
16041420,14.4
16041430,14.4
16041500,14.4
16041600,14.4
16041700,14.4
16041800,14.4
16041900,14.4
16042010,14.4
16042020,14.4
16042030,14.4
16042090,14.4
16043100,14.4
16043200,14.4
16051000,14.4
16052100,14.4
16052900,14.4
16053000,14.4
16054000,14.4
16055100,14.4
16055200,14.4
16055300,14.4
16055400,14.4
16055500,14.4
16055600,14.4
16055700,14.4
16055800,14.4
16055900,14.4
16056100,14.4
16056200,14.4
16056300,14.4
16056900,14.4
17011200,14.4
17011300,14.4
17011400,0
17019100,14.4
17019900,14.4
17021100,14.4
17021900,14.4
17022000,14.4
17023011,14.4
17023019,14.4
17023020,14.4
17024010,14.4
17024020,14.4
17025000,14.4
17026010,14.4
17026020,14.4
17029000,14.4
17031000,14.4
17039000,14.4
17041000,18
17049010,18
17049020,18
17049090,18
18010000,9
18020000,9
18031000,10.8
18032000,10.8
18040000,10.8
18050000,12.6
18061000,16.2
18062000,16.2
18063110,18
18063120,18
18063210,18
18063220,18
18069000,18
19011020,16.2
19011030,16.2
19011090,16.2
19012010,12.6
19012020,12.6
19012090,12.6
19019010,12.6
19019090,14.4
19021100,14.4
19021900,0
19022000,14.4
19023000,14.4
19024000,14.4
19030000,14.4
19041000,14.4
19042000,14.4
19043000,14.4
19049000,14.4
19051000,16.2
19052010,16.2
19052090,16.2
19053100,16.2
19053200,16.2
19054000,16.2
19059010,16.2
19059020,0
19059090,16.2
20011000,12.6
20019000,12.6
20021000,12.6
20029000,12.6
20031000,12.6
20039000,12.6
20041000,12.6
20049000,12.6
20051000,12.6
20052000,12.6
20054000,12.6
20055100,12.6
20055900,12.6
20056000,12.6
20057000,12.6
20058000,12.6
20059100,12.6
20059900,12.6
20060000,12.6
20071000,12.6
20079100,12.6
20079910,12.6
20079921,12.6
20079922,12.6
20079923,12.6
20079924,12.6
20079925,12.6
20079926,12.6
20079927,12.6
20079929,12.6
20079990,12.6
20081100,12.6
20081900,12.6
20082010,12.6
20082090,12.6
20083000,12.6
20084010,12.6
20084090,12.6
20085000,12.6
20086010,12.6
20086090,12.6
20087010,35
20087020,35
20087090,35
20088000,12.6
20089100,12.6
20089300,12.6
20089710,12.6
20089790,12.6
20089900,12.6
20091100,12.6
20091200,12.6
20091900,12.6
20092100,12.6
20092900,12.6
20093100,12.6
20093900,12.6
20094100,12.6
20094900,12.6
20095000,12.6
20096100,12.6
20096900,12.6
20097100,12.6
20097900,12.6
20098100,12.6
20098911,12.6
20098912,12.6
20098913,12.6
20098919,12.6
20098921,12.6
20098922,12.6
20098990,12.6
20099000,12.6
21011110,14.4
21011190,14.4
21011200,14.4
21012010,14.4
21012020,14.4
21013000,12.6
21021010,0
21021090,12.6
21022000,12.6
21023000,12.6
21031010,16.2
21031090,14.4
21032010,16.2
21032090,14.4
21033010,14.4
21033021,16.2
21033029,14.4
21039011,16.2
21039019,14.4
21039021,16.2
21039029,14.4
21039091,16.2
21039099,14.4
21041011,16.2
21041019,14.4
21041021,16.2
21041029,14.4
21042000,14.4
21050010,16.2
21050090,14.4
21061000,12.6
21069010,12.6
21069021,16.2
21069029,14.4
21069040,12.6
21069050,14.4
21069060,14.4
21069090,14.4
22011000,18
22019000,18
22021000,18
22029100,18
22029900,18
22030000,18
22041010,18
22041090,18
22042100,20
22042211,18
22042219,18
22042220,18
22042910,18
22042920,18
22043000,18
22051000,18
22059000,18
22060010,18
22060090,18
22071010,18
22071090,18
22072011,18
22072019,18
22072020,18
22082000,18
22083010,10.8
22083020,18
22083090,18
22084000,18
22085000,18
22086000,18
22087000,18
22089000,18
22090000,18
23011010,5.4
23011090,5.4
23012010,5.4
23012090,5.4
23021000,5.4
23023010,5.4
23023090,5.4
23024000,5.4
23025000,5.4
23031000,5.4
23032000,5.4
23033000,5.4
23040010,5.4
23040090,5.4
23050000,5.4
23061000,5.4
23062000,5.4
23063010,5.4
23063090,5.4
23064100,5.4
23064900,5.4
23065000,5.4
23066000,5.4
23069010,5.4
23069090,5.4
23070000,5.4
23080000,5.4
23091000,12.6
23099010,7.2
23099020,7.2
23099030,12.6
23099040,0
23099050,0
23099060,0
23099090,7.2
24011010,12.6
24011020,12.6
24011030,12.6
24011040,9
24011090,12.6
24012010,12.6
24012020,12.6
24012030,12.6
24012040,12.6
24012090,12.6
24013000,12.6
24021000,18
24022000,18
24029000,18
24031100,18
24031900,18
24039100,12.6
24039910,12.6
24039990,16.2
24041100,12.6
24041200,12.6
24041900,16.2
24049100,14.4
24049200,12.6
24049900,12.6
25010011,3.6
25010019,3.6
25010020,3.6
25010090,3.6
25020000,3.6
25030010,0
25030090,0
25041000,3.6
25049000,3.6
25051000,3.6
25059000,3.6
25061000,3.6
25062000,3.6
25070010,3.6
25070090,3.6
25081000,3.6
25083000,3.6
25084010,3.6
25084090,3.6
25085000,3.6
25086000,3.6
25087000,3.6
25090000,3.6
25101010,0
25101090,0
25102010,0
25102090,0
25111000,3.6
25112000,3.6
25120000,3.6
25131000,3.6
25132000,3.6
25140000,3.6
25151100,3.6
25151210,5.4
25151220,5.4
25152000,3.6
25161100,3.6
25161200,5.4
25162000,3.6
25169000,3.6
25171000,3.6
25172000,3.6
25173000,3.6
25174100,3.6
25174900,3.6
25181000,3.6
25182000,3.6
25191000,3.6
25199010,3.6
25199090,3.6
25201011,3.6
25201019,3.6
25201020,3.6
25202010,3.6
25202090,3.6
25210000,3.6
25221000,3.6
25222000,3.6
25223000,3.6
25231000,3.6
25232100,3.6
25232910,3.6
25232990,3.6
25233000,3.6
25239000,3.6
25241000,3.6
25249000,3.6
25251000,3.6
25252000,3.6
25253000,3.6
25261000,3.6
25262000,3.6
25280000,3.6
25291000,3.6
25292100,3.6
25292200,3.6
25293000,3.6
25301010,3.6
25301090,3.6
25302000,3.6
25309010,3.6
25309020,3.6
25309030,3.6
25309040,3.6
25309090,3.6
26011100,0
26011210,0
26011290,0
26012000,0
26020010,0
26020090,0
26030010,0
26030090,0
26040000,0
26050000,0
26060011,0
26060012,0
26060090,0
26070000,3.6
26080010,0
26080090,0
26090000,0
26100010,0
26100090,0
26110000,0
26121000,3.6
26122000,3.6
26131010,0
26131090,0
26139010,0
26139090,0
26140010,0
26140090,0
26151010,0
26151020,0
26151090,0
26159000,0
26161000,0
26169000,3.6
26171000,0
26179000,0
26180000,3.6
26190000,3.6
26201100,3.6
26201900,3.6
26202100,3.6
26202900,3.6
26203000,3.6
26204000,3.6
26206000,3.6
26209100,3.6
26209910,0
26209990,3.6
26211000,3.6
26219010,3.6
26219090,3.6
27011100,0
27011200,0
27011900,0
27012000,0
27021000,0
27022000,0
27030000,0
27040011,0
27040012,0
27040090,0
27050000,0
27060000,0
27071000,0
27072000,0
27073000,0
27074000,0
27075010,3.6
27075090,0
27079100,0
27079910,0
27079990,0
27081000,0
27082000,0
27090010,0
27090090,0
27101210,0
27101221,0
27101229,0
27101230,0
27101241,0
27101249,0
27101251,0
27101259,0
27101260,0
27101290,0
27101911,0
27101919,0
27101921,0
27101922,0
27101929,0
27101931,0
27101932,5.4
27101992,0
27101993,0
27101994,0
27101999,0
27102000,0
27109900,0
27111100,0
27111210,0
27111290,0
27111300,0
27111400,0
27111910,0
27111990,0
27112100,0
27112910,0
27112990,0
27121000,3.6
27122000,3.6
27129000,3.6
27131100,0
27131200,0
27132000,0
27139000,0
27141000,0
27149000,0
27150000,0
27160000,0
28011000,7.2
28012010,0
28012090,0
28013000,0
28020000,0
28030011,0
28030019,7.2
28030090,7.2
28041000,5.4
28042100,5.4
28042910,0
28042990,0
28043000,5.4
28044000,5.4
28045000,0
28046100,0
28046900,0
28047010,0
28047020,0
28047030,0
28048000,0
28049000,0
28051100,0
28051200,0
28051910,0
28051920,0
28051990,0
28053010,0
28053090,0
28054000,0
28061010,5.4
28061020,7.2
28062000,0
28070010,0
28070020,3.6
28080010,9
28080020,0
28091000,0
28092011,17.5
28092019,3.6
28092020,0
28092030,0
28092090,0
28100010,9
28100090,9
28111100,0
28111200,0
28111910,0
28111920,0
28111930,9
28111940,0
28111990,0
28112100,3.6
28112220,0
28112230,9
28112290,0
28112910,9
28112990,0
28121100,0
28121200,0
28121300,0
28121400,0
28121500,0
28121600,0
28121700,0
28121911,0
28121919,0
28121920,0
28129000,0
28131000,9
28139010,0
28139090,0
28141000,3.6
28142000,3.6
28151100,7.2
28151200,7.2
28152000,5.4
28153000,0
28161010,9
28161020,0
28164010,0
28164090,0
28170010,9
28170020,0
28181010,0
28181090,0
28182010,0
28182090,0
28183000,0
28191000,9
28199010,0
28199020,0
28209010,9
28209020,0
28209030,9
28209040,0
28211011,9
28211019,0
28211020,0
28211030,9
28211090,9
28212000,0
28220010,0
28220090,0
28230010,9
28230090,7.2
28241000,0
28249010,0
28249090,0
28251010,0
28251020,0
28252010,0
28252020,9
28253010,0
28253090,0
28254010,9
28254090,0
28255010,9
28255090,9
28256010,0
28256020,0
28257010,0
28257090,0
28258010,9
28258090,9
28259010,0
28259020,0
28259090,0
28261200,0
28261910,0
28261920,0
28261990,9
28263000,0
28269010,0
28269020,9
28269090,0
28271000,9
28272010,9
28272090,9
28273110,9
28273190,9
28273200,9
28273500,9
28273910,0
28273920,0
28273940,0
28273950,0
28273960,0
28273970,0
28273991,0
28273992,0
28273993,0
28273994,0
28273995,0
28273996,9
28273997,9
28273999,9
28274110,9
28274120,9
28274911,0
28274912,0
28274919,0
28274921,9
28274929,0
28275100,0
28275900,0
28276011,9
28276012,9
28276019,0
28276021,0
28276029,0
28281000,9
28289011,9
28289019,0
28289020,10.8
28289090,0
28291100,9
28291910,0
28291920,9
28291990,0
28299011,0
28299012,0
28299019,0
28299021,0
28299022,0
28299029,0
28299031,9
28299032,9
28299039,0
28299040,0
28299050,9
28301010,9
28301020,9
28309011,0
28309012,0
28309013,9
28309014,0
28309015,0
28309016,0
28309019,0
28309020,0
28311011,0
28311019,0
28311021,0
28311029,0
28319010,0
28319090,0
28321010,9
28321090,9
28322000,0
28323010,9
28323020,9
28323090,0
28331110,9
28331190,9
28331900,0
28332100,9
28332200,9
28332400,9
28332510,9
28332520,0
28332710,0
28332790,9
28332910,0
28332920,0
28332930,0
28332940,9
28332950,0
28332960,3.6
28332970,9
28332990,9
28333000,9
28334010,0
28334020,0
28334090,0
28341010,0
28341090,0
28342110,0
28342190,9
28342910,3.6
28342930,0
28342940,0
28342990,9
28351011,0
28351019,0
28351021,0
28351029,0
28352200,9
28352400,9
28352500,0
28352600,9
28352910,0
28352920,0
28352930,0
28352940,0
28352950,0
28352960,0
28352970,0
28352980,9
28352990,9
28353110,9
28353190,9
28353910,9
28353920,17.5
28353930,0
28353990,9
28362010,9
28362090,9
28364000,9
28365000,9
28366010,0
28366090,9
28369100,9
28369200,0
28369911,9
28369912,0
28369919,9
28369920,0
28371100,9
28371911,0
28371912,9
28371914,9
28371915,9
28371919,0
28371920,0
28372011,0
28372012,0
28372019,0
28372021,0
28372022,0
28372023,0
28372029,0
28372090,0
28391100,9
28391900,9
28399010,9
28399020,9
28399030,9
28399040,0
28399050,9
28399090,0
28401100,9
28401900,9
28402000,9
28403000,0
28413000,0
28415011,0
28415012,9
28415013,9
28415014,9
28415015,9
28415016,0
28415019,0
28415020,0
28416100,0
28416910,0
28416920,0
28416930,0
28417010,9
28417020,9
28417090,0
28418010,0
28418020,0
28418090,0
28419011,9
28419012,9
28419013,9
28419014,9
28419015,9
28419019,0
28419021,9
28419022,9
28419029,0
28419030,0
28419041,9
28419042,9
28419043,9
28419049,0
28419050,0
28419060,0
28419070,0
28419081,9
28419082,0
28419083,0
28419089,0
28419090,0
28421010,9
28421090,0
28429000,0
28431000,9
28432100,9
28432910,0
28432990,9
28433010,0
28433090,9
28439011,0
28439019,0
28439020,0
28439030,0
28439090,9
28441000,0
28442000,0
28443000,0
28444100,0
28444200,0
28444310,9
28444320,0
28444330,0
28444390,0
28444400,0
28445000,0
28451000,0
28452000,0
28453000,0
28454000,0
28459000,0
28461010,0
28461090,0
28469010,0
28469020,0
28469030,0
28469090,0
28470000,9
28491000,9
28492000,9
28499010,0
28499020,0
28499030,0
28499090,0
28500010,0
28500020,9
28500090,0
28521011,0
28521012,0
28521013,0
28521014,0
28521019,0
28521021,0
28521022,10.8
28521023,10.8
28521024,0
28521025,0
28521029,0
28529000,0
28531000,0
28539011,9
28539012,0
28539013,0
28539019,0
28539020,0
28539030,0
28539090,0
29011000,0
29012100,0
29012200,0
29012300,0
29012410,0
29012420,0
29012900,0
29021100,7.2
29021910,0
29021990,0
29022000,3.6
29023000,3.6
29024100,3.6
29024200,0
29024300,3.6
29024400,3.6
29026000,0
29027000,7.2
29029010,0
29029020,0
29029030,0
29029040,9
29029090,0
29031110,9
29031120,9
29031200,0
29031300,0
29031400,0
29031500,9
29031910,0
29031920,0
29031990,0
29032100,9
29032200,0
29032300,0
29032910,0
29032990,0
29034100,0
29034200,0
29034300,0
29034400,0
29034510,0
29034520,0
29034600,0
29034700,0
29034800,0
29034900,0
29035100,0
29035910,0
29035990,0
29036100,0
29036200,0
29036910,0
29036920,0
29036990,0
29037100,9
29037200,0
29037300,0
29037400,0
29037500,0
29037600,0
29037711,0
29037712,0
29037713,0
29037721,0
29037722,0
29037723,0
29037724,0
29037731,0
29037732,0
29037733,0
29037734,0
29037735,0
29037736,0
29037737,0
29037790,0
29037800,0
29037911,0
29037912,0
29037919,0
29037920,0
29037931,0
29037939,0
29037990,0
29038110,0
29038120,0
29038130,0
29038190,0
29038210,0
29038220,0
29038230,0
29038300,0
29038910,0
29038990,0
29039110,0
29039120,0
29039130,0
29039210,0
29039220,0
29039300,0
29039400,0
29039911,0
29039912,0
29039913,0
29039914,0
29039915,0
29039916,0
29039917,0
29039918,0
29039919,0
29039921,0
29039922,0
29039923,0
29039924,0
29039929,0
29039931,0
29039939,0
29039990,0
29041011,0
29041012,0
29041013,0
29041019,7.2
29041020,12.6
29041030,12.6
29041040,0
29041051,12.6
29041052,12.6
29041053,0
29041059,0
29041060,0
29041090,0
29042010,0
29042020,0
29042030,0
29042041,10.8
29042049,0
29042051,10.8
29042052,0
29042059,0
29042060,0
29042070,0
29042090,0
29043100,0
29043200,0
29043300,0
29043400,0
29043500,0
29043600,0
29049100,0
29049911,0
29049912,0
29049913,0
29049914,0
29049915,0
29049916,0
29049919,0
29049921,0
29049929,0
29049930,0
29049940,0
29049990,0
29051100,0
29051210,0
29051220,10.8
29051420,10.8
29051430,0
29051600,10.8
29051710,0
29051720,10.8
29051730,10.8
29051911,0
29051912,0
29051919,0
29051921,0
29051922,0
29051923,0
29051929,0
29051991,10.8
29051992,10.8
29051993,0
29051994,0
29051995,0
29051996,10.8
29051999,0
29052210,0
29052220,0
29052230,0
29052290,10.8
29052910,0
29052990,0
29053100,10.8
29053910,10.8
29053920,10.8
29053930,10.8
29053990,0
29054100,0
29054200,0
29054300,12.6
29054400,12.6
29054500,9
29054900,0
29055100,0
29055910,0
29055990,0
29061100,10.8
29061200,10.8
29061300,0
29061910,0
29061920,0
29061930,0
29061940,0
29061950,10.8
29061990,0
29062100,0
29062910,0
29062920,0
29062990,0
29071200,0
29071300,9
29071510,0
29071590,0
29071910,0
29071920,0
29071930,0
29071940,0
29071990,0
29072100,0
29072200,0
29072900,0
29081100,0
29081911,0
29081912,0
29081913,0
29081914,0
29081915,0
29081916,0
29081919,0
29081921,0
29081929,0
29081990,0
29089100,0
29089200,0
29089912,0
29089913,0
29089919,0
29089921,12.6
29089929,0
29089930,0
29089990,0
29091100,0
29091910,10.8
29091920,12.6
29091990,0
29092000,0
29093011,0
29093012,0
29093013,0
29093014,0
29093019,0
29093021,0
29093022,0
29093023,0
29093024,0
29093025,0
29093029,0
29094100,12.6
29094310,12.6
29094320,12.6
29094411,12.6
29094412,12.6
29094413,0
29094419,12.6
29094421,12.6
29094429,12.6
29094910,0
29094921,12.6
29094922,12.6
29094923,0
29094924,12.6
29094929,0
29094932,12.6
29094939,0
29094941,12.6
29094949,0
29094950,0
29094990,0
29095011,0
29095012,0
29095013,0
29095019,0
29095090,0
29096011,0
29096012,0
29096013,0
29096019,10.8
29096090,10.8
29101000,0
29102000,0
29103000,0
29104000,0
29105000,0
29109010,0
29109090,0
29110010,0
29110090,0
29121100,10.8
29121200,10.8
29121911,0
29121912,0
29121919,0
29121921,0
29121922,10.8
29121923,0
29121929,0
29121991,0
29121999,0
29122100,0
29122910,0
29122920,0
29122990,0
29124100,0
29124200,0
29124910,0
29124920,0
29124930,0
29124941,0
29124949,0
29124990,0
29125000,0
29126000,0
29130010,0
29130090,0
29141100,10.8
29141300,10.8
29141910,0
29141921,0
29141922,0
29141923,10.8
29141929,10.8
29141930,0
29141940,0
29141950,0
29141990,10.8
29142210,0
29142220,0
29142310,0
29142320,0
29142910,0
29142920,0
29142990,0
29143100,0
29143910,10.8
29143990,0
29144010,10.8
29144091,0
29144099,0
29145010,0
29145020,0
29145090,0
29146100,0
29146200,0
29146910,0
29146920,0
29146990,0
29147100,0
29147911,0
29147919,0
29147921,7.2
29147922,0
29147929,0
29147990,0
29151100,0
29151210,0
29151290,0
29151310,10.8
29151390,0
29152100,10.8
29152400,0
29152910,10.8
29152920,10.8
29152990,10.8
29153200,0
29153600,10.8
29153910,0
29153929,10.8
29153931,10.8
29153932,10.8
29153941,0
29153942,0
29153951,0
29153952,0
29153953,0
29153954,0
29153955,0
29153961,0
29153962,0
29153963,0
29153991,0
29153992,0
29153993,0
29153994,0
29153999,10.8
29154010,0
29154020,0
29154090,0
29155010,0
29155020,10.8
29155030,0
29156011,0
29156012,0
29156019,0
29156021,0
29156029,0
29157011,0
29157019,10.8
29157020,10.8
29157031,10.8
29157039,10.8
29157040,10.8
29159010,0
29159022,10.8
29159023,0
29159024,0
29159029,10.8
29159031,0
29159032,0
29159033,10.8
29159039,0
29159041,0
29159043,10.8
29159049,10.8
29159050,0
29159060,0
29159090,0
29161110,6
29161120,0
29161210,10.8
29161220,0
29161230,20
29161240,10.8
29161290,0
29161310,0
29161320,0
29161420,10.8
29161430,0
29161490,0
29161511,0
29161519,10.8
29161520,0
29161600,0
29161911,10.8
29161919,0
29161921,0
29161922,0
29161923,0
29161929,0
29161990,0
29162011,0
29162012,0
29162013,0
29162014,10.8
29162015,0
29162019,0
29162090,0
29163110,10.8
29163121,10.8
29163122,10.8
29163129,0
29163131,10.8
29163132,10.8
29163139,0
29163210,10.8
29163220,0
29163400,0
29163910,0
29163920,0
29163930,0
29163940,10.8
29163990,0
29171110,0
29171120,0
29171310,0
29171321,0
29171322,10.8
29171323,10.8
29171329,0
29171910,10.8
29171921,10.8
29171922,10.8
29171990,0
29172000,0
29173600,10.8
29173700,10.8
29173911,0
29173919,0
29173920,10.8
29173939,0
29173940,5.4
29173950,0
29173990,0
29181100,10.8
29181200,10.8
29181310,10.8
29181320,0
29181400,10.8
29181500,10.8
29181610,0
29181690,10.8
29181700,0
29181800,0
29181910,0
29181921,0
29181922,0
29181929,0
29181930,10.8
29181942,0
29181943,0
29181990,0
29182110,7
29182120,10.8
29182211,10.8
29182212,10.8
29182219,0
29182220,0
29182300,10.8
29182910,0
29182921,0
29182922,10.8
29182923,10.8
29182929,0
29182930,0
29182940,0
29182950,0
29182990,0
29183010,0
29183020,0
29183031,0
29183032,0
29183033,0
29183039,0
29183040,0
29183090,0
29189100,0
29189911,0
29189912,12.6
29189919,0
29189921,0
29189929,0
29189930,0
29189940,0
29189950,0
29189960,0
29189991,0
29189992,0
29189993,10.8
29189994,0
29189999,0
29191000,0
29199010,0
29199020,0
29199030,9
29199040,10.8
29199050,10.8
29199060,0
29199090,0
29201110,0
29201120,0
29201910,0
29201920,0
29201990,0
29202100,0
29202200,0
29202300,0
29202400,0
29202910,10.8
29202920,0
29202930,10.8
29202940,0
29202950,0
29202990,0
29203000,10.8
29209022,0
29209029,0
29209031,0
29209032,10.8
29209033,10.8
29209039,0
29209041,0
29209042,10.8
29209049,0
29209051,10.8
29209059,0
29209090,0
29211111,0
29211112,0
29211121,0
29211122,0
29211123,0
29211129,0
29211131,0
29211132,0
29211139,0
29211200,0
29211300,0
29211400,0
29211911,0
29211912,0
29211913,0
29211914,0
29211915,0
29211919,0
29211921,0
29211922,0
29211923,0
29211924,0
29211929,0
29211931,0
29211939,0
29211941,0
29211949,0
29211991,0
29211992,0
29211993,12.6
29211994,10.8
29211999,0
29212100,0
29212910,0
29212920,0
29212990,0
29213011,12.6
29213012,10.8
29213019,0
29213020,0
29213090,0
29214100,10.8
29214211,0
29214219,0
29214221,0
29214229,0
29214231,0
29214239,0
29214241,0
29214249,0
29214290,0
29214311,10.8
29214319,0
29214321,0
29214322,12.6
29214323,0
29214329,0
29214410,0
29214421,0
29214422,0
29214429,0
29214500,0
29214610,0
29214620,0
29214630,0
29214640,0
29214650,0
29214660,0
29214670,0
29214680,0
29214690,0
29214910,0
29214921,0
29214922,0
29214929,0
29214931,12.6
29214939,0
29214990,0
29215111,0
29215112,0
29215119,0
29215120,0
29215131,10.8
29215132,0
29215133,0
29215134,0
29215135,0
29215139,0
29215190,0
29215911,0
29215919,0
29215921,10.8
29215929,0
29215931,0
29215932,0
29215939,0
29215990,0
29221200,12.6
29221400,0
29221500,12.6
29221600,0
29221700,0
29221800,0
29221911,0
29221912,12.6
29221913,12.6
29221919,0
29221921,12.6
29221929,0
29221931,0
29221939,0
29221941,0
29221949,0
29221951,0
29221952,0
29221959,0
29221971,0
29221979,0
29221981,0
29221989,0
29221991,0
29221992,0
29221993,12.6
29221994,12.6
29221995,12.6
29221996,10.8
29221999,0
29222100,0
29222911,0
29222919,0
29222920,0
29222990,0
29223111,12.6
29223112,0
29223120,0
29223130,0
29223910,0
29223921,10.8
29223929,0
29223990,0
29224110,10.8
29224190,10.8
29224210,0
29224220,7.2
29224300,0
29224410,0
29224420,0
29224910,0
29224920,10.8
29224931,0
29224932,0
29224940,10.8
29224951,0
29224952,10.8
29224959,0
29224961,12.6
29224962,12.6
29224963,12.6
29224964,12.6
29224969,0
29224990,0
29225011,0
29225019,0
29225031,12.6
29225032,0
29225039,0
29225091,0
29225099,0
29231000,0
29232000,10.8
29233000,0
29234000,0
29239010,10.8
29239020,0
29239030,0
29239040,10.8
29239050,10.8
29239060,10.8
29239090,0
29241100,0
29241210,0
29241220,0
29241230,12.6
29241911,0
29241919,0
29241921,0
29241922,0
29241929,0
29241931,0
29241932,0
29241939,0
29241942,12.6
29241949,0
29241991,0
29241992,0
29241993,12.6
29241994,12.6
29241999,0
29242111,0
29242119,0
29242120,12.6
29242190,0
29242300,0
29242400,0
29242500,12.6
29242911,10.8
29242912,0
29242913,12.6
29242914,12.6
29242915,12.6
29242919,0
29242920,0
29242931,0
29242932,0
29242939,0
29242941,0
29242943,0
29242944,0
29242945,0
29242946,12.6
29242947,0
29242949,0
29242951,12.6
29242952,12.6
29242959,0
29242961,12.6
29242962,12.6
29242963,12.6
29242964,0
29242969,0
29242991,0
29242992,0
29242993,0
29242994,0
29242995,0
29242996,12.6
29242999,0
29251100,12.6
29251200,0
29251910,12.6
29251990,0
29252100,0
29252911,0
29252919,0
29252921,0
29252922,0
29252923,10.8
29252929,0
29252930,10.8
29252940,12.6
29252950,0
29252990,0
29261000,10.8
29262000,0
29263011,12.6
29263012,0
29263020,0
29264000,0
29269011,0
29269012,0
29269019,0
29269021,0
29269022,0
29269023,12.6
29269024,0
29269025,0
29269026,0
29269029,0
29269030,0
29269091,0
29269092,0
29269093,12.6
29269095,0
29269096,10.8
29269099,0
29270010,0
29270021,12.6
29270029,0
29270030,0
29280011,0
29280019,0
29280020,0
29280030,0
29280041,10.8
29280042,10.8
29280090,0
29291010,0
29291021,2
29291029,12.6
29291030,0
29291090,0
29299011,0
29299012,10.8
29299019,0
29299090,0
29301000,0
29302011,0
29302012,0
29302013,0
29302019,0
29302021,10.8
29302022,10.8
29302023,10.8
29302024,12.6
29302029,0
29303011,10.8
29303012,10.8
29303019,0
29303021,10.8
29303022,0
29303029,0
29303090,0
29304010,0
29304090,0
29306000,0
29307000,0
29308010,0
29308020,0
29308030,10.8
29309011,0
29309012,0
29309013,0
29309019,0
29309021,0
29309022,0
29309023,0
29309029,0
29309031,0
29309032,0
29309033,0
29309034,0
29309035,0
29309036,10.8
29309037,10.8
29309039,0
29309041,0
29309042,0
29309043,0
29309049,0
29309051,0
29309052,10.8
29309053,0
29309054,0
29309057,12.6
29309059,0
29309061,10.8
29309069,0
29309071,0
29309072,12.6
29309079,0
29309081,0
29309082,0
29309083,0
29309084,0
29309085,0
29309086,0
29309087,0
29309088,0
29309089,0
29309091,0
29309093,10.8
29309094,0
29309095,0
29309096,10.8
29309097,10.8
29309098,10.8
29309099,0
29311000,0
29312000,0
29314100,10.8
29314200,10.8
29314300,10.8
29314400,10.8
29314500,10.8
29314600,10.8
29314700,10.8
29314800,10.8
29314911,0
29314912,0
29314913,12.6
29314914,3.8
29314915,0
29314916,0
29314920,10.8
29314940,10.8
29314990,10.8
29315100,10.8
29315200,10.8
29315300,10.8
29315400,10.8
29315911,0
29315912,0
29315913,0
29315991,10.8
29315992,10.8
29315993,10.8
29315994,10.8
29315999,10.8
29319021,0
29319029,0
29319041,0
29319042,0
29319043,0
29319044,0
29319045,10.8
29319046,10.8
29319049,0
29319051,0
29319052,0
29319053,0
29319054,0
29319059,0
29319061,0
29319062,10.8
29319069,0
29319090,0
29321100,0
29321200,10.8
29321310,10.8
29321320,0
29321400,0
29321910,0
29321920,0
29321930,12.6
29321940,10.8
29321950,10.8
29321990,0
29322000,0
29329100,0
29329200,0
29329300,10.8
29329400,0
29329500,0
29329600,0
29329911,10.8
29329912,12.6
29329913,0
29329991,12.6
29329992,0
29329993,12.6
29329994,0
29329999,0
29331111,0
29331112,0
29331119,0
29331120,0
29331190,0
29331911,0
29331919,0
29331990,0
29332110,0
29332121,12.6
29332129,0
29332190,0
29332911,0
29332912,12.6
29332913,12.6
29332919,0
29332921,12.6
29332922,12.6
29332923,0
29332924,0
29332925,0
29332929,0
29332930,0
29332940,10.8
29332991,0
29332992,0
29332993,0
29332994,10.8
29332995,10.8
29332999,0
29333110,0
29333120,0
29333200,0
29333311,0
29333312,0
29333319,0
29333321,0
29333322,10.8
29333329,0
29333331,0
29333332,0
29333339,0
29333341,0
29333342,12.6
29333349,0
29333351,0
29333352,0
29333359,0
29333361,0
29333362,0
29333363,0
29333369,0
29333371,0
29333372,0
29333379,0
29333381,0
29333382,0
29333383,0
29333384,12.6
29333389,0
29333391,0
29333392,0
29333393,0
29333394,0
29333399,0
29333400,0
29333500,0
29333600,0
29333700,0
29333912,10.8
29333913,0
29333914,0
29333915,0
29333919,0
29333921,0
29333922,0
29333923,12.6
29333924,12.6
29333925,12.6
29333929,0
29333931,12.6
29333932,0
29333933,0
29333934,0
29333935,12.6
29333937,0
29333939,0
29333943,12.6
29333944,12.6
29333945,12.6
29333946,0
29333948,10.8
29333949,0
29333981,12.6
29333982,12.6
29333983,12.6
29333984,10.8
29333989,0
29333991,0
29333992,0
29333993,0
29333994,0
29333999,0
29334110,0
29334120,0
29334911,0
29334912,0
29334913,12.6
29334919,0
29334920,0
29334930,0
29334940,0
29334990,0
29335200,0
29335311,0
29335312,0
29335321,0
29335322,0
29335323,0
29335330,0
29335340,12.6
29335350,0
29335360,0
29335371,0
29335372,0
29335380,0
29335400,0
29335510,0
29335520,0
29335530,0
29335540,0
29335911,0
29335912,12.6
29335913,0
29335914,0
29335915,10.8
29335916,0
29335919,0
29335921,12.6
29335922,0
29335923,0
29335929,0
29335931,12.6
29335932,0
29335933,0
29335934,12.6
29335935,12.6
29335939,0
29335941,12.6
29335942,0
29335943,0
29335944,12.6
29335945,7.2
29335949,0
29335991,0
29335992,12.6
29335999,0
29336100,0
29336911,0
29336912,0
29336913,10.8
29336914,10.8
29336915,0
29336916,0
29336919,0
29336921,12.6
29336922,0
29336923,0
29336929,0
29336991,0
29336992,12.6
29336999,0
29337100,0
29337210,0
29337220,0
29337910,0
29337990,0
29339111,10.8
29339112,0
29339113,0
29339114,0
29339115,10.8
29339119,0
29339121,0
29339122,12.6
29339123,0
29339129,0
29339131,0
29339132,0
29339133,0
29339134,0
29339139,0
29339141,0
29339142,0
29339143,0
29339149,0
29339151,12.6
29339152,0
29339153,12.6
29339159,0
29339161,0
29339162,0
29339163,0
29339164,0
29339169,0
29339171,0
29339172,0
29339173,0
29339179,0
29339181,0
29339182,0
29339183,10.8
29339189,0
29339200,0
29339911,12.6
29339912,0
29339913,0
29339919,0
29339920,0
29339931,0
29339932,12.6
29339933,0
29339934,0
29339935,0
29339939,0
29339941,0
29339942,0
29339943,0
29339944,0
29339945,0
29339946,12.6
29339947,0
29339949,0
29339951,0
29339952,12.6
29339953,12.6
29339954,12.6
29339955,12.6
29339956,12.6
29339959,0
29339961,0
29339962,0
29339963,0
29339969,0
29339991,0
29339992,0
29339993,12.6
29339995,12.6
29339996,10.8
29339999,0
29341010,0
29341020,12.6
29341030,0
29341090,0
29342010,12.6
29342020,12.6
29342031,0
29342032,0
29342033,12.6
29342034,12.6
29342039,12.6
29342040,12.6
29342090,0
29343010,0
29343020,10.8
29343030,0
29343090,0
29349111,0
29349112,0
29349121,0
29349122,10.8
29349123,0
29349129,0
29349131,0
29349132,0
29349133,0
29349141,12.6
29349142,0
29349149,0
29349150,0
29349160,0
29349170,0
29349200,0
29349911,0
29349912,0
29349913,0
29349914,0
29349915,12.6
29349919,0
29349922,10.8
29349923,0
29349924,10.8
29349925,0
29349926,0
29349927,10.8
29349929,0
29349931,12.6
29349932,0
29349933,12.6
29349934,12.6
29349935,12.6
29349939,0
29349941,0
29349942,3.6
29349943,0
29349944,0
29349945,0
29349946,12.6
29349949,0
29349951,0
29349952,0
29349953,0
29349954,12.6
29349959,0
29349961,10.8
29349969,0
29349991,0
29349992,0
29349993,10.8
29349999,0
29351000,0
29352000,0
29353000,0
29354000,0
29355000,0
29359011,12.6
29359012,0
29359013,0
29359014,0
29359015,0
29359019,0
29359021,12.6
29359022,12.6
29359023,10.8
29359024,10.8
29359025,12.6
29359029,0
29359091,0
29359092,12.6
29359093,12.6
29359094,0
29359095,0
29359096,0
29359099,0
29362111,0
29362112,0
29362113,0
29362119,0
29362190,0
29362210,0
29362220,0
29362290,0
29362310,0
29362320,0
29362390,0
29362410,0
29362490,0
29362510,0
29362520,0
29362590,0
29362610,12.6
29362620,0
29362630,12.6
29362690,0
29362710,0
29362720,0
29362790,0
29362811,0
29362812,0
29362819,0
29362890,0
29362911,0
29362919,0
29362921,0
29362929,0
29362931,0
29362939,0
29362940,0
29362951,0
29362952,0
29362953,0
29362959,12.6
29362990,0
29369000,0
29371100,0
29371200,12.6
29371910,0
29371920,12.6
29371930,0
29371940,0
29371950,10.8
29371990,0
29372110,0
29372120,0
29372130,0
29372140,0
29372210,0
29372221,0
29372229,0
29372231,0
29372239,0
29372290,0
29372310,0
29372321,0
29372322,0
29372329,0
29372331,10.8
29372339,0
29372341,12.6
29372342,12.6
29372349,0
29372351,10.8
29372359,0
29372360,10.8
29372370,10.8
29372391,0
29372392,12.6
29372399,0
29372910,0
29372920,0
29372931,0
29372939,0
29372940,0
29372950,12.6
29372960,0
29372990,0
29375000,0
29379010,12.6
29379030,10.8
29379040,10.8
29379090,0
29381000,10.8
29389010,0
29389020,12.6
29389090,0
29391110,0
29391121,0
29391122,10.8
29391123,0
29391131,0
29391132,0
29391140,0
29391151,0
29391152,0
29391153,0
29391161,0
29391162,0
29391169,0
29391170,0
29391181,0
29391182,0
29391191,0
29391192,0
29391900,0
29392000,0
29393010,0
29393020,0
29394100,0
29394200,0
29394300,0
29394400,0
29394510,0
29394520,0
29394530,0
29394900,0
29395100,0
29395910,0
29395920,0
29395990,0
29396100,0
29396200,0
29396300,0
29396911,0
29396919,0
29396921,0
29396929,0
29396931,0
29396939,0
29396941,0
29396942,0
29396949,0
29396951,0
29396952,0
29396959,0
29396990,0
29397210,0
29397220,0
29397290,0
29397911,0
29397919,0
29397920,0
29397931,12.6
29397939,0
29397940,12.6
29397990,0
29400011,0
29400012,12.6
29400013,12.6
29400019,0
29400021,10.8
29400022,10.8
29400023,0
29400029,0
29400092,0
29400093,12.6
29400094,0
29400099,0
29411010,0
29411020,0
29411031,0
29411039,0
29411041,0
29411042,12.6
29411043,0
29411049,0
29411090,0
29412010,0
29412090,0
29413010,0
29413020,0
29413031,0
29413032,0
29413090,0
29414011,0
29414019,0
29414020,0
29414090,0
29415010,0
29415020,12.6
29415090,0
29419011,0
29419012,0
29419013,0
29419019,0
29419021,0
29419022,0
29419029,0
29419031,0
29419032,0
29419033,12.6
29419034,0
29419035,0
29419036,0
29419037,0
29419039,0
29419041,0
29419042,0
29419043,12.6
29419049,0
29419051,0
29419059,0
29419061,0
29419062,0
29419069,0
29419071,0
29419072,0
29419073,0
29419079,0
29419081,0
29419082,0
29419083,0
29419089,0
29419091,0
29419092,0
29419099,0
29420000,0
30012010,5.4
30012090,5.4
30019010,7.2
30019020,0
30019031,3.6
30019039,3.6
30019090,0
30021211,7.2
30021212,3.6
30021213,3.6
30021214,3.6
30021215,3.6
30021216,3.6
30021219,0
30021221,0
30021222,0
30021223,0
30021224,0
30021229,0
30021231,0
30021232,0
30021233,0
30021234,7.2
30021235,0
30021236,3.6
30021239,0
30021300,0
30021400,0
30021510,0
30021520,0
30021590,0
30024111,0
30024112,0
30024113,0
30024114,0
30024115,0
30024116,0
30024117,3.6
30024118,0
30024119,0
30024121,0
30024122,0
30024123,0
30024124,0
30024125,0
30024126,0
30024127,0
30024128,3.6
30024129,0
30024210,3.6
30024220,3.6
30024230,3.6
30024240,3.6
30024250,3.6
30024260,3.6
30024270,3.6
30024280,3.6
30024290,0
30024910,3.6
30024920,3.6
30024991,3.6
30024992,0
30024994,7.2
30024999,7.2
30025100,3.6
30025900,7.2
30029000,0
30031011,12.6
30031012,7.2
30031013,12.6
30031014,7.2
30031015,7.2
30031019,7.2
30031020,7.2
30032011,7.2
30032019,7.2
30032021,12.6
30032029,7.2
30032031,7.2
30032032,7.2
30032039,7.2
30032041,12.6
30032049,7.2
30032051,12.6
30032052,12.6
30032059,7.2
30032061,12.6
30032062,0
30032063,0
30032069,7.2
30032071,7.2
30032072,0
30032073,0
30032079,7.2
30032091,0
30032092,7.2
30032093,0
30032094,0
30032095,0
30032099,7.2
30033100,12.6
30033911,0
30033912,12.6
30033913,12.6
30033914,7.2
30033915,7.2
30033916,0
30033917,0
30033918,0
30033919,0
30033921,0
30033922,12.6
30033923,12.6
30033924,0
30033925,0
30033926,0
30033927,0
30033929,7.2
30033931,12.6
30033932,12.6
30033933,12.6
30033934,12.6
30033935,12.6
30033936,0
30033937,12.6
30033939,7.2
30033981,10.8
30033982,10.8
30033991,0
30033992,12.6
30033994,12.6
30033995,0
30033999,7.2
30034100,7.2
30034200,7.2
30034300,7.2
30034910,0
30034920,12.6
30034930,7.2
30034940,12.6
30034950,0
30034990,7.2
30036000,7.2
30039011,7.2
30039012,12.6
30039013,12.6
30039014,12.6
30039015,7.2
30039016,7.2
30039017,7.2
30039019,7.2
30039021,0
30039022,0
30039023,0
30039024,0
30039025,0
30039029,7.2
30039031,12.6
30039032,12.6
30039033,12.6
30039034,12.6
30039035,12.6
30039036,12.6
30039037,12.6
30039038,0
30039039,7.2
30039041,12.6
30039042,12.6
30039043,12.6
30039044,12.6
30039045,12.6
30039046,12.6
30039047,12.6
30039048,0
30039049,7.2
30039051,12.6
30039052,12.6
30039053,12.6
30039054,12.6
30039055,12.6
30039056,12.6
30039057,12.6
30039058,0
30039059,7.2
30039061,12.6
30039062,7.2
30039063,12.6
30039064,12.6
30039065,12.6
30039066,0
30039067,12.6
30039069,7.2
30039071,12.6
30039072,12.6
30039073,12.6
30039074,12.6
30039075,12.6
30039076,12.6
30039077,12.6
30039078,0
30039079,7.2
30039081,7.2
30039082,12.6
30039083,12.6
30039084,12.6
30039085,12.6
30039086,12.6
30039087,12.6
30039088,0
30039089,7.2
30039091,7.2
30039092,12.6
30039093,12.6
30039094,7.2
30039095,0
30039096,12.6
30039097,12.6
30039099,7.2
30041011,12.6
30041012,7.2
30041013,12.6
30041014,12.6
30041015,12.6
30041019,7.2
30041020,7.2
30042011,7.2
30042019,7.2
30042021,12.6
30042029,7.2
30042031,7.2
30042032,7.2
30042039,7.2
30042041,12.6
30042049,7.2
30042051,12.6
30042052,12.6
30042059,7.2
30042061,12.6
30042062,0
30042063,0
30042069,7.2
30042071,7.2
30042072,0
30042073,0
30042079,7.2
30042091,0
30042092,7.2
30042093,0
30042094,0
30042095,0
30042099,7.2
30043100,12.6
30043210,12.6
30043220,12.6
30043290,7.2
30043911,0
30043912,12.6
30043913,7.2
30043914,7.2
30043915,7.2
30043916,0
30043917,0
30043918,0
30043919,0
30043921,0
30043922,12.6
30043923,12.6
30043924,0
30043925,7.2
30043926,0
30043927,0
30043928,0
30043929,0
30043931,12.6
30043932,12.6
30043933,12.6
30043934,12.6
30043935,12.6
30043936,0
30043937,12.6
30043939,7.2
30043981,10.8
30043982,10.8
30043991,0
30043992,12.6
30043994,0
30043999,4
30044100,7.2
30044200,7.2
30044300,7.2
30044910,0
30044920,12.6
30044930,7.2
30044940,12.6
30044950,0
30044990,7.2
30045010,7.2
30045020,12.6
30045030,12.6
30045040,12.6
30045050,7.2
30045060,7.2
30045090,7.2
30046000,7.2
30049011,0
30049012,0
30049013,0
30049014,0
30049015,0
30049019,0
30049021,12.6
30049022,12.6
30049023,12.6
30049024,12.6
30049025,12.6
30049026,12.6
30049027,0
30049028,0
30049029,0
30049031,12.6
30049032,12.6
30049033,12.6
30049034,12.6
30049035,12.6
30049036,12.6
30049037,12.6
30049038,0
30049039,0
30049041,12.6
30049042,12.6
30049043,12.6
30049044,12.6
30049045,12.6
30049046,12.6
30049047,12.6
30049048,0
30049049,0
30049051,12.6
30049052,7.2
30049053,12.6
30049054,12.6
30049055,12.6
30049057,12.6
30049058,0
30049059,7.2
30049061,12.6
30049062,12.6
30049063,12.6
30049064,12.6
30049065,12.6
30049066,12.6
30049067,12.6
30049068,0
30049069,0
30049071,7.2
30049072,12.6
30049073,12.6
30049074,12.6
30049075,12.6
30049076,12.6
30049077,12.6
30049078,0
30049079,0
30049091,7.2
30049092,12.6
30049093,12.6
30049094,7.2
30049095,0
30049096,12.6
30049097,12.6
30049098,0
30049099,0
30051010,10.8
30051020,10.8
30051030,10.8
30051040,0
30051050,0
30051090,10.8
30059011,0
30059012,0
30059019,10.8
30059020,10.8
30059090,10.8
30061010,0
30061020,0
30061090,10.8
30063011,0
30063012,0
30063013,0
30063015,0
30063016,0
30063017,0
30063018,0
30063019,10.8
30063021,0
30063029,10.8
30064011,10.8
30064012,0
30064020,0
30065000,12.6
30066000,10.8
30067000,12.6
30069110,5.4
30069190,16.2
30069200,12.6
30069300,7.2
31010000,3.6
31021010,0
31021090,5.4
31022100,0
31022910,0
31022990,0
31023000,0
31024000,0
31025011,0
31025019,0
31025090,0
31026000,0
31028000,3.6
31029000,0
31031100,0
31031900,0
31039011,0
31039019,0
31039090,0
31042010,0
31042090,0
31043010,0
31043090,0
31049010,5.4
31049090,0
31051000,5.4
31052000,0
31053000,0
31054000,0
31055100,3.6
31055900,0
31056000,3.6
31059011,0
31059019,0
31059090,3.6
32011000,9
32012000,9
32019011,0
32019012,9
32019019,9
32019020,9
32019090,9
32021000,9
32029011,9
32029012,0
32029013,0
32029019,9
32029021,9
32029029,9
32029030,9
32030011,0
32030012,0
32030013,0
32030019,9
32030021,9
32030029,9
32030030,9
32041100,10.8
32041210,12.6
32041220,10.8
32041300,12.6
32041400,12.6
32041510,0
32041520,0
32041530,0
32041590,12.6
32041600,12.6
32041810,0
32041820,0
32041830,10.8
32041890,12.6
32041920,12.6
32041930,12.6
32041990,12.6
32042011,12.6
32042019,12.6
32042090,12.6
32049000,12.6
32050000,10.8
32061110,0
32061120,10.8
32061130,10.8
32061910,0
32061990,10.8
32062000,10.8
32064100,0
32064210,0
32064290,10.8
32064910,10.8
32064920,10.8
32064990,10.8
32065011,0
32065019,10.8
32065021,0
32065029,0
32071020,0
32071030,10.8
32071090,10.8
32072010,10.8
32072091,0
32072099,10.8
32073000,10.8
32074010,10.8
32074090,10.8
32081010,12.6
32081020,12.6
32081030,12.6
32082011,0
32082019,12.6
32082020,12.6
32082030,12.6
32089010,12.6
32089021,12.6
32089029,12.6
32089031,12.6
32089039,12.6
32091010,12.6
32091020,12.6
32099011,12.6
32099019,12.6
32099020,12.6
32100010,12.6
32100020,12.6
32100030,12.6
32110000,12.6
32121000,12.6
32129010,12.6
32129090,12.6
32131000,12.6
32139000,12.6
32141010,12.6
32141020,12.6
32149000,12.6
32151100,12.6
32151900,12.6
32159000,12.6
33011210,12.6
33011290,12.6
33011300,12.6
33011910,12.6
33011990,12.6
33012400,12.6
33012510,10.8
33012520,0
33012590,0
33012911,12.6
33012912,0
33012913,12.6
33012914,12.6
33012915,12.6
33012916,12.6
33012917,12.6
33012918,12.6
33012919,10.8
33012921,0
33012922,12.6
33012990,0
33013000,0
33019010,12.6
33019020,12.6
33019030,12.6
33019040,7.2
33021000,12.6
33029011,12.6
33029019,12.6
33029091,0
33029099,12.6
33030010,16.2
33030020,16.2
33041000,16.2
33042010,16.2
33042090,16.2
33043000,16.2
33049100,16.2
33049910,16.2
33049990,16.2
33051000,16.2
33052000,16.2
33053000,16.2
33059000,16.2
33061000,16.2
33062000,14.4
33069000,16.2
33071000,16.2
33072010,16.2
33072090,16.2
33073000,16.2
33074100,16.2
33074900,16.2
33079000,16.2
34011110,16.2
34011190,16.2
34011900,16.2
34012010,16.2
34012090,16.2
34013000,16.2
34023910,0
34023920,0
34023930,0
34024110,0
34024900,12.6
34025000,16.2
34029011,12.6
34029019,12.6
34029021,0
34029022,0
34029023,0
34029029,16.2
34029031,16.2
34029039,16.2
34029090,16.2
34031110,12.6
34031120,12.6
34031190,12.6
34031900,12.6
34039110,12.6
34039120,12.6
34039190,12.6
34039900,12.6
34042010,12.6
34042020,12.6
34049011,12.6
34049012,12.6
34049013,12.6
34049014,0
34049019,12.6
34049021,0
34049022,0
34049029,12.6
34051000,14.4
34052000,14.4
34053000,14.4
34054000,14.4
34059000,14.4
34060000,14.4
34070010,14.4
34070020,14.4
34070090,14.4
35011000,0
35019011,12.6
35019019,12.6
35019020,12.6
35021100,12.6
35021900,12.6
35029010,0
35030011,0
35030012,12.6
35030019,12.6
35030090,12.6
35040011,12.6
35040019,12.6
35040020,12.6
35040030,0
35040090,12.6
35051000,12.6
35052000,12.6
35061010,14.4
35061090,14.4
35069110,14.4
35069120,14.4
35069190,14.4
35069900,14.4
35079011,12.6
35079019,12.6
35079021,12.6
35079022,0
35079023,12.6
35079024,12.6
35079025,12.6
35079026,12.6
35079029,12.6
35079031,0
35079032,0
35079039,12.6
35079041,12.6
35079042,0
35079049,12.6
36010000,10.8
36020000,10.8
36031000,10.8
36032000,10.8
36033000,10.8
36034000,10.8
36035000,10.8
36036000,10.8
36041000,12.6
36049010,3.6
36049090,12.6
36050000,12.6
36061000,12.6
36069000,12.6
37011010,0
37011021,0
37011029,12.6
37012010,0
37012020,0
37013010,0
37013021,12.6
37013022,0
37013029,12.6
37013031,12.6
37013039,12.6
37013040,12.6
37013050,12.6
37013090,12.6
37019100,0
37019900,12.6
37021010,12.6
37021020,0
37023100,0
37023200,0
37023900,12.6
37024100,0
37024210,12.6
37024290,0
37024310,12.6
37024320,12.6
37024390,0
37024410,0
37024421,12.6
37024422,0
37024429,12.6
37025200,0
37025300,0
37025411,0
37025412,9
37025419,12.6
37025491,0
37025499,12.6
37025510,9
37025590,12.6
37025600,0
37029600,0
37029700,0
37029800,12.6
37031010,12.6
37031021,12.6
37031029,12.6
37032000,0
37039010,12.6
37039090,12.6
37040000,12.6
37050010,7.2
37050090,12.6
37061000,12.6
37069000,12.6
37071000,12.6
37079010,12.6
37079021,0
37079029,12.6
37079030,0
37079090,12.6
38011000,0
38012010,9
38012090,9
38013010,0
38013090,0
38019000,9
38021000,10.8
38029010,10.8
38029020,10.8
38029030,0
38029040,10.8
38029050,0
38029090,10.8
38030010,0
38030090,10.8
38040011,9
38040012,9
38040020,0
38051000,12.6
38059010,12.6
38059090,12.6
38061000,10.8
38062000,12.6
38063000,12.6
38069011,12.6
38069012,12.6
38069019,12.6
38069090,12.6
38070000,12.6
38085200,12.6
38085910,12.6
38085921,12.6
38085922,12.6
38085923,12.6
38085924,7.2
38085925,12.6
38085926,10.8
38085929,7.2
38086100,12.6
38086210,12.6
38086290,7.2
38086910,12.6
38086990,0
38089111,12.6
38089119,12.6
38089120,12.6
38089191,0
38089192,12.6
38089193,12.6
38089194,12.6
38089195,12.6
38089196,12.6
38089197,12.6
38089199,0
38089211,12.6
38089219,12.6
38089220,12.6
38089291,12.6
38089292,12.6
38089293,12.6
38089294,12.6
38089295,12.6
38089296,12.6
38089297,10.8
38089299,0
38089311,12.6
38089319,12.6
38089321,12.6
38089322,12.6
38089323,12.6
38089324,12.6
38089325,12.6
38089326,12.6
38089327,10.8
38089328,7.2
38089329,0
38089331,12.6
38089332,12.6
38089333,7.2
38089341,12.6
38089349,12.6
38089351,12.6
38089352,12.6
38089359,7.2
38089411,12.6
38089419,12.6
38089421,12.6
38089422,12.6
38089429,7.2
38089911,12.6
38089919,12.6
38089920,12.6
38089991,12.6
38089992,12.6
38089993,7.2
38089994,12.6
38089995,7.2
38089996,7.2
38089999,7.2
38091010,12.6
38091090,12.6
38099110,12.6
38099120,12.6
38099130,12.6
38099141,12.6
38099149,12.6
38099190,12.6
38099211,12.6
38099219,12.6
38099290,12.6
38099311,12.6
38099319,12.6
38099390,12.6
38101010,12.6
38101020,12.6
38109000,12.6
38111100,0
38111900,0
38112110,12.6
38112120,12.6
38112130,12.6
38112140,12.6
38112150,12.6
38112190,0
38112910,12.6
38112920,12.6
38112990,12.6
38119010,12.6
38119090,0
38121000,12.6
38122000,12.6
38123100,12.6
38123911,12.6
38123912,12.6
38123919,0
38123921,12.6
38123929,12.6
38130010,12.6
38130020,12.6
38130030,12.6
38130040,12.6
38130090,12.6
38140010,12.6
38140020,12.6
38140030,12.6
38140090,12.6
38151100,0
38151210,10.8
38151220,10.8
38151290,0
38151900,0
38159010,3.6
38159091,0
38159092,10.8
38159093,0
38159099,3.6
38160011,12.6
38160012,0
38160019,12.6
38160021,0
38160029,12.6
38160090,12.6
38170020,12.6
38180010,0
38180090,0
38190000,12.6
38200000,12.6
38210000,12.6
38221100,0
38221200,12.6
38221300,9
38221910,0
38221920,0
38221930,9
38221940,0
38221990,12.6
38229000,12.6
38231200,5.4
38231300,12.6
38231910,12.6
38231990,0
38237020,12.6
38237040,12.6
38237090,0
38241000,12.6
38243000,12.6
38244000,12.6
38245000,12.6
38246000,12.6
38248110,12.6
38248190,12.6
38248210,12.6
38248290,12.6
38248300,12.6
38248400,12.6
38248500,12.6
38248600,12.6
38248700,12.6
38248810,12.6
38248820,12.6
38248900,12.6
38249100,12.6
38249200,12.6
38249911,12.6
38249912,0
38249913,0
38249914,0
38249915,0
38249919,12.6
38249921,0
38249922,0
38249923,12.6
38249924,0
38249925,0
38249929,12.6
38249931,12.6
38249932,12.6
38249933,0
38249934,12.6
38249935,12.6
38249936,0
38249939,12.6
38249941,12.6
38249942,7.2
38249943,0
38249949,12.6
38249951,0
38249952,12.6
38249953,12.6
38249954,0
38249959,12.6
38249971,12.6
38249972,12.6
38249973,0
38249974,0
38249975,0
38249976,0
38249977,0
38249978,0
38249979,12.6
38249981,12.6
38249982,0
38249983,0
38249984,12.6
38249986,4
38249987,12.6
38249988,12.6
38249989,12.6
38251000,12.6
38252000,12.6
38253000,12.6
38254100,12.6
38254900,12.6
38255000,12.6
38256100,12.6
38256900,12.6
38259000,12.6
38260000,12.6
38271110,0
38271190,12.6
38271200,12.6
38271300,12.6
38271400,12.6
38272000,12.6
38273110,0
38273190,12.6
38273210,0
38273290,12.6
38273900,12.6
38274000,12.6
38275100,12.6
38275900,12.6
38276100,12.6
38276200,12.6
38276300,12.6
38276400,12.6
38276500,12.6
38276800,12.6
38276900,12.6
38279000,12.6
39012011,0
39012019,12.6
39012021,0
39013010,12.6
39019010,12.6
39019020,12.6
39019030,0
39019040,0
39019050,0
39022000,12.6
39029000,12.6
39031110,20
39032000,0
39033010,12.6
39033020,0
39039010,12.6
39039020,0
39041090,12.6
39042100,12.6
39043000,0
39044010,12.6
39044090,12.6
39045010,0
39045090,0
39046110,0
39046190,0
39046910,0
39046990,0
39049010,0
39049090,12.6
39051200,12.6
39051910,12.6
39051990,12.6
39052100,12.6
39052900,12.6
39053000,0
39059130,12.6
39059190,0
39059910,0
39059920,0
39059930,10.8
39059990,0
39069011,12.6
39069012,12.6
39069019,12.6
39069021,12.6
39069022,0
39069029,12.6
39069031,12.6
39069032,12.6
39069039,12.6
39069051,12.6
39069052,12.6
39069053,0
39069054,12.6
39069059,12.6
39069061,0
39069062,0
39069063,0
39069064,0
39069065,0
39069069,12.6
39071010,12.6
39071020,12.6
39071031,0
39071039,12.6
39071041,0
39071042,0
39071049,0
39071091,12.6
39071099,12.6
39072100,12.6
39072911,12.6
39072912,0
39072920,0
39072931,12.6
39072941,0
39072942,0
39072949,12.6
39073011,12.6
39073019,12.6
39073021,12.6
39074010,0
39074020,0
39074090,12.6
39075010,12.6
39075090,12.6
39077000,12.6
39079911,12.6
39079912,0
39079919,0
39079992,0
39079993,0
39079994,0
39079995,0
39079999,12.6
39081011,0
39081012,0
39081013,12.6
39081014,12.6
39081019,0
39081021,0
39081022,0
39081023,12.6
39081029,0
39089010,0
39089020,12.6
39089090,0
39092011,12.6
39092019,12.6
39092021,12.6
39092029,12.6
39093100,0
39093900,12.6
39094019,12.6
39094099,12.6
39095011,12.6
39095012,0
39095021,0
39095029,12.6
39100011,0
39100012,12.6
39100013,0
39100019,12.6
39100021,0
39100029,12.6
39100030,12.6
39100090,12.6
39111010,12.6
39111021,0
39111029,12.6
39112000,12.6
39119011,12.6
39119012,0
39119013,0
39119014,0
39119019,12.6
39119021,12.6
39119022,0
39119023,0
39119024,0
39119025,0
39119026,0
39119027,0
39119029,12.6
39121110,7.2
39121120,0
39121200,0
39122010,12.6
39122021,12.6
39122029,12.6
39123119,12.6
39123121,12.6
39123129,12.6
39123910,0
39123920,0
39123930,0
39123990,0
39129010,0
39129020,0
39129031,12.6
39129039,12.6
39129040,12.6
39129090,12.6
39131000,0
39139011,0
39139012,0
39139019,0
39139020,0
39139030,0
39139040,0
39139050,12.6
39139060,12.6
39139090,0
39140011,0
39140019,0
39140090,0
39151000,12.6
39152000,12.6
39153000,12.6
39159000,12.6
39161000,14.4
39162000,14.4
39169010,14.4
39169090,16
39171010,0
39171021,0
39171029,14.4
39172100,16
39172300,16
39172900,16
39173100,14.4
39173210,16
39173221,0
39173229,16
39173230,16
39173240,14.4
39173251,0
39173259,14.4
39173290,16
39173300,16
39173900,16
39174010,0
39174090,16
39181000,20
39189000,14.4
39191010,14.4
39191020,14.4
39191090,14.4
39199010,16
39199020,20
39199090,16
39201010,0
39201091,0
39201099,14.4
39202011,0
39202012,0
39202019,14.4
39202090,14.4
39203000,16
39204310,14.4
39204390,14.4
39204900,14.4
39205100,14.4
39205900,14.4
39206100,14.4
39206211,0
39206219,14.4
39206291,14.4
39206299,14.4
39206300,14.4
39206900,14.4
39207100,14.4
39207310,14.4
39207390,14.4
39207910,0
39207990,14.4
39209100,0
39209200,14.4
39209300,14.4
39209400,14.4
39209910,14.4
39209920,14.4
39209930,0
39209940,0
39209950,0
39209990,14.4
39211100,14.4
39211200,14.4
39211310,0
39211390,14.4
39211400,14.4
39211900,14.4
39219011,14.4
39219012,0
39219013,0
39219019,14.4
39219020,0
39219090,14.4
39221000,16.2
39222000,16.2
39229000,16.2
39231010,16.2
39231090,16.2
39232110,16.2
39232190,16.2
39232910,16.2
39232990,16.2
39233010,0
39233090,18
39234000,16.2
39235000,18
39239010,16.2
39239090,16.2
39241000,16.2
39249000,16.2
39251000,16.2
39252000,16.2
39253000,16.2
39259010,16.2
39259090,16.2
39261000,16.2
39262000,16.2
39263000,18
39264000,16.2
39269010,18
39269021,18
39269022,16.2
39269030,0
39269040,16.2
39269050,0
39269061,0
39269069,16.2
39269090,18
40011000,3.6
40012100,3.6
40012200,10.8
40012910,3.6
40012920,10.8
40012990,3.6
40013000,3.6
40021110,10.8
40021120,10.8
40021919,10.8
40021920,10.8
40022010,0
40022091,0
40023100,0
40023900,0
40024100,0
40024900,0
40025100,10.8
40026000,0
40027000,10.8
40028000,10.8
40029910,10.8
40029920,0
40029930,0
40030000,10.8
40040000,10.8
40051010,0
40051090,12.6
40052000,12.6
40059110,12.6
40059190,12.6
40059910,12.6
40059990,12.6
40061000,12.6
40069000,12.6
40070011,12.6
40070019,12.6
40070020,12.6
40081100,12.6
40081900,12.6
40082100,12.6
40082900,12.6
40091100,12.6
40091210,12.6
40091290,12.6
40092110,12.6
40092190,12.6
40092210,12.6
40092290,12.6
40093100,12.6
40093210,12.6
40093290,12.6
40094100,12.6
40094210,12.6
40094290,12.6
40101100,12.6
40101200,12.6
40101900,12.6
40103100,12.6
40103200,12.6
40103300,12.6
40103400,12.6
40103500,12.6
40103600,12.6
40103900,12.6
40111000,25
40112010,16
40112090,16
40113000,0
40114000,14.4
40115000,14.4
40117010,16
40117090,16
40118010,0
40118020,0
40118090,16
40119010,0
40119090,16
40121100,14.4
40121200,14.4
40121300,14.4
40121900,14.4
40122000,14.4
40129010,16
40129090,16
40131010,16
40131090,16
40132000,14.4
40139000,16
40141000,9
40149010,14.4
40149090,14.4
40151200,14.4
40151900,14.4
40159000,14.4
40161010,16
40161090,14.4
40169100,16
40169200,14.4
40169300,16
40169400,14.4
40169510,14.4
40169590,14.4
40169910,0
40169990,16
40170000,14.4
41012000,0
41015010,0
41015020,0
41015030,0
41019010,0
41019020,0
41019030,0
41021000,0
41022100,0
41022900,0
41032000,0
41033000,0
41039000,0
41041111,3.6
41041112,7.2
41041113,9
41041114,7.2
41041119,9
41041121,3.6
41041122,7.2
41041123,9
41041124,7.2
41041129,9
41041910,3.6
41041920,7.2
41041930,9
41041940,7.2
41041990,9
41044110,7.2
41044120,9
41044130,9
41044190,9
41044910,7.2
41044920,9
41044990,9
41051010,9
41051021,7.2
41051029,7.2
41051090,9
41053000,9
41062110,9
41062121,7.2
41062129,9
41062190,9
41062200,9
41063110,7.2
41063190,9
41063200,9
41064000,9
41069100,9
41069200,9
41071110,7.2
41071120,9
41071190,9
41071210,7.2
41071220,9
41071290,9
41071910,7.2
41071920,9
41071990,9
41079110,9
41079190,9
41079210,9
41079290,9
41079910,9
41079990,9
41120000,9
41131010,9
41131090,9
41132000,9
41133000,9
41139000,9
41141000,9
41142010,9
41142020,9
41151000,9
41152000,9
42010010,18
42010090,18
42021100,18
42021210,18
42021220,18
42021900,18
42022100,18
42022210,35
42022220,35
42022900,18
42023100,18
42023200,18
42023900,18
42029100,18
42029200,35
42029900,18
42031000,18
42032100,18
42032900,18
42033000,18
42034000,18
42050000,20
42060000,18
43011000,9
43013000,9
43016000,9
43018000,9
43019000,9
43021100,12.6
43021910,12.6
43021990,12.6
43022000,12.6
43023000,12.6
43031000,18
43039000,18
43040000,18
44011100,0
44011200,0
44012100,0
44012200,0
44013100,0
44013200,0
44013900,0
44014100,0
44014900,0
44021000,0
44022000,0
44029000,0
44031100,0
44031200,0
44032100,0
44032200,0
44032300,0
44032400,0
44032500,0
44032600,0
44034100,0
44034200,0
44034900,0
44039100,0
44039300,0
44039400,0
44039500,0
44039600,0
44039700,0
44039800,0
44039900,0
44041000,0
44042000,0
44050000,0
44061100,3.6
44061200,3.6
44069100,3.6
44069200,3.6
44071100,5.4
44071200,5.4
44071300,5.4
44071400,5.4
44071900,5.4
44072100,5.4
44072200,5.4
44072300,5.4
44072500,5.4
44072600,5.4
44072700,5.4
44072800,5.4
44072910,5.4
44072920,5.4
44072930,5.4
44072940,5.4
44072950,5.4
44072960,5.4
44072970,5.4
44072990,5.4
44079100,5.4
44079200,5.4
44079300,5.4
44079400,5.4
44079500,5.4
44079600,5.4
44079700,5.4
44079920,5.4
44079930,5.4
44079960,5.4
44079970,5.4
44079990,5.4
44081010,9
44081091,5.4
44081099,5.4
44083110,9
44083190,5.4
44083910,9
44083991,5.4
44083992,5.4
44083999,5.4
44089010,9
44089090,5.4
44091000,9
44092100,9
44092200,9
44092900,9
44101110,9
44101121,12.6
44101129,9
44101190,9
44101210,9
44101290,9
44101911,9
44101919,9
44101991,9
44101992,9
44101999,9
44109000,9
44111210,9
44111290,9
44111310,9
44111391,12.6
44111399,9
44111410,9
44111490,9
44119210,9
44119290,9
44119310,9
44119390,9
44119410,9
44119490,9
44121000,9
44123100,9
44123300,9
44123400,9
44123900,9
44124100,9
44124200,9
44124900,9
44125100,9
44125200,9
44125900,9
44129100,9
44129200,9
44129900,9
44130000,9
44141000,9
44149000,9
44151000,9
44152000,9
44160010,0
44160090,9
44170010,9
44170020,9
44170090,9
44181100,12.6
44181900,12.6
44182100,12.6
44182900,12.6
44183000,12.6
44184000,12.6
44185000,12.6
44187300,12.6
44187400,12.6
44187500,12.6
44187900,12.6
44188100,12.6
44188200,12.6
44188300,12.6
44188900,12.6
44189100,12.6
44189200,12.6
44189900,12.6
44191100,12.6
44191200,12.6
44191900,12.6
44192000,12.6
44199000,12.6
44201100,12.6
44201900,12.6
44209000,12.6
44211000,12.6
44212000,12.6
44219100,12.6
44219900,12.6
45011000,0
45019000,0
45020000,3.6
45031000,9
45039000,9
45041000,9
45049000,9
46012100,10.8
46012200,10.8
46012900,10.8
46019200,10.8
46019300,10.8
46019400,10.8
46019900,10.8
46021100,10.8
46021200,10.8
46021900,10.8
46029000,10.8
47010000,3.6
47020000,3.6
47031100,3.6
47031900,3.6
47032110,3.6
47032190,3.6
47032900,3.6
47041100,3.6
47041900,3.6
47042100,3.6
47042900,3.6
47050000,3.6
47061000,3.6
47062000,3.6
47063000,3.6
47069100,3.6
47069200,3.6
47069300,3.6
47071000,18
47072000,0
47073000,0
47079000,18
48010020,14.4
48010030,5.4
48010090,10.8
48021000,10.8
48022010,14.4
48022090,10.8
48024010,14.4
48024090,10.8
48025410,14.4
48025491,0
48025499,10.8
48025510,14.4
48025591,10.8
48025592,10.8
48025599,10.8
48025610,14.4
48025691,5.4
48025692,10.8
48025693,10.8
48025699,10.8
48025710,14.4
48025791,5.4
48025792,10.8
48025793,10.8
48025799,10.8
48025810,14.4
48025891,10.8
48025892,10.8
48025899,10.8
48026110,14.4
48026191,5.4
48026192,10.8
48026199,0
48026210,14.4
48026291,5.4
48026292,10.8
48026299,10.8
48026910,14.4
48026991,5.4
48026992,10.8
48026999,10.8
48030010,10.8
48030090,10.8
48041100,10.8
48041900,10.8
48042100,10.8
48042900,10.8
48043110,0
48043190,10.8
48043910,0
48043990,10.8
48044100,10.8
48044200,10.8
48044900,10.8
48045100,10.8
48045200,10.8
48045910,0
48045990,10.8
48051100,10.8
48051200,10.8
48051900,10.8
48052400,10.8
48052500,10.8
48053000,10.8
48054010,0
48054090,10.8
48055000,10.8
48059100,10.8
48059210,10.8
48059290,0
48059300,10.8
48061000,10.8
48062000,10.8
48063000,10.8
48064000,10.8
48070000,10.8
48081000,10.8
48084000,10.8
48089000,10.8
48092000,12.6
48099000,12.6
48101310,14.4
48101381,12.6
48101382,0
48101389,12.6
48101391,0
48101399,12.6
48101410,14.4
48101481,12.6
48101482,0
48101489,12.6
48101490,12.6
48101910,14.4
48101981,12.6
48101982,0
48101989,12.6
48101991,0
48101999,16
48102210,14.4
48102290,12.6
48102910,14.4
48102990,16
48103110,14.4
48103190,12.6
48103210,14.4
48103290,12.6
48103910,14.4
48103990,12.6
48109210,14.4
48109290,16
48109910,14.4
48109990,12.6
48111010,14.4
48111090,10.8
48114110,14.4
48114190,10.8
48114910,14.4
48114990,10.8
48115110,14.4
48115121,10.8
48115122,10.8
48115123,0
48115128,0
48115129,10.8
48115130,10.8
48115910,14.4
48115921,10.8
48115922,10.8
48115923,10.8
48115929,10.8
48115930,10.8
48116010,14.4
48116090,10.8
48119019,14.4
48119090,10.8
48120000,10.8
48131000,10.8
48132000,10.8
48139000,10.8
48142000,12.6
48149000,12.6
48162000,14.4
48169010,14.4
48169090,12.6
48171000,14.4
48172000,14.4
48173000,14.4
48181000,14.4
48182000,14.4
48183000,14.4
48185000,14.4
48189010,14.4
48189090,14.4
48191000,14.4
48192000,14.4
48193000,14.4
48194000,14.4
48195000,14.4
48196000,14.4
48201000,14.4
48202000,14.4
48203000,14.4
48204000,14.4
48205000,14.4
48209000,14.4
48211000,14.4
48219000,14.4
48221000,14.4
48229000,14.4
48232010,0
48232091,10.8
48232099,16
48234000,14.4
48236100,14.4
48236900,14.4
48237000,16
48239010,0
48239020,0
48239091,10.8
48239099,16
49011000,0
49019100,0
49019900,0
49021000,0
49029000,0
49030000,14.4
49040000,0
49052000,0
49059000,3.6
49060000,3.6
49070010,0
49070020,0
49070030,0
49070090,14.4
49081000,14.4
49089000,14.4
49090000,14.4
49100000,14.4
49111010,0
49111090,16
49119100,14.4
49119900,14.4
50010000,3.6
50020000,3.6
50030010,3.6
50030090,3.6
50040000,18
50050000,18
50060000,18
50071010,26
50071090,26
50072010,26
50072090,26
50079000,26
51011110,7.2
51011190,7.2
51011900,7.2
51012100,7.2
51012900,7.2
51013000,7.2
51021100,7.2
51021900,7.2
51022000,7.2
51031000,5.4
51032000,5.4
51033000,5.4
51040000,5.4
51051000,9
51052100,9
51052910,9
51052991,9
51052999,9
51053100,9
51053900,9
51054000,9
51061000,18
51062000,18
51071011,18
51071019,18
51071090,18
51072000,18
51081000,18
51082000,18
51091000,18
51099000,18
51100000,18
51111110,26
51111120,26
51111900,26
51112000,26
51113010,0
51113090,26
51119000,26
51121100,26
51121910,26
51121920,26
51122010,26
51122020,26
51123010,26
51123020,26
51129000,26
51130011,26
51130012,26
51130013,26
51130020,26
52010010,5.4
52010020,5.4
52010090,5.4
52021000,5.4
52029100,5.4
52029900,5.4
52030000,7.2
52041111,18
52041112,18
52041120,18
52041131,18
52041132,18
52041140,18
52041911,18
52041912,18
52041920,18
52041931,18
52041932,18
52041940,18
52042000,18
52051100,18
52051200,18
52051310,18
52051390,18
52051400,18
52051500,18
52052100,18
52052200,18
52052310,18
52052390,18
52052400,18
52052600,18
52052700,18
52052800,18
52053100,18
52053200,18
52053300,18
52053400,18
52053500,18
52054100,18
52054200,18
52054300,18
52054400,18
52054600,18
52054700,18
52054800,18
52061100,18
52061200,18
52061300,18
52061400,18
52061500,18
52062100,18
52062200,18
52062300,18
52062400,18
52062500,18
52063100,18
52063200,18
52063300,18
52063400,18
52063500,18
52064100,18
52064200,18
52064300,18
52064400,18
52064500,18
52071000,18
52079000,18
52081100,26
52081200,26
52081300,26
52081900,26
52082100,26
52082200,26
52082300,26
52082900,26
52083100,26
52083200,26
52083300,26
52083900,26
52084100,26
52084200,26
52084300,26
52084900,26
52085100,26
52085200,26
52085910,26
52085990,26
52091100,26
52091200,26
52091900,26
52092100,26
52092200,26
52092900,26
52093100,26
52093200,26
52093900,26
52094100,26
52094210,26
52094290,26
52094300,26
52094900,26
52095100,26
52095200,26
52095900,26
52101100,26
52101910,26
52101990,26
52102100,26
52102910,26
52102990,26
52103100,26
52103200,26
52103900,26
52104100,26
52104910,26
52104990,26
52105100,26
52105910,26
52105990,26
52111100,26
52111200,26
52111900,26
52112010,26
52112020,26
52112090,26
52113100,26
52113200,26
52113900,26
52114100,26
52114210,26
52114290,26
52114300,26
52114900,26
52115100,26
52115200,26
52115900,26
52121100,26
52121200,26
52121300,26
52121400,26
52121500,26
52122100,26
52122200,26
52122300,26
52122400,26
52122500,26
53011000,5.4
53012110,5.4
53012120,5.4
53012910,5.4
53012990,5.4
53013000,5.4
53021000,5.4
53029000,5.4
53031010,7.2
53031090,7.2
53039010,7.2
53039090,7.2
53050010,5.4
53050090,5.4
53061000,18
53062000,18
53071010,18
53071090,18
53072010,18
53072090,18
53081000,18
53082000,18
53089000,18
53091100,26
53091900,26
53092100,26
53092900,26
53101010,26
53101090,26
53109000,26
53110000,26
54011011,18
54011012,16.2
54011090,18
54012011,18
54012012,16.2
54012090,18
54021100,0
54021910,18
54021990,18
54022010,0
54022090,18
54023111,18
54023119,18
54023190,18
54023211,18
54023219,18
54023290,18
54023310,18
54023320,18
54023390,18
54023400,18
54023900,18
54024400,18
54024510,0
54024520,18
54024590,18
54024600,18
54024710,18
54024720,18
54024790,18
54024800,18
54024910,0
54024990,18
54025110,0
54025190,18
54025200,18
54025300,18
54025900,18
54026110,0
54026190,18
54026200,18
54026300,18
54026900,18
54031000,18
54033110,0
54033190,18
54033200,18
54033300,18
54033900,18
54034100,18
54034200,18
54034900,18
54041100,18
54041200,18
54041911,0
54041919,18
54041990,18
54049000,18
54050000,18
54060010,16.2
54060020,16.2
54071011,0
54071019,0
54071021,0
54071029,26
54072000,26
54073000,26
54074100,26
54074200,26
54074300,26
54074400,26
54075100,26
54075210,26
54075220,26
54075300,26
54075400,26
54076100,26
54076900,26
54077100,26
54077200,26
54077300,26
54077400,26
54078100,26
54078200,26
54078300,26
54078400,26
54079100,26
54079200,26
54079300,26
54079400,26
54081000,26
54082100,26
54082200,26
54082300,26
54082400,26
54083100,26
54083200,26
54083300,26
54083400,26
55011100,14.4
55011900,14.4
55012000,14.4
55014000,14.4
55019000,14.4
55021000,18
55029010,0
55029090,10.8
55031100,0
55031910,0
55031990,14.4
55032010,0
55033000,14.4
55034000,14.4
55039010,0
55039020,0
55039090,14.4
55041000,0
55049010,0
55049090,10.8
55051000,14.4
55052000,10.8
55061000,14.4
55062000,14.4
55063000,14.4
55064000,14.4
55069000,14.4
55070000,10.8
55081000,18
55082000,18
55091100,18
55091210,0
55091290,18
55092100,18
55092200,18
55093100,18
55093200,18
55094100,18
55094200,18
55095100,18
55095200,18
55095300,18
55095900,18
55096100,18
55096200,18
55096900,18
55099100,18
55099200,18
55099900,18
55101111,18
55101112,18
55101113,18
55101119,18
55101190,18
55101211,18
55101212,18
55101213,18
55101219,18
55101290,18
55102011,18
55102012,18
55102013,18
55102019,18
55102090,18
55103011,18
55103012,18
55103013,18
55103019,18
55103090,18
55109011,18
55109012,18
55109013,18
55109019,18
55109090,18
55111000,16.2
55112000,16.2
55113000,16.2
55121100,26
55121900,26
55122100,26
55122900,26
55129110,0
55129190,26
55129910,0
55129990,26
55131100,26
55131200,26
55131300,26
55131900,26
55132100,26
55132310,26
55132390,26
55132900,26
55133100,26
55133911,26
55133919,26
55133990,26
55134100,26
55134911,26
55134919,26
55134990,26
55141100,26
55141200,26
55141910,26
55141990,26
55142100,26
55142200,26
55142300,26
55142900,26
55143011,26
55143012,26
55143019,26
55143090,26
55144100,26
55144200,26
55144300,26
55144900,26
55151100,26
55151200,26
55151300,26
55151900,26
55152100,26
55152200,26
55152900,26
55159100,26
55159910,26
55159990,26
55161100,26
55161200,26
55161300,26
55161400,26
55162100,26
55162200,26
55162300,26
55162400,26
55163100,26
55163200,26
55163300,26
55163400,26
55164100,26
55164200,26
55164300,26
55164400,26
55169100,26
55169200,26
55169300,26
55169400,26
56012110,16.2
56012190,16.2
56012211,0
56012219,16.2
56012291,16.2
56012299,16.2
56012900,16.2
56013010,0
56013090,16.2
56021000,26
56022100,26
56022900,26
56029000,26
56031110,0
56031120,25
56031130,25
56031140,25
56031190,26
56031210,26
56031220,0
56031230,25
56031240,25
56031250,25
56031290,25
56031310,26
56031320,0
56031330,25
56031340,25
56031350,25
56031390,25
56031410,0
56031420,25
56031430,25
56031440,25
56031490,25
56039110,25
56039120,25
56039130,25
56039190,25
56039210,26
56039220,25
56039230,25
56039240,25
56039290,25
56039310,26
56039320,25
56039330,25
56039340,25
56039390,25
56039410,25
56039420,25
56039430,25
56039490,25
56041000,16.2
56049010,0
56049021,16.2
56049022,16.2
56049090,16.2
56050010,16.2
56050020,16.2
56050090,16.2
56060000,16.2
56072100,16.2
56072900,16.2
56074100,16.2
56074900,16.2
56075011,16.2
56075019,16.2
56075090,16.2
56079010,16.2
56079020,0
56079090,16.2
56081100,16.2
56081900,16.2
56089000,16.2
56090010,16.2
56090090,16.2
57011011,35
57011012,35
57011020,35
57019000,35
57021000,35
57022000,35
57023100,35
57023200,35
57023900,35
57024100,35
57024200,35
57024900,35
57025010,35
57025020,35
57025090,35
57029100,35
57029200,35
57029900,35
57031000,35
57032100,35
57032900,35
57033100,35
57033900,35
57039000,35
57041000,35
57042000,35
57049000,35
57050000,35
58011000,26
58012100,26
58012200,26
58012300,26
58012600,26
58012700,26
58013100,26
58013200,26
58013300,26
58013600,26
58013700,26
58019000,26
58021000,26
58022000,26
58023000,26
58030010,26
58030090,26
58041010,26
58041090,26
58042100,26
58042910,26
58042990,26
58043010,26
58043090,26
58050010,26
58050020,26
58050090,26
58061000,26
58062000,26
58063100,26
58063200,26
58063900,26
58064000,26
58071000,26
58079000,26
58081000,26
58089000,26
58090000,26
58101000,26
58109100,26
58109200,26
58109900,26
58110000,26
59011000,14.4
59019000,14.4
59021010,14.4
59021090,12.6
59022000,14.4
59029000,12.6
59031000,26
59032000,26
59041000,14.4
59049000,14.4
59050000,14.4
59061000,14.4
59069100,14.4
59069900,14.4
59070000,14.4
59080000,14.4
59090000,14.4
59100000,14.4
59111000,14.4
59112010,14.4
59112090,14.4
59113100,26
59113200,26
59114000,26
59119000,26
60011010,26
60011020,26
60011090,26
60012100,26
60012200,26
60012900,26
60019100,26
60019200,0
60019900,26
60024010,26
60024020,26
60024090,26
60029010,26
60029020,26
60029090,26
60031000,26
60032000,26
60033000,26
60034000,26
60039000,26
60041011,26
60041012,26
60041013,26
60041014,26
60041031,26
60041032,26
60041033,26
60041034,26
60041041,26
60041042,26
60041043,26
60041044,26
60041091,26
60041092,26
60041093,26
60041094,26
60049010,26
60049030,26
60049040,26
60049090,26
60052100,26
60052200,26
60052300,26
60052400,26
60053500,26
60053600,26
60053700,26
60053800,26
60053900,26
60054100,26
60054200,26
60054300,26
60054400,26
60059010,26
60059090,26
60061000,26
60062100,26
60062200,26
60062300,26
60062400,26
60063110,26
60063120,26
60063130,26
60063190,26
60063210,26
60063220,26
60063230,26
60063290,26
60063310,26
60063320,26
60063330,26
60063390,26
60063410,26
60063420,26
60063430,26
60063490,26
60064100,26
60064200,26
60064300,26
60064400,26
60069000,26
61012000,35
61013000,35
61019010,35
61019090,35
61021000,35
61022000,35
61023000,35
61029000,35
61031010,35
61031020,35
61031090,35
61032200,35
61032300,35
61032910,35
61032990,35
61033100,35
61033200,35
61033300,35
61033900,35
61034100,35
61034200,35
61034300,35
61034900,35
61041300,35
61041910,35
61041920,35
61041990,35
61042200,35
61042300,35
61042910,35
61042990,35
61043100,35
61043200,35
61043300,35
61043900,35
61044100,35
61044200,35
61044300,35
61044400,35
61044900,35
61045100,35
61045200,35
61045300,35
61045900,35
61046100,35
61046200,35
61046300,35
61046900,35
61051000,35
61052000,35
61059000,35
61061000,35
61062000,35
61069000,35
61071100,35
61071200,35
61071900,35
61072100,35
61072200,35
61072900,35
61079100,35
61079910,35
61079990,35
61081100,35
61081900,35
61082100,35
61082200,35
61082900,35
61083100,35
61083200,35
61083900,35
61089100,35
61089200,35
61089900,35
61091000,35
61099000,35
61101100,35
61101200,35
61101900,35
61102000,35
61103000,35
61109000,35
61112000,35
61113000,35
61119010,35
61119090,35
61121100,35
61121200,35
61121900,35
61122000,35
61123100,35
61123900,35
61124100,35
61124900,35
61130000,35
61142000,35
61143000,35
61149010,35
61149090,35
61151011,35
61151012,35
61151013,35
61151014,35
61151019,35
61151021,35
61151022,35
61151029,35
61151091,35
61151092,35
61151093,35
61151099,35
61152100,35
61152200,35
61152910,35
61152920,35
61152990,35
61153010,35
61153020,35
61153090,35
61159400,35
61159500,35
61159600,35
61159900,35
61161000,35
61169100,35
61169200,35
61169300,35
61169900,35
61171000,35
61178010,35
61178090,35
61179000,35
62012000,35
62013000,35
62014000,35
62019000,35
62022000,35
62023000,35
62024000,35
62029000,35
62031100,35
62031200,35
62031900,35
62032200,35
62032300,35
62032910,35
62032990,35
62033100,35
62033200,35
62033300,35
62033900,35
62034100,35
62034200,35
62034300,35
62034900,35
62041100,35
62041200,35
62041300,35
62041900,35
62042100,35
62042200,35
62042300,35
62042900,35
62043100,35
62043200,35
62043300,35
62043900,35
62044100,35
62044200,35
62044300,35
62044400,35
62044900,35
62045100,35
62045200,35
62045300,35
62045900,35
62046100,35
62046200,35
62046300,35
62046900,35
62052000,35
62053000,35
62059010,35
62059090,35
62061000,35
62062000,35
62063000,35
62064000,35
62069000,35
62071100,35
62071900,35
62072100,35
62072200,35
62072900,35
62079100,35
62079910,35
62079990,35
62081100,35
62081900,35
62082100,35
62082200,35
62082900,35
62089100,35
62089200,35
62089900,35
62092000,35
62093000,35
62099010,35
62099090,35
62101000,35
62102000,35
62103000,35
62104000,35
62105000,35
62111100,35
62111200,35
62112000,35
62113200,35
62113300,35
62113910,35
62113990,35
62114200,35
62114300,35
62114900,35
62121000,35
62122000,35
62123000,35
62129000,35
62132000,35
62139010,35
62139090,35
62141000,35
62142000,35
62143000,35
62144000,35
62149010,35
62149090,35
62151000,35
62152000,35
62159000,35
62160000,35
62171000,35
62179000,35
63011000,35
63012000,35
63013000,35
63014000,35
63019000,35
63021000,35
63022100,35
63022200,35
63022900,35
63023100,35
63023200,35
63023900,35
63024000,35
63025100,35
63025300,35
63025910,35
63025990,35
63026000,35
63029100,35
63029300,35
63029910,35
63029990,35
63031200,35
63031910,35
63031990,35
63039100,35
63039200,35
63039900,35
63041100,35
63041910,35
63041990,35
63042000,35
63049100,35
63049200,35
63049300,35
63049900,35
63051000,35
63052000,35
63053200,35
63053310,35
63053390,35
63053900,35
63059000,35
63061200,35
63061910,35
63061990,35
63062200,35
63062910,35
63062990,35
63063010,35
63063090,35
63064010,35
63064090,35
63069000,35
63071000,35
63072000,35
63079010,35
63079020,0
63079090,35
63080000,35
63090010,35
63090090,35
63101000,35
63109000,35
64011000,35
64019200,35
64019910,35
64019990,35
64021200,18
64021900,35
64022000,35
64029110,35
64029190,35
64029910,35
64029990,35
64031200,18
64031900,35
64032000,35
64034000,35
64035110,35
64035190,35
64035910,35
64035990,35
64039110,35
64039190,35
64039910,35
64039990,35
64041100,35
64041900,35
64042000,35
64051010,35
64051020,35
64051090,35
64052000,35
64059000,35
64061000,16.2
64062000,16.2
64069010,16.2
64069020,16.2
64069090,16.2
65010000,16.2
65020010,16.2
65020090,16.2
65040010,18
65040090,18
65050011,18
65050012,18
65050019,18
65050021,18
65050022,18
65050029,18
65050031,18
65050032,18
65050039,18
65050090,18
65061090,18
65069100,18
65069900,18
65070000,16.2
66011000,18
66019110,18
66019190,18
66019900,18
66020000,18
66032000,16.2
66039000,16.2
67010000,14.4
67021000,14.4
67029000,14.4
67030000,14.4
67041100,14.4
67041900,14.4
67042000,14.4
67049000,14.4
68010000,5.4
68021000,7.2
68022100,7.2
68022300,5.4
68022900,5.4
68029100,5.4
68029200,5.4
68029310,5.4
68029390,5.4
68029910,5.4
68029990,5.4
68030000,5.4
68041000,5.4
68042111,5.4
68042119,5.4
68042190,5.4
68042211,5.4
68042219,5.4
68042290,5.4
68042300,5.4
68043000,5.4
68051000,9
68052000,9
68053010,9
68053020,9
68053090,9
68061000,7.2
68062000,7.2
68069010,7.2
68069090,7.2
68071000,7.2
68079000,7.2
68080000,7.2
68091100,9
68091900,7.2
68099000,7.2
68101100,7.2
68101900,7.2
68109100,7.2
68109900,7.2
68114000,7.2
68118100,7.2
68118200,7.2
68118900,7.2
68128000,12.6
68129100,12.6
68129910,12.6
68129920,10.8
68129930,10.8
68129990,12.6
68132000,12.6
68138110,12.6
68138190,12.6
68138910,12.6
68138990,12.6
68141000,12.6
68149000,12.6
68151100,0
68151200,0
68151300,12.6
68151900,12.6
68152000,12.6
68159110,12.6
68159190,12.6
68159911,0
68159912,0
68159913,0
68159914,0
68159919,12.6
68159990,12.6
69010000,9
69021011,0
69021018,9
69021019,9
69021090,9
69022010,9
69022091,9
69022092,9
69022093,9
69022099,9
69029010,9
69029020,9
69029030,0
69029040,9
69029090,9
69031011,9
69031012,9
69031019,9
69031020,9
69031030,9
69031040,9
69031090,9
69032010,9
69032020,9
69032030,9
69032090,9
69039011,9
69039012,9
69039019,9
69039091,9
69039092,9
69039099,9
69041000,10.8
69049000,10.8
69051000,10.8
69059000,10.8
69060000,10.8
69072100,12.6
69072200,12.6
69072300,12.6
69073000,12.6
69074000,12.6
69091100,10.8
69091210,10.8
69091220,7.2
69091230,0
69091290,10.8
69091910,10.8
69091920,7.2
69091930,0
69091990,10.8
69099000,10.8
69101000,16.2
69109000,16.2
69111010,18
69111090,18
69119000,18
69120000,18
69131000,18
69139000,18
69141000,18
69149000,18
70010000,0
70021000,3.6
70022000,3.6
70023100,3.6
70023200,3.6
70023900,3.6
70031200,9
70031900,9
70032000,9
70033000,9
70042000,9
70049000,9
70051000,9
70052100,9
70052900,25
70053000,9
70060000,10.8
70071100,10.8
70071900,10.8
70072100,10.8
70072900,25
70080000,10.8
70091000,12.6
70099100,12.6
70099200,12.6
70101000,9
70102000,9
70109011,9
70109012,9
70109021,9
70109022,9
70109090,9
70111010,9
70111021,9
70111029,9
70111090,9
70112000,9
70119000,9
70131000,16.2
70132200,16.2
70132800,25
70133300,16.2
70133700,25
70134100,16.2
70134210,16.2
70134290,16.2
70134900,25
70139110,16.2
70139190,16.2
70139900,16.2
70140000,12.6
70151010,0
70151091,0
70151092,12.6
70159010,12.6
70159020,12.6
70159030,12.6
70159090,12.6
70161000,12.6
70169000,12.6
70171000,12.6
70172000,12.6
70179000,12.6
70181010,16.2
70181020,16.2
70181090,16.2
70182000,16.2
70189000,16.2
70191100,20
70191210,0
70191290,20
70191300,10.8
70191400,10.8
70191500,10.8
70191900,10.8
70196100,10.8
70196200,10.8
70196300,10.8
70196400,10.8
70196500,10.8
70196600,10.8
70196900,10.8
70197100,10.8
70197200,10.8
70197310,0
70197390,10.8
70198000,10.8
70199000,10.8
70200010,9
70200090,16.2
71011000,9
71012100,9
71012200,9
71021000,9
71022100,0
71022900,0
71023100,7.2
71023900,9
71031000,7.2
71039100,9
71039900,9
71041000,9
71042100,0
71042900,9
71049100,9
71049900,9
71051000,5.4
71059000,5.4
71061000,5.4
71069100,5.4
71069210,10.8
71069220,10.8
71069290,10.8
71070000,10.8
71081100,0
71081210,0
71081290,0
71081310,10.8
71081390,10.8
71082000,0
71090000,10.8
71101100,0
71101910,10.8
71101990,10.8
71102100,0
71102900,10.8
71103100,0
71103900,10.8
71104100,0
71104900,10.8
71110000,10.8
71123010,0
71123020,0
71123090,5.4
71129100,0
71129200,0
71129900,5.4
71131100,16.2
71131900,16.2
71132000,16.2
71141100,16.2
71141900,16.2
71142000,16.2
71151000,16.2
71159000,16.2
71161000,16.2
71162010,16.2
71162020,7.2
71162090,16.2
71171100,16.2
71171900,16.2
71179000,16.2
71181010,14.4
71181090,0
71189000,16.2
72011000,3.6
72012000,3.6
72015000,3.6
72021100,5.4
72021900,5.4
72022100,5.4
72022900,5.4
72023000,5.4
72024100,5.4
72024900,5.4
72025000,5.4
72026000,5.4
72027000,5.4
72028000,5.4
72029100,5.4
72029200,5.4
72029300,5.4
72029910,5.4
72029990,5.4
72031000,0
72039000,0
72041000,0
72042100,0
72042900,0
72043000,0
72044100,0
72044900,0
72045000,0
72051000,5.4
72052100,0
72052910,0
72052920,0
72052990,5.4
72061000,5.4
72069000,5.4
72071110,7.2
72071190,7.2
72071200,7.2
72071900,7.2
72072000,7.2
72081000,10.8
72082500,10.8
72082610,9
72082690,25
72082710,9
72082790,25
72083610,9
72083690,10.8
72083810,9
72084000,10.8
72085100,10.8
72085200,10.8
72085300,10.8
72085400,10.8
72089000,10.8
72091500,10.8
72091800,10.8
72092500,10.8
72092600,10.8
72092700,10.8
72092800,10.8
72099000,10.8
72101100,10.8
72101200,10.8
72102000,10.8
72103010,10.8
72103090,10.8
72104110,10.8
72104190,10.8
72104990,10.8
72105000,10.8
72106911,0
72106919,10.8
72106990,10.8
72107010,10.8
72107020,10.8
72109000,25
72111300,10.8
72111400,10.8
72111900,10.8
72112300,10.8
72112910,10.8
72112920,10.8
72119010,10.8
72119090,10.8
72121000,10.8
72122010,10.8
72122090,10.8
72123000,10.8
72124010,10.8
72124021,0
72124029,10.8
72125010,0
72125090,10.8
72126000,10.8
72131000,10.8
72132000,10.8
72139910,10.8
72139990,10.8
72141010,10.8
72141090,10.8
72142000,12
72143000,10.8
72149100,10.8
72149910,10.8
72149990,10.8
72151000,10.8
72155000,10.8
72159010,10.8
72159090,10.8
72161000,10.8
72162100,10.8
72162200,10.8
72163100,10.8
72163200,10.8
72163300,10.8
72164010,10.8
72164090,10.8
72165000,10.8
72166110,10.8
72166190,10.8
72166910,10.8
72166990,10.8
72169100,10.8
72169900,10.8
72171011,0
72171019,10.8
72171090,25
72172010,10.8
72172090,25
72173010,25
72173090,10.8
72179000,10.8
72181000,7.2
72189100,7.2
72189900,7.2
72191100,12.6
72191200,25
72191300,25
72191400,12.6
72192100,12.6
72192200,12.6
72192300,12.6
72192400,12.6
72193100,12.6
72193200,12.6
72193300,12.6
72193400,12.6
72193500,12.6
72199010,0
72199090,12.6
72201100,12.6
72201210,12.6
72201220,12.6
72201290,12.6
72202010,0
72202090,12.6
72209000,12.6
72210000,12.6
72221100,12.6
72221910,12.6
72221990,12.6
72223000,12.6
72224010,0
72224090,12.6
72230000,12.6
72241000,7.2
72249000,7.2
72251100,25
72251900,12.6
72253000,12.6
72254010,0
72254020,0
72254090,12.6
72255010,0
72255090,12.6
72259100,12.6
72259200,12.6
72259910,0
72259990,12.6
72261100,12.6
72261900,12.6
72262010,0
72262090,12.6
72269100,12.6
72269200,12.6
72269900,12.6
72271000,12.6
72272000,12.6
72279000,25
72281010,12.6
72281090,12.6
72282000,12.6
72283000,12.6
72284000,12.6
72285000,12.6
72286000,12.6
72287000,12.6
72288000,12.6
72292000,12.6
72299000,25
73011000,9
73012000,9
73021010,0
73021090,10.8
73023000,10.8
73024000,10.8
73029000,10.8
73030000,10.8
73041100,14.4
73042200,14.4
73042310,14.4
73042390,14.4
73042400,14.4
73042910,14.4
73042931,14.4
73042990,14.4
73043110,16
73043190,16
73043910,16
73043920,16
73043990,14.4
73044110,0
73044190,14.4
73044900,14.4
73045111,0
73045119,16
73045190,14.4
73045910,16
73045990,14.4
73049011,14.4
73049019,16
73049090,16
73051100,12.6
73051200,12.6
73051900,12.6
73052000,12.6
73053100,12.6
73053900,12.6
73059000,12.6
73061100,12.6
73061900,12.6
73062100,12.6
73062900,12.6
73064000,12.6
73065000,12.6
73066100,14
73066900,12.6
73069010,12.6
73069020,12.6
73069090,12.6
73071100,12.6
73071910,12.6
73071920,12.6
73071990,12.6
73072100,12.6
73072200,12.6
73072300,12.6
73072900,12.6
73079100,12.6
73079200,12.6
73079300,12.6
73079900,12.6
73083000,12.6
73084000,25
73089010,12.6
73089090,12.6
73090020,7.2
73101010,0
73101090,12.6
73102110,12.6
73102190,12.6
73102910,12.6
73102920,0
73102990,12.6
73110000,12.6
73121010,25
73121090,25
73129000,12.6
73130000,12.6
73141200,12.6
73141400,12.6
73141900,12.6
73142000,12.6
73143100,25
73143900,12.6
73144100,25
73144200,12.6
73144900,12.6
73145000,12.6
73151110,0
73151190,12.6
73151210,12.6
73151290,12.6
73151900,12.6
73152000,12.6
73158100,12.6
73158200,12.6
73158900,12.6
73159000,12.6
73160000,12.6
73170010,12.6
73170020,12.6
73170030,12.6
73170090,25
73181100,14.4
73181200,25
73181300,16
73181400,16
73181500,16
73181600,16
73181900,16
73182100,16
73182200,16
73182300,16
73182400,16
73182900,16
73194000,14.4
73199000,14.4
73201000,16
73202010,16
73202090,16
73209000,16
73211100,18
73211200,18
73211900,18
73218100,18
73218200,18
73218900,18
73219000,16.2
73221100,16.2
73221900,16.2
73229010,0
73229090,16.2
73231000,16.2
73239100,16.2
73239200,16.2
73239300,16.2
73239400,16.2
73239900,16.2
73241000,16.2
73242100,16.2
73242900,16.2
73249000,16.2
73251000,18
73259100,16.2
73259910,18
73259990,18
73261100,16.2
73261900,18
73262000,18
73269010,0
73269020,0
73269090,18
74010000,5.4
74020000,5.4
74031100,5.4
74031200,5.4
74031300,5.4
74031900,5.4
74032100,5.4
74032200,5.4
74032900,5.4
74040000,0
74050000,5.4
74062000,5.4
74071010,10.8
74071021,10.8
74071029,10.8
74072110,10.8
74072120,10.8
74072910,10.8
74072921,10.8
74072929,10.8
74081100,9
74081900,10.8
74082100,10.8
74082200,10.8
74082912,0
74082913,10.8
74082919,10.8
74082990,10.8
74091100,10.8
74091900,10.8
74092100,10.8
74092900,10.8
74093111,0
74093119,10.8
74093190,10.8
74093900,10.8
74094090,10.8
74099000,10.8
74101112,7.2
74101190,10.8
74101200,10.8
74102120,7.2
74102190,10.8
74102200,10.8
74111010,12.6
74111090,12.6
74112110,12.6
74112190,12.6
74112210,12.6
74112290,12.6
74112910,12.6
74112990,12.6
74121000,12.6
74122000,12.6
74130000,12.6
74151000,12.6
74152100,12.6
74152900,12.6
74153300,12.6
74153900,12.6
74181000,14.4
74182000,14.4
74192000,14.4
74198010,12.6
74198020,12.6
74198030,12.6
74198040,0
74198090,16
75011000,5.4
75012000,5.4
75021010,5.4
75021090,5.4
75022000,5.4
75030000,0
75040010,5.4
75040090,5.4
75051110,10.8
75051121,10.8
75051129,10.8
75051210,10.8
75051221,10.8
75051229,10.8
75052100,10.8
75052210,0
75052290,10.8
75061000,10.8
75062000,10.8
75071100,12.6
75071200,12.6
75072000,12.6
75081000,14.4
75089010,0
75089090,14.4
76011000,5.4
76012000,5.4
76020000,0
76031000,5.4
76032000,5.4
76041010,10.8
76041021,10.8
76041029,10.8
76042100,10.8
76042911,0
76042919,10.8
76042920,10.8
76051110,10.8
76051190,10.8
76051910,10.8
76051990,10.8
76052110,10.8
76052190,10.8
76052910,10.8
76052990,10.8
76061110,0
76061190,10.8
76061210,10.8
76061220,0
76061230,0
76061290,10.8
76069100,10.8
76069200,10.8
76071110,0
76071120,0
76071190,10.8
76071910,0
76071990,10.8
76072000,10.8
76081000,12.6
76082010,0
76082090,12.6
76090000,12.6
76101000,14.4
76109000,14.4
76110000,14.4
76121000,14.4
76129011,14.4
76129012,0
76129019,14.4
76129090,14.4
76130000,16
76141010,10.8
76141090,10.8
76149010,10.8
76149090,10.8
76151000,14.4
76152000,14.4
76161000,12.6
76169100,12.6
76169900,12.6
78011011,7.2
78011019,7.2
78011090,7.2
78019100,5.4
78019900,5.4
78020000,3.6
78041100,10.8
78041900,10.8
78042000,5.4
78060010,10.8
78060020,12.6
78060090,14.4
79011111,7.2
79011119,7.2
79011191,7.2
79011199,7.2
79011210,7.2
79011290,5.4
79012010,7.2
79012090,7.2
79020000,0
79031000,5.4
79039000,5.4
79040000,10.8
79050000,10.8
79070010,12.6
79070090,14.4
80011000,5.4
80012000,5.4
80020000,0
80030000,10.8
80070010,10.8
80070020,5.4
80070030,12.6
80070090,14.4
81011000,0
81019400,0
81019600,0
81019700,0
81019910,0
81019990,0
81021000,0
81029400,0
81029500,0
81029600,0
81029700,0
81029900,0
81032000,0
81033000,0
81039100,0
81039900,0
81041100,5.4
81041900,5.4
81042000,0
81043000,5.4
81049000,7.2
81052010,3.6
81052021,0
81052029,5.4
81052090,5.4
81053000,5.4
81059010,5.4
81059090,5.4
81061000,0
81069000,0
81082000,0
81083000,0
81089000,0
81092100,0
81092900,0
81093100,0
81093900,0
81099100,0
81099900,0
81101010,0
81101020,5.4
81102000,5.4
81109000,5.4
81110010,5.4
81110020,5.4
81110090,5.4
81121200,5.4
81121300,5.4
81121900,5.4
81122110,0
81122120,0
81122200,0
81122900,0
81123100,0
81123900,0
81124100,0
81124900,0
81125100,0
81125200,0
81125900,0
81126100,5.4
81126900,5.4
81129200,0
81129900,0
81130010,5.4
81130090,5.4
82011000,16.2
82013000,16.2
82014000,16.2
82015000,16.2
82016000,16.2
82019000,16.2
82021000,16.2
82022000,16.2
82023100,16.2
82023900,16.2
82024000,16.2
82029100,16.2
82029910,16.2
82029990,16.2
82031010,16.2
82031090,16.2
82032010,16.2
82032090,16.2
82033000,16.2
82034000,16.2
82041100,18
82041200,16.2
82042000,16.2
82051000,16.2
82052000,16.2
82053000,16.2
82054000,16.2
82055100,16.2
82055900,16.2
82056000,16.2
82057000,16.2
82059000,16.2
82060000,16.2
82071300,16.2
82071910,0
82071990,16.2
82072000,16.2
82074010,16.2
82074020,16.2
82075011,16.2
82075019,16.2
82075090,16.2
82076000,16.2
82077010,16.2
82077020,16.2
82077090,16.2
82078000,16.2
82079000,16.2
82081000,14.4
82082000,14.4
82083000,14.4
82084000,16
82089000,14.4
82090011,14.4
82090019,14.4
82090090,14.4
82100010,16.2
82100090,16.2
82111000,16.2
82119100,16.2
82119210,16.2
82119220,16.2
82119290,16.2
82119310,16.2
82119320,16.2
82119390,16.2
82119400,16.2
82119500,16.2
82121010,16.2
82121020,16.2
82122010,16.2
82122020,16.2
82129000,16.2
82130000,16.2
82141000,16.2
82142000,16.2
82149010,16.2
82149090,16.2
82151000,16.2
82152000,16.2
82159100,16.2
82159910,16.2
82159990,16.2
83011000,14.4
83012000,16
83013000,14.4
83014000,14.4
83015000,16
83016000,16
83017000,16
83021000,16
83022000,14.4
83023000,16
83024100,14.4
83024200,14.4
83024900,14.4
83025000,14.4
83026000,14.4
83030000,14.4
83040000,14.4
83051000,14.4
83052000,14.4
83059000,14.4
83061000,14.4
83062100,14.4
83062900,14.4
83063000,14.4
83071010,0
83071090,16
83079000,16
83081000,16
83082000,16
83089010,14.4
83089020,14.4
83089090,14.4
83091000,14.4
83099000,16
83100000,16
83111000,14.4
83112000,14.4
83113000,14.4
83119000,14.4
84013000,12.6
84014000,0
84031010,16.2
84069011,7.2
84069021,7.2
84071000,7.2
84073110,16.2
84073190,16.2
84073200,16.2
84073310,16.2
84073390,18
84073410,16.2
84073490,0
84079000,12.6
84082010,18
84082020,18
84082030,18
84082090,18
84089010,11.2
84089090,12.6
84091000,7.2
84099111,16
84099112,16
84099113,0
84099114,16
84099115,16
84099116,16
84099117,16
84099118,16
84099120,16
84099130,16
84099140,16
84099190,16
84099912,16
84099914,16
84099915,16
84099917,16
84099921,0
84099929,16
84099930,16
84099941,0
84099949,16
84099951,0
84099959,16
84099961,0
84099969,16
84099971,0
84099979,16
84099991,0
84099999,16
84111100,7.2
84111200,7.2
84112100,7.2
84112200,7.2
84118100,7.2
84118200,7.2
84119100,7.2
84119900,7.2
84121000,7.2
84122110,12.6
84122190,12.6
84122900,12.6
84123110,12.6
84123190,12.6
84129080,12.6
84129090,12.6
84131900,12.6
84132000,18
84133010,18
84133020,18
84133030,18
84133090,18
84135090,12.6
84136011,12.6
84136019,12.6
84136090,12.6
84137010,12.6
84137090,12.6
84138100,12.6
84139190,12.6
84139200,12.6
84141000,12.6
84142000,16.2
84143011,18
84143019,7.2
84143091,18
84143099,12.6
84144090,12.6
84145110,18
84145120,18
84145190,18
84145910,7.2
84145990,12.6
84146000,18
84147000,12.6
84148019,12.6
84148021,12.6
84148022,12.6
84148033,12.6
84148038,7.2
84148039,12.6
84148090,12.6
84149010,12.6
84149020,12.6
84149031,12.6
84149033,12.6
84149034,12.6
84149039,12.6
84149040,12.6
84151011,16.2
84151019,18
84152010,18
84152090,12.6
84158110,16.2
84158210,18
84159010,16.2
84159020,16.2
84159090,12.6
84178020,7.2
84181000,18
84182100,18
84182900,18
84183000,18
84184000,18
84186931,16.2
84186932,16.2
84186940,18
84186991,7.2
84189100,14.4
84189900,12.6
84191100,18
84191200,18
84191900,18
84195090,12.6
84198911,7.2
84198940,12.6
84199010,14.4
84199031,7.2
84211110,7.2
84211210,18
84212300,16
84212911,7.2
84212919,7.2
84212990,12.6
84213100,16
84213200,18
84213930,7.2
84213990,12.6
84219110,14.4
84219191,7.2
84219910,12.6
84219920,7.2
84219991,7.2
84219999,12.6
84221100,18
84223022,7.2
84223023,7.2
84224010,7.2
84224020,7.2
84224030,7.2
84229010,14.4
84231000,18
84239010,14.4
84239021,14.4
84241000,14.4
84243020,7.2
84243030,7.2
84244900,14
84248910,14.4
84248920,7.2
84249010,12.6
84249090,12.6
84251910,14.4
84254200,18
84254910,16
84254990,12.6
84264110,7.2
84264910,7.2
84269100,12.6
84283930,7.2
84289020,7.2
84289030,7.2
84291110,7.2
84291190,14
84291910,7.2
84291990,14
84292010,7.2
84292090,14
84293000,14
84294000,14
84295111,7.2
84295119,14
84295121,7.2
84295129,14
84295191,7.2
84295192,7.2
84295199,14
84295211,7.2
84295212,7.2
84295219,14
84295220,7.2
84295900,14
84302000,7.2
84303110,0
84303190,14
84303910,0
84304110,10
84304120,14
84304130,0
84304190,14
84304920,0
84305000,14
84306911,7.2
84306919,12.6
84306990,12.6
84311010,14.4
84312011,12.6
84312090,12.6
84314100,12.6
84314200,12.6
84314310,7.2
84314921,9
84314922,12.6
84314923,12.6
84314929,0
84331100,16.2
84331900,16.2
84335100,14
84335200,14
84335300,14
84335911,14
84335919,7.2
84335990,14
84336021,7.2
84339010,14.4
84339090,12.6
84368000,14
84369900,12.6
84382011,7.2
84388020,7.2
84399910,7.2
84401011,7.2
84401020,7.2
84411010,7.2
84423020,7.2
84424020,7.2
84431110,7.2
84431310,7.2
84431321,7.2
84431400,7.2
84433112,7.2
84433114,7.2
84433115,7.2
84433116,7.2
84433199,7.2
84433221,7.2
84433222,0
84433232,7.2
84433234,7.2
84433235,9.6
84433236,7.2
84433237,7.2
84433238,7.2
84433240,7.2
84433252,7.2
84433291,7.2
84433928,7.2
84439912,7.2
84439922,7.2
84439923,7.2
84439931,7.2
84439932,7.2
84439933,7.2
84439942,7.2
84440020,7.2
84440090,7.2
84451110,7.2
84451120,7.2
84451200,7.2
84451300,7.2
84451910,7.2
84451924,7.2
84451925,7.2
84451926,7.2
84451927,7.2
84452000,7.2
84453010,7.2
84454011,7.2
84454012,7.2
84454018,7.2
84454021,7.2
84454031,7.2
84454040,7.2
84459020,7.2
84459040,7.2
84461010,7.2
84463010,7.2
84463020,7.2
84463030,7.2
84463040,7.2
84471100,7.2
84472010,18
84472021,7.2
84479010,7.2
84479020,7.2
84481120,7.2
84482010,7.2
84482030,7.2
84482090,7.2
84483220,7.2
84483240,7.2
84483250,7.2
84483912,7.2
84483921,7.2
84483922,7.2
84483992,7.2
84484920,7.2
84485190,7.2
84485921,14.4
84485922,7.2
84485930,7.2
84490020,7.2
84490091,7.2
84501100,18
84501200,18
84501900,18
84502010,7.2
84509090,14.4
84512100,18
84512910,7.2
84513010,7.2
84513091,18
84515010,7.2
84515020,7.2
84519010,14.4
84521000,18
84522110,7.2
84522120,7.2
84522190,7.2
84522921,7.2
84522922,7.2
84522923,7.2
84522924,7.2
84522929,7.2
84529020,16.2
84529081,14.4
84529089,14.4
84529092,7.2
84529093,7.2
84529099,7.2
84543020,7.2
84549010,7.2
84553020,7.2
84561111,0
84561211,7.2
84562010,7.2
84562090,7.2
84563011,7.2
84581191,7.2
84609011,7.2
84609012,7.2
84614010,7.2
84632091,7.2
84642021,7.2
84649011,7.2
84669311,7.2
84671110,10
84671190,10
84671900,10
84672100,18
84672200,18
84672910,18
84672991,18
84672992,18
84672999,18
84681000,14.4
84688010,7.2
84689010,14.4
84689020,7.2
84701000,18
84702100,18
84702900,18
84703000,18
84709010,7.2
84713011,0
84714100,16
84715010,14.4
84716052,0
84717020,0
84717030,0
84719014,0
84723010,0
84723020,0
84723030,0
84723090,7.2
84729040,16.2
84729051,0
84729091,7.2
84732100,14.4
84732920,14.4
84733031,0
84733032,7.2
84733033,7.2
84733034,7.2
84733039,0
84733042,10.8
84733049,10.8
84733090,0
84735040,7.2
84751000,7.2
84768910,7.2
84774010,7.2
84778010,7.2
84791010,14
84791090,14
84798110,7.2
84798921,7.2
84798922,7.2
84798931,16.2
84798932,16.2
84799010,14.4
84811000,12.6
84812011,12.6
84812019,0
84812090,12.6
84813000,12.6
84814000,12.6
84818011,16.2
84818019,16.2
84818021,12.6
84818031,16.2
84818091,16.2
84818092,12.6
84818093,12.6
84818095,12.6
84818097,12.6
84818099,12.6
84819010,14.4
84819090,12.6
84821010,16
84821090,16
84822010,16
84822090,16
84823000,16
84824000,16
84825010,16
84825090,16
84828000,16
84829111,0
84829119,12.6
84829120,12.6
84829130,12.6
84829190,12.6
84829910,0
84829990,12.6
84831011,0
84831019,16
84831020,16
84831030,16
84831040,16
84831050,7.2
84831090,16
84832000,16
84833010,16
84833021,0
84833029,16
84833090,16
84834010,12.6
84834090,12.6
84835010,16
84835090,16
84836011,12.6
84836019,12.6
84836090,12.6
84839000,12.6
84841000,16
84842000,12.6
84849000,16
84879000,12.6
85011011,7.2
85011019,18
85011021,18
85011029,18
85011030,16.2
85012000,18
85013110,18
85013120,16.2
85013210,18
85013220,18
85013419,7.2
85014011,16.2
85014019,16.2
85014021,12.6
85014029,12.6
85015390,7.2
85017100,16.2
85017210,16.2
85022019,7.2
85023100,25
85023900,0
85030010,12.6
85041000,16.2
85043111,16.2
85043119,18
85043191,7.2
85043192,16.2
85043199,16.2
85043211,16.2
85043219,16.2
85043221,16.2
85043229,16.2
85044010,18
85044021,16.2
85044022,16.2
85044029,16.2
85044030,7
85044040,16
85044060,16.2
85045090,0
85049010,14.4
85049020,14.4
85049090,14.4
85051100,16
85051910,16
85051990,16
85052010,7.2
85052090,12.6
85059019,14.4
85059080,12.6
85059090,12.6
85061011,0
85061012,0
85061019,14.4
85061020,14.4
85061031,0
85061032,0
85061039,14.4
85063010,0
85063090,14.4
85064010,0
85064090,14.4
85065010,0
85065090,16
85066010,0
85066090,14.4
85068010,0
85068090,14.4
85069000,12.6
85071010,18
85071090,18
85072010,18
85072090,16.2
85073011,16.2
85073019,18
85073090,16.2
85075010,0
85075020,0
85075090,18
85076000,0
85078000,18
85079010,16
85079020,16
85079090,16
85081100,18
85081900,18
85094010,18
85094020,18
85094030,18
85094040,18
85094050,18
85094090,18
85098010,18
85098090,18
85099000,14.4
85101000,18
85102000,7.2
85103000,18
85109011,14.4
85109019,14.4
85109090,7.2
85111000,18
85112010,18
85112090,18
85113010,18
85113020,18
85114000,18
85115010,18
85115090,18
85118010,18
85118020,18
85118030,16
85118090,18
85119000,16
85121000,16.2
85122011,18
85122019,18
85122021,18
85122022,18
85122023,18
85122029,18
85123000,18
85124010,18
85124020,18
85129000,16
85131010,16.2
85131090,16.2
85139000,14.4
85153110,7.2
85158010,7.2
85161000,18
85162100,18
85162900,18
85163100,18
85163200,18
85163300,18
85164000,18
85165000,18
85166000,18
85167100,18
85167200,18
85167910,18
85167920,18
85167990,18
85168010,14.4
85168090,16
85169000,14.4
85171100,18
85171410,10.8
85171432,0
85171439,10.8
85171441,7.2
85171490,0
85171830,18
85171890,18
85176130,9.6
85176141,0
85176142,0
85176143,7.2
85176192,9.6
85176199,0
85176251,9.6
85176252,9.6
85176253,7.2
85176254,9.6
85176255,16
85176256,18
85176259,12.6
85176262,10.8
85176264,7.2
85176272,14.4
85176273,18
85176279,9.6
85176294,16
85176299,18
85177110,0
85177190,16
85177900,7.2
85181010,0
85181090,20
85182100,20
85182200,18
85182910,0
85182990,20
85183000,18
85184000,20
85185000,20
85189010,16
85189090,14.4
85192000,18
85193000,18
85198110,20
85198120,7.2
85198190,18
85198900,18
85211010,7.2
85211081,18
85211089,18
85211090,7.2
85219000,18
85221000,16.2
85229000,14.4
85232110,14.4
85232120,14.4
85232911,7.2
85232919,14.4
85232990,14.4
85234110,14.4
85234190,14.4
85234910,14.4
85234920,14.4
85234990,14.4
85235110,0
85235190,14.4
85235900,14.4
85238000,14.4
85241100,0
85249100,7.2
85249200,7.2
85249900,7.2
85255011,7.2
85255021,9.6
85255022,7.2
85255023,9.6
85255024,9.6
85256020,7.2
85258100,7.2
85258200,7.2
85258300,7.2
85258911,7.2
85258912,7.2
85258914,7.2
85258919,20
85258921,7.2
85258922,7.2
85258929,20
85261000,0
85269100,0
85269200,18
85271200,18
85271300,18
85271900,18
85272100,20
85272900,20
85279100,18
85279200,18
85279910,20
85279990,18
85284990,18
85285900,20
85286910,7.2
85286990,20
85287111,7.2
85287119,18
85287190,18
85287200,18
85287300,18
85291020,14.4
85291090,16
85299020,0
85299030,7.2
85299040,7.2
85299090,16
85308090,12.6
85311010,16.2
85311090,18
85318000,16.2
85319000,16
85321000,14.4
85322111,0
85322119,16
85322120,0
85322190,14.4
85322200,4
85322310,0
85322390,16
85322410,0
85322420,0
85322490,14.4
85322510,0
85322590,16
85322910,0
85322990,16
85323010,0
85323090,16
85329000,12.6
85331000,16
85332110,16
85332120,0
85332190,16
85332900,16
85333110,15
85333190,16
85333910,14.4
85333990,16
85334011,0
85334012,0
85334013,14.4
85334019,16
85334091,0
85334092,16
85334099,16
85339000,12.6
85340011,9.6
85340012,9.6
85340013,9.6
85340019,9.6
85340020,9
85340031,9.6
85340032,9.6
85340033,9.6
85340039,9.6
85340040,9
85340051,9.6
85340059,9.6
85351000,14.4
85352100,14.4
85352900,14.4
85353013,0
85353017,14.4
85353018,14.4
85353019,16
85353023,0
85353027,14.4
85353028,14.4
85353029,14.4
85354010,14.4
85354090,14.4
85359010,0
85359090,14.4
85361000,16
85362000,8
85363010,0
85363090,14.4
85364100,16
85364900,16
85365010,0
85365020,0
85365030,7.2
85365090,16
85366100,16
85366910,14.4
85366990,16
85367000,14.4
85369010,16
85369020,14.4
85369030,16
85369040,9
85369050,0
85369060,0
85369090,16
85371011,0
85371020,12.6
85371090,18
85372010,7.2
85372090,16.2
85381000,16
85389010,10.8
85389020,0
85389090,16
85391010,18
85391090,18
85392110,18
85392190,18
85392200,16.2
85392910,18
85392990,18
85393111,16.2
85393119,16.2
85393120,16.2
85393131,16.2
85393132,16.2
85393139,16.2
85393210,16.2
85393220,16.2
85393230,16.2
85393911,18
85393912,18
85393913,18
85393919,18
85393990,18
85394110,0
85394190,16.2
85394900,16.2
85395100,10.8
85395200,10.8
85399010,12.6
85399020,12.6
85399090,12.6
85401100,16.2
85401200,16.2
85402011,16.2
85402019,0
85402020,7.2
85402090,0
85404000,7.2
85406010,7.2
85406090,16.2
85407100,16.2
85407900,16.2
85408100,16.2
85408910,0
85408990,16.2
85409110,14.4
85409120,0
85409130,14.4
85409140,14.4
85409190,0
85409900,14.4
85411011,7.2
85411012,7.2
85411021,7.2
85411022,7.2
85411029,7.2
85411031,7.2
85411032,7.2
85411091,7.2
85411092,0
85412110,7.2
85412120,7.2
85412191,7.2
85412199,0
85412910,7.2
85412920,7.2
85413011,7.2
85414111,7.2
85414112,7.2
85414121,7.2
85414122,0
85414123,0
85414124,0
85414210,0
85414220,7.2
85414290,0
85414300,9.6
85414900,0
85415100,0
85415900,0
85419010,7.2
85419020,7.2
85419090,7.2
85423110,0
85423120,0
85423190,0
85423210,7.2
85423221,7.2
85423229,7.2
85423291,7.2
85423299,7.2
85423311,7.2
85423319,10.8
85423320,7.2
85423390,0
85423911,7.2
85423919,10.8
85423920,0
85423931,7.2
85423939,0
85423991,7.2
85423999,0
85429000,7.2
85431000,0
85432000,12.6
85433010,7.2
85434000,12.6
85437011,0
85437012,0
85437020,16.2
85437031,7.2
85437032,7.2
85437033,7.2
85437034,7.2
85437035,7.2
85437036,7.2
85437040,7.2
85437050,7.2
85437091,7.2
85437099,10.8
85439010,10.8
85441100,12.6
85441990,12.6
85442000,16
85443000,16
85444200,8
85444900,16
85446000,14.4
85447010,20
85447020,0
85451100,9
85451910,0
85451920,0
85451990,10.8
85452000,10.8
85459010,0
85459020,10.8
85459030,10.8
85459090,10.8
85461000,14.4
85462000,16
85469000,16
85471000,16
85472010,0
85472090,16
85479000,16
85480010,14.4
85480090,12.6
85491100,3.6
85491200,16.2
85491300,16.2
85491400,16.2
85491900,16.2
85492100,16.2
85492900,16.2
85493100,16.2
85493900,16.2
85499100,16.2
85499900,16.2
86040010,7.2
86061000,30
86069100,30
86069200,30
86069900,30
86071110,25
86071911,7.2
86071990,12.6
87011000,14
87012100,35
87012200,35
87012300,35
87012400,35
87012900,35
87013000,14
87019100,14
87019200,14
87019300,14
87019410,7.2
87019490,14
87019510,7.2
87019590,14
87021000,35
87022000,35
87023000,35
87024010,35
87024090,35
87029000,35
87031000,18
87032100,35
87032210,35
87032290,35
87032310,35
87032390,35
87032410,35
87032490,35
87033110,35
87033190,35
87033210,35
87033290,35
87033310,35
87033390,35
87034000,35
87035000,35
87036000,35
87037000,35
87038000,35
87039000,35
87041010,7.2
87041090,14
87042110,35
87042120,35
87042130,35
87042190,35
87042210,35
87042220,35
87042230,35
87042290,35
87042310,35
87042320,35
87042330,35
87042340,35
87042390,20
87043110,35
87043120,35
87043130,35
87043190,35
87043210,35
87043220,35
87043230,35
87043290,35
87044100,35
87044200,35
87044300,35
87045100,35
87045200,35
87046000,35
87049000,35
87051020,7.2
87051030,7.2
87051090,20
87052000,35
87053000,35
87054000,35
87059010,0
87059090,35
87060010,35
87060020,12.6
87060090,35
87071000,35
87079010,12.6
87079090,35
87081000,18
87082100,18
87082200,18
87082911,12.6
87082912,12.6
87082913,12.6
87082914,12.6
87082919,12.6
87082991,18
87082992,18
87082993,18
87082994,18
87082995,0
87082999,18
87083011,12.6
87083019,18
87083090,18
87084011,0
87084019,12.6
87084080,18
87084090,18
87085011,7.2
87085012,12.6
87085019,12.6
87085080,18
87085091,12.6
87085099,18
87087010,12.6
87087090,18
87088000,18
87089100,18
87089200,18
87089300,18
87089411,12.6
87089412,12.6
87089413,12.6
87089481,18
87089482,18
87089483,18
87089490,18
87089510,18
87089521,18
87089522,0
87089529,18
87089910,0
87089990,18
87100000,0
87111000,18
87112010,18
87112020,18
87112090,18
87113000,18
87114000,18
87115000,18
87116000,18
87119000,18
87120010,31.5
87120090,18
87131000,10.8
87139000,0
87141000,14.4
87142000,9
87149100,14.4
87149200,14.4
87149311,0
87149320,0
87149410,14.4
87149490,14.4
87149500,14.4
87149619,0
87149910,0
87149920,0
87149990,14.4
87150000,18
87161000,18
87162000,35
87163100,35
87163900,35
87164000,35
87168000,35
87169010,16
87169090,16
88010000,0
88021100,0
88021210,0
88021290,0
88022010,0
88022021,0
88022022,0
88022090,0
88023010,0
88023021,0
88023029,0
88023031,0
88023039,0
88023090,0
88024010,0
88024090,0
88026000,0
88040000,12.6
88051000,7.2
88052100,0
88052900,0
88061000,0
88062100,0
88062200,0
88062300,0
88062400,0
88062900,0
88069100,0
88069200,0
88069300,0
88069400,0
88069900,0
88071000,0
88072000,0
88073000,0
88079000,0
89012000,35
89019000,0
89031100,18
89031200,18
89031900,18
89032100,18
89032200,18
89032300,18
89033100,18
89033200,18
89033300,18
89039300,18
89039900,18
89080000,0
90011011,12.6
90012000,16.2
90013000,16.2
90014000,16.2
90015000,16.2
90019010,16.2
90019090,16.2
90021111,0
90021119,14.4
90021120,7.2
90021190,14.4
90021900,14.4
90022010,14.4
90022090,14.4
90029090,14.4
90031100,16.2
90031910,16.2
90031990,16.2
90039010,14.4
90039090,14.4
90041000,18
90049010,16.2
90049020,16.2
90049090,16.2
90051000,16.2
90059010,14.4
90064000,0
90065310,16.2
90065320,16.2
90065930,7.2
90065940,16.2
90065951,9
90065959,16.2
90066100,16.2
90066900,16.2
90069110,14.4
90069190,14.4
90069900,14.4
90072020,7.2
90085000,16.2
90089000,14.4
90101010,7.2
90101020,7.2
90105010,7.2
90105020,7.2
90105090,16.2
90106000,16.2
90109090,14.4
90112010,7.2
90112020,7.2
90112030,7.2
90118010,4
90119010,7.2
90121010,0
90121090,0
90129010,7.2
90131010,16.2
90138000,16.2
90142010,7.2
90142020,7.2
90142030,7.2
90142090,7.2
90154000,7.2
90158090,12.6
90159010,7.2
90171010,7.2
90171090,16.2
90172000,16.2
90173010,9
90173020,10
90173090,16.2
90178010,16.2
90178090,16.2
90179010,7.2
90179090,14.4
90181210,7.2
90181300,7.2
90181410,7.2
90181420,7.2
90181910,7.2
90182010,7.2
90182020,7.2
90183111,14.4
90183119,14.4
90183190,14.4
90183211,14.4
90183212,0
90183213,0
90183219,14.4
90183220,0
90183910,14.4
90183921,0
90183922,0
90183923,0
90183925,0
90183929,0
90183930,14.4
90183991,14.4
90183999,14.4
90184911,14.4
90184912,14.4
90184919,14.4
90184920,14.4
90184940,7.2
90184991,7.2
90184999,14.4
90185010,7.2
90189010,0
90189021,14.4
90189029,14.4
90189031,7.2
90189061,14.4
90189069,14.4
90189093,7.2
90189094,7.2
90189095,0
90189096,0
90189099,0
90200010,0
90200090,14.4
90211010,12.6
90211020,4
90211091,0
90211099,12.6
90212110,14.4
90212190,14.4
90212900,14.4
90213110,4
90213120,0
90213190,0
90213911,0
90213919,12.6
90213920,0
90213930,0
90213940,0
90213980,12.6
90213991,0
90213999,12.6
90214000,0
90215000,12.6
90219011,0
90219012,0
90219013,0
90219019,0
90219080,0
90219091,0
90219092,0
90219099,0
90221200,7.2
90221311,12.6
90221390,7.2
90221412,7.2
90221413,7.2
90221490,7.2
90221910,7.2
90221999,25
90222120,7.2
90222910,7.2
90223000,7.2
90230000,14.4
90248011,7.2
90248021,7.2
90251111,16.2
90251119,16.2
90251191,18
90251199,18
90251910,0
90251990,18
90258000,16.2
90259010,16
90259090,16
90261011,12.6
90261019,18
90261021,0
90261029,18
90262010,18
90262090,18
90268000,18
90269010,16
90269020,16
90269090,16
90271000,12.6
90272011,7.2
90272012,7.2
90272019,7.2
90272021,7.2
90273011,7.2
90275050,7.2
90275090,12.6
90278911,7.2
90278920,7.2
90278991,7.2
90278999,12.6
90279010,4
90279091,7.2
90279093,7.2
90279099,12.6
90281090,16.2
90282010,18
90282020,16.2
90283019,16.2
90283029,16.2
90283039,16.2
90283090,16.2
90289010,14.4
90289090,14.4
90291010,12.6
90291090,18
90292010,18
90292020,16.2
90299010,16
90299090,16
90301010,10
90302010,0
90302021,0
90302022,0
90302030,7.2
90303321,18
90308410,0
90308420,0
90308910,0
90308920,0
90308990,10.8
90309090,7.2
90314910,7.2
90314920,7.2
90318011,12.6
90318040,16
90318050,7.2
90318091,7.2
90318099,12.6
90319090,12.6
90321010,18
90321090,18
90322000,18
90328100,16.2
90328911,10.8
90328919,18
90328921,16
90328922,16
90328923,16
90328924,16
90328925,16
90328929,16
90328982,12.6
90328983,12.6
90328989,12.6
90328990,18
90329010,10.8
90329091,16
90329099,7.2
90330000,14.4
91011100,18
91011900,18
91012100,18
91012900,18
91019100,18
91019900,18
91021110,18
91021190,18
91021210,18
91021220,18
91021290,18
91021900,18
91022100,18
91022900,18
91029100,18
91029900,18
91031000,18
91039000,18
91040000,20
91051100,18
91051900,18
91052100,18
91052900,18
91059100,18
91059900,18
91061000,18
91069000,18
91070010,18
91070090,18
91081110,16.2
91081190,16.2
91081200,16.2
91081900,16.2
91082000,16.2
91089000,16.2
91091000,18
91099000,16.2
91101110,16.2
91101190,16.2
91101200,16.2
91101900,16.2
91109000,16.2
91111000,16.2
91112010,16.2
91112090,16.2
91118000,16.2
91119010,16.2
91119090,16.2
91122000,16.2
91129000,16.2
91131000,16.2
91132000,16.2
91139000,16.2
91143000,16.2
91144000,16.2
91149000,18
92011000,16.2
92012000,16.2
92019000,16.2
92021000,16.2
92029000,5
92051000,16.2
92059000,16.2
92060000,16.2
92071010,9
92071090,9
92079010,16.2
92079090,16.2
92081000,16.2
92089000,16.2
92093000,14.4
92099100,0
92099200,14.4
92099400,14.4
92099900,14.4
93011000,18
93012000,18
93019000,18
93020000,25
93031000,18
93032000,18
93033000,18
93039010,18
93039090,18
93040010,18
93040090,18
93051000,18
93052000,18
93059100,18
93059900,18
93062110,18
93062120,18
93062130,18
93062190,18
93062900,18
93063000,18
93069010,18
93069020,18
93069090,18
93070000,18
94011010,1
94011090,1
94012000,18
94013100,16.2
94013900,16.2
94014100,16.2
94014900,16.2
94015200,16.2
94015300,16.2
94015900,16.2
94016100,16.2
94016900,16.2
94017100,16.2
94017900,16.2
94018000,18
94019100,16.2
94019900,18
94021000,16.2
94029090,14.4
94031000,16.2
94032010,16.2
94032090,16.2
94033000,16.2
94034000,16.2
94035000,16.2
94036000,16.2
94037000,16.2
94038200,16.2
94038300,16.2
94038900,16.2
94039100,16.2
94039900,16.2
94041000,16.2
94042100,16.2
94042900,16.2
94043000,16.2
94044000,16.2
94049000,16.2
94051110,16.2
94051190,16.2
94051910,16.2
94051990,16.2
94052100,16.2
94052900,16.2
94053100,16.2
94053900,16.2
94054100,16.2
94054200,16.2
94054900,16.2
94055000,16.2
94056100,16.2
94056900,16.2
94059100,16.2
94059200,16.2
94059900,16.2
94061090,16.2
94069090,16.2
95030010,20
95030021,20
95030022,20
95030029,18
95030031,20
95030039,20
95030040,20
95030050,20
95030060,20
95030070,20
95030080,20
95030091,20
95030097,20
95030098,20
95030099,20
95042000,18
95043000,18
95044000,18
95045000,0
95049010,0
95049090,18
95051000,18
95059000,18
95061100,0
95061200,0
95061900,18
95062100,18
95062900,18
95063100,18
95063200,18
95063900,18
95064000,18
95065100,18
95065900,18
95066100,18
95066200,18
95066900,18
95067000,18
95069100,18
95069900,18
95071000,18
95072000,18
95073000,18
95079000,18
95081000,18
95082110,0
95082120,0
95082190,18
95082210,18
95082290,0
95082300,0
95082400,0
95082500,0
95082600,0
95082900,0
95083000,0
95084000,0
96011000,16.2
96019000,16.2
96020010,12.6
96020020,16.2
96020090,16.2
96031000,16.2
96032100,16.2
96032900,16.2
96033000,16.2
96034010,16.2
96034090,16.2
96035000,18
96039000,16.2
96040000,16.2
96050000,16.2
96061000,16.2
96062100,16.2
96062200,16.2
96062900,16.2
96063000,16.2
96071100,16.2
96071900,16.2
96072000,16.2
96081000,16.2
96082000,16.2
96083000,16.2
96084000,16.2
96085000,16.2
96086000,16.2
96089100,16.2
96089981,16.2
96089989,16.2
96089990,16.2
96091000,16.2
96092000,16.2
96099000,16.2
96100000,16.2
96110000,16.2
96121000,16.2
96122000,16.2
96131000,16.2
96132000,16.2
96138000,18
96139000,18
96140000,16.2
96151100,16.2
96151900,16.2
96159000,16.2
96161000,16.2
96162000,16.2
96170010,16.2
96170020,14.4
96180000,16.2
96190000,10
96200000,14.4
97012100,3.6
97012200,3.6
97012900,3.6
97019100,3.6
97019200,3.6
97019900,3.6
97021000,3.6
97029000,3.6
97031000,3.6
97039000,3.6
97040000,3.6
97051000,3.6
97052100,3.6
97052200,3.6
97052900,3.6
97053100,3.6
97053900,3.6
97061000,3.6
97069000,3.6
39081026,20
40029990,0
28363000,9
28369913,17.5
29051410,20
29053200,20
29071100,12.6
29141200,20
29153100,20
29153300,20
29153939,20
29171210,20
29171400,20
29171930,20
29173200,20
29173300,20
29212200,20
29221100,20
34023990,12.6
39011020,20
39011030,20
39012029,20
39013090,20
39014000,20
39021020,20
39023000,20
39031120,18
39039090,12.6
39041010,20
39061000,20
39076100,20
39079100,20
39079991,12.6
72083700,10.8
72083890,10.8
72083910,9
72083990,10.8
72091600,10.8
72091700,10.8
72104910,10.8
72106100,10.8
72139190,10.8
73041900,16
73081000,20
73082000,20
73090010,20
73090090,20
74101113,12.6
74101119,12.6
74102110,7.2
74102130,7.2
82073000,20
84011000,20
84012000,20
84021100,20
84021200,20
84021900,20
84022000,20
84029000,20
84031090,20
84039000,20
84041010,20
84041020,20
84042000,20
84049010,20
84049090,20
84051000,20
84059000,20
84061000,20
84068100,20
84068200,20
84069019,20
84069029,20
84069090,20
84072110,20
84072190,20
84072910,20
84072990,20
84081010,20
84081090,20
84101100,20
84101200,20
84101300,20
84109000,20
84128000,20
84129010,20
84129020,20
84131100,20
84134000,20
84135010,20
84138200,20
84139110,20
84144010,20
84144020,20
84148011,20
84148012,20
84148013,20
84148029,20
84148031,20
84148032,20
84149032,20
84151090,20
84158190,20
84158290,20
84158300,20
84161000,20
84162010,20
84162090,20
84163000,20
84169000,20
84171010,20
84171020,20
84171090,20
84172000,20
84178010,20
84178090,20
84179000,20
84185010,20
84185090,20
84186100,20
84186910,20
84186920,20
84186999,20
84192000,20
84193300,20
84193400,20
84193500,20
84193900,20
84194010,20
84194020,20
84194090,20
84195022,20
84196000,20
84198110,20
84198190,20
84198919,20
84198920,20
84198930,20
84198991,20
84198999,20
84199020,20
84199039,20
84199040,20
84199090,20
84201010,20
84201090,20
84209100,20
84209900,20
84211190,15
84211290,20
84211910,20
84211990,20
84212100,20
84212200,20
84212920,20
84212930,20
84213910,20
84219199,20
84221900,20
84222000,20
84223010,20
84223021,20
84223029,20
84223030,20
84224090,20
84229090,20
84232000,20
84233011,20
84233019,20
84233090,20
84238110,20
84238190,20
84238200,20
84238900,20
84239029,20
84242000,20
84243010,20
84243090,20
84244100,20
84248221,20
84248229,20
84248290,20
84251100,20
84251990,20
84253110,20
84253190,20
84253910,20
84253990,20
84254100,20
84261100,20
84261200,20
84261900,20
84262000,20
84263000,20
84264190,20
84264990,20
84269900,20
84271011,20
84271019,20
84271090,20
84272010,20
84272090,20
84279000,20
84281000,20
84282010,20
84282090,20
84283100,20
84283200,20
84283300,20
84283910,20
84283920,20
84283990,20
84284000,20
84286000,20
84287000,20
84289010,20
84289090,20
84295290,20
84301000,20
84303990,12.6
84304910,10
84304990,12.6
84306100,20
84311090,20
84312019,20
84313110,12.6
84313190,20
84313900,20
84314390,20
84314910,20
84321000,20
84322100,20
84322900,20
84323110,20
84323190,20
84323910,20
84323990,20
84324100,20
84324200,20
84328000,20
84329000,20
84332010,20
84333000,20
84334000,20
84336010,20
84336029,20
84336090,20
84341000,20
84342010,20
84342090,20
84349000,20
84351000,20
84359000,20
84361000,20
84362100,20
84362900,20
84369100,20
84371000,20
84378010,20
84378090,20
84379000,20
84381000,20
84382019,20
84382090,20
84383000,20
84384000,20
84385000,20
84386000,20
84388010,20
84388090,20
84389000,20
84391010,20
84391020,20
84391030,20
84391090,20
84392000,20
84393010,20
84393020,20
84393030,20
84393090,20
84399100,20
84399990,20
84401019,20
84401090,20
84409000,20
84411090,20
84412000,20
84413010,20
84413090,20
84414000,20
84418000,12.6
84419000,20
84423010,10
84423090,20
84424010,12.6
84424090,20
84425000,20
84431190,20
84431200,20
84431329,20
84431390,20
84431500,20
84431600,20
84431710,20
84431790,20
84431910,20
84431990,20
84433111,12.6
84433113,12.6
84433119,12.6
84433191,12.6
84433223,20
84433229,20
84433231,20
84433233,12.6
84433239,20
84433251,12.6
84433259,20
84433299,20
84433910,20
84433921,20
84433929,20
84433930,20
84433990,20
84439110,20
84439191,20
84439192,20
84439199,20
84439911,12.6
84439919,12.6
84439921,12.6
84439929,12.6
84439939,12.6
84439941,12.6
84439949,12.6
84439950,12.6
84439960,12.6
84439970,12.6
84439980,12.6
84439990,12.6
84440010,20
84451190,20
84451921,20
84451922,20
84451923,20
84451929,20
84453090,20
84454019,20
84454029,20
84454039,20
84454090,20
84459010,20
84459030,15
84459090,20
84461090,20
84462100,20
84462900,20
84463090,20
84471200,20
84472029,20
84472030,20
84479090,20
84481110,20
84481190,20
84481900,20
84482020,20
84483100,20
84483211,20
84483219,20
84483230,20
84483290,20
84483310,20
84483390,20
84483911,20
84483917,20
84483919,20
84483923,20
84483929,20
84483991,20
84483999,20
84484200,20
84484910,20
84484990,20
84485110,20
84485910,20
84485929,20
84485940,20
84485990,20
84490010,20
84490080,20
84490099,20
84502090,20
84509010,20
84511000,20
84512990,20
84513099,20
84514010,20
84514021,20
84514029,20
84514090,20
84515090,20
84518000,20
84519090,20
84522910,12.6
84522925,12.6
84522990,12.6
84523000,20
84529091,20
84529094,20
84531010,20
84531090,20
84532000,20
84538000,20
84539000,20
84541000,20
84542010,20
84542090,20
84543010,20
84543090,20
84549090,20
84551000,20
84552110,20
84552190,20
84552210,20
84552290,20
84553010,20
84553090,20
84559000,20
84561119,20
84561190,20
84561219,20
84561290,20
84563019,20
84563090,20
84564000,20
84565000,20
84569000,20
84571000,20
84572010,20
84572090,20
84573010,20
84573090,20
84581110,20
84581199,20
84581910,20
84581990,20
84589100,20
84589900,20
84591000,20
84592110,20
84592191,20
84592199,20
84592900,20
84593100,20
84593900,20
84594100,20
84594900,20
84595100,20
84595900,20
84596100,20
84596900,20
84597000,20
84601200,20
84601900,20
84602200,20
84602300,20
84602400,20
84602900,20
84603100,20
84603900,20
84604011,20
84604019,20
84604091,20
84604099,20
84609019,20
84609090,20
84612010,20
84612090,20
84613010,20
84613090,20
84614091,20
84614099,20
84615010,20
84615020,20
84615090,20
84619010,20
84619090,20
84621100,20
84621900,20
84622200,20
84622300,20
84622400,20
84622500,20
84622600,20
84622900,20
84624200,20
84624900,20
84625100,20
84631010,20
84631090,20
84632010,20
84632099,20
84633000,20
84639010,20
84639090,20
84641000,20
84642010,20
84642029,20
84642090,20
84649019,20
84649090,20
84651000,20
84652000,20
84659110,20
84659120,20
84659190,20
84659211,20
84659219,20
84659290,20
84659310,20
84659390,20
84659400,20
84659511,20
84659512,20
84659591,20
84659592,20
84659600,20
84659900,20
84661000,20
84662010,20
84662090,20
84663000,20
84669100,20
84669200,20
84669319,20
84669320,20
84669330,20
84669340,20
84669350,20
84669360,20
84669410,20
84669420,20
84669490,20
84672993,20
84678100,12.6
84678900,20
84679100,20
84679200,20
84679900,20
84682000,20
84688090,20
84689090,20
84705010,20
84705090,20
84709090,20
84713090,20
84714900,25
84715020,10.8
84715030,18
84715040,25
84715090,20
84716059,12.6
84716061,20
84716062,20
84716080,20
84716090,20
84717010,12.6
84717090,14
84718000,20
84719011,12.6
84719012,12.6
84719013,12.6
84721000,20
84729010,20
84729020,20
84729030,20
84729059,12.6
84729099,20
84732910,12.6
84732990,12.6
84734010,12.6
84734070,20
84734090,12.6
84735010,12.6
84735050,12.6
84735090,20
84741000,20
84742010,20
84742090,20
84743100,20
84743200,20
84743900,20
84748010,20
84748090,20
84749000,20
84752100,20
84752910,20
84752990,20
84759000,20
84762100,20
84762900,20
84768100,20
84768990,20
84769000,20
84771011,20
84771019,20
84771021,20
84771029,20
84771091,20
84771099,20
84772010,20
84772090,20
84773010,20
84773090,20
84774090,20
84775100,20
84775911,20
84775919,20
84775990,20
84778090,20
84779000,20
84781010,20
84781090,20
84789000,20
84792000,20
84793000,20
84794000,20
84795000,0
84796000,20
84797100,20
84797900,20
84798190,20
84798210,20
84798290,20
84798300,20
84798911,20
84798912,20
84798940,20
84798991,20
84798992,20
84798999,20
84799090,20
84801000,20
84802000,20
84803000,20
84804100,20
84804910,20
84804990,20
84805000,20
84806000,20
84807100,20
84807910,20
84807990,20
84818029,20
84818039,20
84818094,20
84818096,20
84851000,20
84853000,20
84858000,20
84859000,20
84861000,20
84863000,20
84864000,20
84869000,20
84871000,20
85013310,20
85013320,20
85013411,20
85013420,20
85015110,20
85015120,20
85015190,20
85015320,20
85015330,20
85016100,20
85016200,20
85016300,20
85016400,20
85017290,20
85018000,20
85021110,20
85021190,20
85021210,20
85021290,20
85021311,20
85021319,20
85021390,20
85022011,20
85022090,20
85024010,20
85024090,20
85030090,20
85042100,20
85042200,20
85042300,20
85043300,20
85043400,20
85049030,20
85049040,20
85086000,20
85087000,20
85109020,20
85141100,20
85141900,20
85142011,20
85142019,20
85142020,20
85143100,20
85143200,20
85143900,20
85144000,20
85149000,20
85151100,20
85151900,20
85152100,20
85152900,20
85153190,20
85153900,20
85158090,20
85159000,20
85171431,20
85171449,20
85176149,20
85176191,20
85176214,20
85176215,12.6
85176221,20
85176229,20
85176234,25
85176239,20
85176265,20
85176277,20
85176278,20
85176291,12.6
85176296,12.6
85176900,20
85177120,20
85241200,12.6
85241900,12.6
85255019,12.6
85255029,12.6
85256010,12.6
85256090,12.6
85258913,20
85284200,20
85284930,20
85286200,20
85299011,12.6
85299012,12.6
85299019,12.6
85299050,12.6
85301010,20
85301090,20
85308010,20
85309000,20
85312000,12.6
85371019,20
85371030,20
85411019,7.2
85411039,7.2
85411099,7.2
85413019,7.2
85413021,7.2
85413029,7.2
85416010,7.2
85416090,7.2
85433090,20
85437013,12.6
85437014,12.6
85437015,12.6
85437019,12.6
85437039,12.6
85437092,12.6
85439090,20
85447030,20
85447090,20
86011000,20
86012000,20
86021000,30
86029000,20
86031000,20
86039000,20
86040090,20
86050010,20
86050090,20
86063000,20
86071120,20
86071200,20
86071919,20
86072100,20
86072900,20
86073000,20
86079100,20
86079900,20
86080011,20
86080012,20
86080090,20
86090000,20
87091100,20
87091900,20
87099000,20
89011000,20
89013000,20
89020010,20
89020090,20
89040000,20
89051000,20
89052000,20
89059000,20
89061000,20
89069000,20
89071000,20
89079000,20
90011019,12.6
90011020,20
90029010,7.2
90058000,20
90059090,20
90063000,20
90071000,20
90072090,20
90079100,20
90079200,20
90101090,20
90109010,20
90111000,20
90118090,20
90119090,20
90129090,20
90131090,20
90132000,20
90139000,20
90141000,20
90148010,20
90148090,20
90149000,20
90151000,20
90152010,20
90152090,20
90153000,20
90158010,20
90159090,20
90160010,20
90160090,20
90181100,20
90181290,20
90181490,20
90181920,20
90181980,20
90181990,20
90182090,20
90184100,20
90185090,20
90189039,20
90189040,12.6
90189050,20
90189091,20
90191000,20
90192010,20
90192020,20
90192030,20
90192040,20
90192090,20
90221319,20
90221411,20
90221419,20
90221991,20
90222110,20
90222190,20
90222990,20
90229010,20
90229020,20
90229080,20
90229091,20
90229099,20
90241010,20
90241020,20
90241090,20
90248019,20
90248029,20
90248090,20
90249000,20
90272029,20
90273020,20
90275010,20
90275020,20
90275030,20
90275040,20
90278912,20
90278913,20
90278914,20
90281011,20
90281019,20
90283011,20
90283021,20
90283031,20
90301090,20
90302029,12.6
90303100,20
90303200,20
90303311,12.6
90303319,12.6
90303329,20
90303390,20
90303910,12.6
90303990,20
90304010,12.6
90304020,12.6
90304030,12.6
90304090,12.6
90308210,12.6
90308290,12.6
90308490,20
90308930,12.6
90308940,12.6
90309010,20
90311000,20
90312010,20
90312090,20
90314100,20
90314990,20
90318012,20
90318020,20
90318030,10
90318060,20
90319010,20
90328930,20
90328984,20
94029010,20
94029020,20
94061010,20
94062000,20
94069010,20
94069020,20